Unnamed: 0,Name,Location,Year,Kilometers_Driven,Fuel_Type,Transmission,Owner_Type,Mileage,Engine,Power,Seats,New_Price,Price,Car_Age,Brand,Kilometers_Per_Year,Is_First_Owner
1,Hyundai Creta 1.6 CRDi SX Option,Pune,2015,41000,Diesel,Manual,First,19.67,1582.0,126.2,5.0,12.5,12.5,11,Hyundai,3417.0,1
2,Honda Jazz V,Chennai,2011,46000,Petrol,Manual,First,20.8,1199.0,88.7,5.0,8.61,4.5,15,Honda,2875.0,1
3,Maruti Ertiga VDI,Chennai,2012,87000,Diesel,Manual,First,20.77,1248.0,88.76,7.0,11.215,6.0,14,Maruti,5800.0,1
4,Audi A4 New 2.0 TDI Multitronic,Coimbatore,2013,40670,Diesel,Automatic,Second,15.2,1968.0,140.8,5.0,17.74,17.74,13,Audi,2905.0,0
6,Nissan Micra Diesel XV,Jaipur,2013,86999,Diesel,Manual,First,23.08,1461.0,63.1,5.0,11.75,3.5,13,Nissan,6214.0,1
7,Toyota Innova Crysta 2.8 GX AT 8S,Mumbai,2016,36000,Diesel,Automatic,First,11.36,2755.0,171.5,8.0,21.0,17.5,10,Toyota,3273.0,1
8,Volkswagen Vento Diesel Comfortline,Pune,2013,64430,Diesel,Manual,First,20.54,1598.0,103.6,5.0,11.75,5.2,13,Volkswagen,4602.0,1
9,Tata Indica Vista Quadrajet LS,Chennai,2012,65932,Diesel,Manual,Second,22.3,1248.0,74.0,5.0,11.75,1.95,14,Tata,4395.0,0
10,Maruti Ciaz Zeta,Kochi,2018,25692,Petrol,Manual,First,21.56,1462.0,103.25,5.0,10.65,9.95,8,Maruti,2855.0,1
11,Honda City 1.5 V AT Sunroof,Kolkata,2012,60000,Petrol,Automatic,First,16.8,1497.0,116.3,5.0,11.75,4.49,14,Honda,4000.0,1
12,Maruti Swift VDI BSIV,Jaipur,2015,64424,Diesel,Manual,First,25.2,1248.0,74.0,5.0,11.75,5.6,11,Maruti,5369.0,1
13,Land Rover Range Rover 2.2L Pure,Delhi,2014,72000,Diesel,Automatic,First,12.7,2179.0,187.7,5.0,27.0,27.0,12,Land,5538.0,1
14,Land Rover Freelander 2 TD4 SE,Pune,2012,85000,Diesel,Automatic,Second,0.0,2179.0,115.0,5.0,17.5,17.5,14,Land,5667.0,0
15,Mitsubishi Pajero Sport 4X4,Delhi,2014,110000,Diesel,Manual,First,13.5,2477.0,175.56,7.0,32.01,15.0,12,Mitsubishi,8462.0,1
16,Honda Amaze S i-Dtech,Kochi,2016,58950,Diesel,Manual,First,25.8,1498.0,98.6,5.0,11.75,5.4,10,Honda,5359.0,1
17,Maruti Swift DDiS VDI,Jaipur,2017,25000,Diesel,Manual,First,28.4,1248.0,74.0,5.0,11.75,5.99,9,Maruti,2500.0,1
18,Renault Duster 85PS Diesel RxL Plus,Kochi,2014,77469,Diesel,Manual,First,20.45,1461.0,83.8,5.0,11.75,6.34,12,Renault,5959.0,1
19,Mercedes-Benz New C-Class C 220 CDI BE Avantgare,Bangalore,2014,78500,Diesel,Automatic,First,14.84,2143.0,167.62,5.0,28.0,28.0,12,Mercedes-Benz,6038.0,1
20,BMW 3 Series 320d,Kochi,2014,32982,Diesel,Automatic,First,22.69,1995.0,190.0,5.0,47.87,18.55,12,BMW,2537.0,1
21,Maruti S Cross DDiS 200 Alpha,Bangalore,2015,55392,Diesel,Manual,Second,23.65,1248.0,88.5,5.0,11.75,8.25,11,Maruti,4616.0,0
22,Audi A6 2011-2015 35 TFSI Technology,Mumbai,2015,55985,Petrol,Automatic,First,13.53,1984.0,177.01,5.0,23.5,23.5,11,Audi,4665.0,1
23,Hyundai i20 1.2 Magna,Kolkata,2010,45807,Petrol,Manual,First,18.5,1197.0,80.0,5.0,11.75,1.87,16,Hyundai,2695.0,1
24,Volkswagen Vento Petrol Highline AT,Kolkata,2010,33000,Petrol,Automatic,First,14.4,1598.0,103.6,5.0,11.75,2.85,16,Volkswagen,1941.0,1
25,Honda City Corporate Edition,Mumbai,2012,51920,Petrol,Manual,First,16.8,1497.0,116.3,5.0,11.75,4.25,14,Honda,3461.0,1
26,Nissan Micra Diesel XV,Hyderabad,2012,54000,Diesel,Manual,First,26.368000000000002,1461.0,63.1,5.0,11.75,4.25,14,Nissan,3600.0,1
27,Maruti Alto K10 2010-2014 VXI,Hyderabad,2013,54000,Petrol,Manual,Second,20.92,998.0,67.1,5.0,11.75,2.75,13,Maruti,3857.0,0
28,Honda WRV i-VTEC VX,Kochi,2018,37430,Petrol,Manual,First,17.5,1199.0,88.7,5.0,10.57,9.9,8,Honda,4159.0,1
29,Toyota Innova 2.5 V Diesel 7-seater,Mumbai,2007,262000,Diesel,Manual,Fourth & Above,12.8,2494.0,102.0,7.0,11.75,4.0,19,Toyota,13100.0,0
30,Renault Duster 110PS Diesel RxZ Pack,Bangalore,2013,62000,Diesel,Manual,First,19.01,1461.0,108.45,5.0,11.75,7.75,13,Renault,4429.0,1
31,Toyota Corolla Altis G,Delhi,2012,87615,Petrol,Manual,First,14.53,1798.0,138.1,5.0,11.75,6.75,14,Toyota,5841.0,1
32,Mahindra Ssangyong Rexton RX7,Bangalore,2013,72000,Diesel,Automatic,Second,11.18,2696.0,184.0,7.0,12.5,12.5,13,Mahindra,5143.0,0
33,Audi A6 2.7 TDI,Kolkata,2010,35000,Diesel,Automatic,First,12.4,2698.0,179.5,5.0,11.75,11.5,16,Audi,2059.0,1
34,Volkswagen Vento 1.6 Highline,Coimbatore,2014,55431,Petrol,Manual,Second,16.09,1598.0,103.5,5.0,12.33,6.98,12,Volkswagen,4264.0,0
35,Maruti Wagon R LXI BSIII,Jaipur,2009,83816,Petrol,Manual,Second,14.0,1061.0,64.0,5.0,11.75,1.85,17,Maruti,4656.0,0
36,Maruti Vitara Brezza ZDi Plus,Kochi,2018,50075,Diesel,Manual,First,24.3,1248.0,88.5,5.0,11.12,8.63,8,Maruti,5564.0,1
37,Mahindra KUV 100 mFALCON G80 K6 5str AW,Delhi,2017,52000,Petrol,Manual,First,18.15,1198.0,82.0,5.0,11.75,4.85,9,Mahindra,5200.0,1
38,Mercedes-Benz M-Class ML 350 CDI,Pune,2013,85000,Diesel,Automatic,First,11.74,2987.0,254.8,5.0,28.0,28.0,13,Mercedes-Benz,6071.0,1
39,Volkswagen Polo Diesel Trendline 1.2L,Chennai,2013,62000,Diesel,Manual,First,22.07,1199.0,73.9,5.0,11.75,5.0,13,Volkswagen,4429.0,1
40,Maruti Alto LXi,Delhi,2008,90000,Petrol,Manual,Second,19.7,796.0,46.3,5.0,11.75,1.25,18,Maruti,4737.0,0
41,Tata Nano LX SE,Kochi,2014,19698,Petrol,Manual,First,25.4,624.0,37.5,4.0,11.75,1.53,12,Tata,1515.0,1
42,Mahindra KUV 100 mFALCON D75 K8 Dual Tone,Coimbatore,2017,22033,Diesel,Manual,First,25.32,1198.0,77.0,6.0,11.75,5.58,9,Mahindra,2203.0,1
43,Hyundai i20 Magna Optional 1.2,Kochi,2014,35487,Petrol,Manual,First,18.5,1197.0,82.9,5.0,11.75,4.74,12,Hyundai,2730.0,1
44,Hyundai Elantra 2.0 SX Option AT,Bangalore,2014,46374,Petrol,Automatic,First,14.62,1999.0,149.92,5.0,23.64,8.85,12,Hyundai,3567.0,1
45,Toyota Corolla Altis G AT,Mumbai,2016,52001,Petrol,Automatic,First,14.28,1798.0,138.03,5.0,11.75,10.11,10,Toyota,4727.0,1
46,Hyundai Elantra CRDi,Ahmedabad,2008,58005,Diesel,Manual,Second,14.9,1991.0,112.2,5.0,11.75,4.25,18,Hyundai,3053.0,0
47,Toyota Innova Crysta 2.7 GX MT,Bangalore,2012,70704,Petrol,Manual,First,11.25,2694.0,163.7,7.0,18.64,10.95,14,Toyota,4714.0,1
48,Hyundai Xcent 1.1 CRDi S,Jaipur,2014,75000,Diesel,Manual,First,24.4,1120.0,71.0,5.0,11.75,3.85,12,Hyundai,5769.0,1
49,Mahindra Thar CRDe AC,Jaipur,2012,75800,Diesel,Manual,Second,16.55,2498.0,105.0,6.0,11.75,5.5,14,Mahindra,5053.0,0
50,Audi A4 2.0 TDI 177 Bhp Premium Plus,Kochi,2015,13648,Diesel,Automatic,First,17.11,1968.0,174.33,5.0,21.43,21.43,11,Audi,1137.0,1
51,Maruti Swift LDI,Delhi,2014,52000,Diesel,Manual,First,22.9,1248.0,74.0,5.0,7.13,4.25,12,Maruti,4000.0,1
52,Maruti Swift Ldi BSIV,Kolkata,2014,53000,Diesel,Manual,First,17.8,1248.0,75.0,5.0,11.75,3.3,12,Maruti,4077.0,1
53,Maruti Swift VDI,Delhi,2013,65650,Diesel,Manual,First,28.4,1248.0,74.0,5.0,7.92,3.85,13,Maruti,4689.0,1
54,Hyundai Grand i10 Sportz,Chennai,2015,54000,Petrol,Manual,Third,18.9,1197.0,82.0,5.0,11.75,3.6,11,Hyundai,4500.0,0
55,Volkswagen Vento 2013-2015 1.6 Comfortline,Kolkata,2015,39000,Petrol,Manual,First,15.04,1598.0,103.2,5.0,11.75,3.99,11,Volkswagen,3250.0,1
56,Renault KWID RXT,Kochi,2017,16542,Petrol,Manual,First,25.17,799.0,53.3,5.0,11.75,3.3,9,Renault,1654.0,1
57,Hyundai i10 Asta,Kolkata,2010,32000,Petrol,Manual,First,20.36,1197.0,78.9,5.0,11.75,2.07,16,Hyundai,1882.0,1
58,Nissan X-Trail SLX AT,Hyderabad,2010,121812,Diesel,Automatic,First,15.184000000000001,1995.0,147.6,5.0,11.75,7.75,16,Nissan,7165.0,1
59,Maruti Zen Estilo VXI BSIII,Hyderabad,2010,39300,Petrol,Manual,First,18.2,998.0,67.1,5.0,11.75,2.25,16,Maruti,2312.0,1
60,Toyota Innova Crysta 2.4 GX MT 8S,Mumbai,2017,22000,Diesel,Manual,First,13.68,2393.0,147.8,8.0,19.34,16.5,9,Toyota,2200.0,1
61,Ford Figo Diesel Titanium,Bangalore,2010,72000,Diesel,Manual,First,20.0,1399.0,68.0,5.0,11.75,2.75,16,Ford,4235.0,1
62,Mercedes-Benz New C-Class C 200 CGI Avantgarde,Delhi,2015,58000,Petrol,Automatic,First,11.74,1796.0,186.0,5.0,26.7,26.7,11,Mercedes-Benz,4833.0,1
63,Mercedes-Benz New C-Class 200 CDI Classic,Pune,2011,65000,Diesel,Manual,Second,15.8,2148.0,170.0,5.0,11.75,10.0,15,Mercedes-Benz,4062.0,0
64,Tata Indica V2 eLS,Chennai,2016,178000,Diesel,Manual,First,25.0,1396.0,69.0,5.0,11.75,2.5,10,Tata,16182.0,1
65,Audi A4 2.0 TDI Multitronic,Jaipur,2012,65664,Diesel,Automatic,First,16.55,1968.0,140.0,5.0,13.5,13.5,14,Audi,4378.0,1
66,Honda City ZX CVT,Mumbai,2007,63000,Petrol,Automatic,Second,16.4,1497.0,78.0,5.0,11.75,1.85,19,Honda,3150.0,0
67,Mercedes-Benz C-Class Progressive C 220d,Coimbatore,2019,15369,Diesel,Automatic,First,0.0,1950.0,194.0,5.0,49.14,35.67,7,Mercedes-Benz,1921.0,1
68,Maruti Ertiga SHVS VDI,Pune,2016,63000,Diesel,Manual,First,24.52,1248.0,88.5,7.0,11.75,8.15,10,Maruti,5727.0,1
69,Hyundai Creta 1.4 E Plus Diesel,Mumbai,2018,13000,Diesel,Manual,First,22.1,1396.0,88.7,5.0,11.81,10.5,8,Hyundai,1444.0,1
70,Porsche Cayenne 2009-2014 Turbo,Mumbai,2008,73000,Petrol,Automatic,First,8.5,4806.0,500.0,5.0,14.5,14.5,18,Porsche,3842.0,1
71,Mahindra XUV500 W8 4WD,Mumbai,2015,55729,Diesel,Manual,First,15.1,2179.0,140.0,7.0,11.75,9.65,11,Mahindra,4644.0,1
72,Hyundai i10 Sportz 1.2 AT,Kochi,2012,45178,Petrol,Automatic,First,16.95,1197.0,78.9,5.0,11.75,3.48,14,Hyundai,3012.0,1
73,Nissan Terrano XV D Pre,Kochi,2015,56066,Diesel,Manual,First,19.64,1461.0,108.5,5.0,16.65,6.92,11,Nissan,4672.0,1
74,Honda Brio VX AT,Coimbatore,2016,37300,Petrol,Automatic,Second,16.5,1198.0,86.8,5.0,11.75,6.46,10,Honda,3391.0,0
75,Audi A6 2.0 TDI Design Edition,Delhi,2014,56000,Diesel,Automatic,Second,18.53,1968.0,187.74,5.0,29.5,29.5,12,Audi,4308.0,0
77,Toyota Innova 2.0 G1,Chennai,2006,230000,Petrol,Manual,Third,12.4,1998.0,132.0,8.0,11.75,4.5,20,Toyota,10952.0,0
78,Toyota Innova 2.5 VX 7 STR BSIV,Hyderabad,2012,104000,Diesel,Manual,First,12.8,2494.0,102.0,7.0,11.75,11.75,14,Toyota,6933.0,1
80,Maruti Swift VDI,Jaipur,2012,95100,Diesel,Manual,First,22.9,1248.0,74.0,5.0,7.92,3.75,14,Maruti,6340.0,1
81,Tata Zest Revotron 1.2T XE,Pune,2017,70000,Petrol,Manual,First,17.57,1193.0,88.7,5.0,6.67,4.5,9,Tata,7000.0,1
82,Honda Amaze SX i-VTEC,Kochi,2016,54944,Petrol,Manual,First,18.0,1198.0,86.7,5.0,11.75,4.82,10,Honda,4995.0,1
83,Ford Figo Diesel ZXI,Hyderabad,2012,70337,Diesel,Manual,First,20.0,1399.0,68.0,5.0,11.75,2.8,14,Ford,4689.0,1
84,Maruti Ritz VDi,Jaipur,2013,99638,Diesel,Manual,First,23.2,1248.0,73.94,5.0,11.75,3.11,13,Maruti,7117.0,1
85,Honda City i VTEC E,Delhi,2009,52000,Petrol,Manual,First,17.8,1497.0,117.3,5.0,11.75,3.25,17,Honda,2889.0,1
86,BMW 5 Series 2003-2012 525d,Delhi,2011,75000,Diesel,Automatic,Second,16.73,1995.0,218.0,5.0,13.9,13.9,15,BMW,4688.0,0
87,Hyundai i10 Sportz 1.2,Pune,2009,95980,Petrol,Manual,First,20.36,1197.0,78.9,5.0,11.75,2.25,17,Hyundai,5332.0,1
88,Hyundai Grand i10 Sportz,Bangalore,2016,16000,Petrol,Manual,First,18.9,1197.0,82.0,5.0,11.75,5.75,10,Hyundai,1455.0,1
90,Honda Amaze SX i-VTEC,Mumbai,2016,18949,Petrol,Manual,First,17.8,1198.0,86.7,5.0,11.75,5.0,10,Honda,1723.0,1
91,Toyota Fortuner 4x2 Manual,Delhi,2014,107000,Diesel,Manual,First,13.0,2982.0,168.5,7.0,16.5,16.5,12,Toyota,8231.0,1
92,Audi A6 2011-2015 35 TDI Premium,Coimbatore,2018,48367,Diesel,Automatic,First,17.68,1968.0,174.33,5.0,39.58,39.58,8,Audi,5374.0,1
93,Ford Ecosport 1.5 DV5 MT Titanium Optional,Delhi,2013,57000,Diesel,Manual,First,22.7,1498.0,89.84,5.0,11.75,5.5,13,Ford,4071.0,1
94,Mahindra XUV500 W8 2WD,Delhi,2014,58000,Diesel,Manual,First,15.1,2179.0,140.0,7.0,11.75,8.1,12,Mahindra,4462.0,1
95,Honda Amaze SX i-DTEC,Kolkata,2015,30000,Diesel,Manual,First,25.8,1498.0,98.6,5.0,11.75,3.5,11,Honda,2500.0,1
96,Volkswagen Polo Diesel Highline 1.2L,Kolkata,2013,34212,Diesel,Manual,First,22.07,1199.0,73.9,5.0,11.75,2.79,13,Volkswagen,2444.0,1
97,Hyundai Verna Transform SX VGT CRDi,Ahmedabad,2010,70002,Diesel,Manual,First,16.2,1493.0,110.0,5.0,11.75,3.45,16,Hyundai,4118.0,1
98,Maruti Wagon R VXI BS IV,Bangalore,2016,62000,Petrol,Manual,First,18.9,998.0,67.1,5.0,11.75,4.45,10,Maruti,5636.0,1
99,Volkswagen Polo Petrol Highline 1.6L,Delhi,2010,62001,Petrol,Manual,First,15.26,1598.0,103.5,5.0,11.75,2.65,16,Volkswagen,3647.0,1
100,Hyundai i20 1.4 CRDi Sportz,Pune,2011,78958,Diesel,Manual,Second,23.0,1396.0,90.0,5.0,11.75,3.8,15,Hyundai,4935.0,0
101,Hyundai i20 Asta 1.2,Mumbai,2014,30180,Petrol,Manual,First,18.5,1197.0,82.85,5.0,11.75,4.65,12,Hyundai,2322.0,1
102,Datsun GO Plus T Petrol,Pune,2017,32851,Petrol,Manual,First,19.83,1198.0,67.0,7.0,6.45,3.95,9,Datsun,3285.0,1
103,Audi A4 3.0 TDI Quattro Premium,Kolkata,2010,30000,Diesel,Automatic,First,14.94,2967.0,241.4,5.0,11.75,9.8,16,Audi,1765.0,1
104,Hyundai i20 2015-2017 Asta,Pune,2009,66000,Petrol,Manual,Second,17.0,1197.0,80.0,5.0,11.75,2.7,17,Hyundai,3667.0,0
105,Maruti Omni 5 Str STD,Coimbatore,2010,93850,Petrol,Manual,First,14.0,796.0,35.0,5.0,11.75,2.41,16,Maruti,5521.0,1
106,Toyota Etios Liva 1.2 G,Ahmedabad,2014,53000,Petrol,Manual,First,17.71,1197.0,78.9,5.0,6.41,3.9,12,Toyota,4077.0,1
107,Jaguar XF 3.0 Litre S Premium Luxury,Hyderabad,2011,78000,Diesel,Automatic,Second,14.74,2993.0,270.9,5.0,24.0,24.0,15,Jaguar,4875.0,0
108,Mahindra XUV500 W8 2WD,Delhi,2012,65000,Diesel,Manual,Second,16.0,2179.0,140.0,7.0,11.75,5.75,14,Mahindra,4333.0,0
109,Hyundai Verna 1.6 SX CRDI (O) AT,Kolkata,2014,40000,Diesel,Automatic,First,22.32,1582.0,126.32,5.0,11.75,5.25,12,Hyundai,3077.0,1
110,Toyota Innova Crysta 2.8 ZX AT,Mumbai,2017,30000,Diesel,Automatic,First,11.36,2755.0,171.5,7.0,27.0,19.25,9,Toyota,3000.0,1
111,Maruti Eeco 5 Seater AC,Coimbatore,2017,38053,Petrol,Manual,First,15.1,1196.0,73.0,5.0,5.13,3.91,9,Maruti,3805.0,1
112,Tata Nano Twist XT,Bangalore,2014,25500,Petrol,Manual,First,25.4,624.0,37.5,4.0,11.75,2.15,12,Tata,1962.0,1
113,BMW 3 Series 320d Luxury Line,Mumbai,2015,56087,Diesel,Automatic,First,22.69,1995.0,190.0,5.0,54.43,20.75,11,BMW,4674.0,1
114,Honda Civic 2006-2010 1.8 V MT,Delhi,2010,71088,Petrol,Manual,First,13.5,1799.0,130.0,5.0,11.75,3.35,16,Honda,4182.0,1
115,Toyota Innova 2.5 VX (Diesel) 7 Seater,Ahmedabad,2014,55000,Diesel,Manual,First,12.99,2494.0,100.6,7.0,11.75,11.11,12,Toyota,4231.0,1
116,Volvo V40 Cross Country D3,Bangalore,2014,32700,Diesel,Automatic,First,23.3,1984.0,150.0,5.0,20.0,20.0,12,Volvo,2515.0,1
117,Nissan Micra XV CVT,Coimbatore,2016,39882,Petrol,Automatic,First,19.15,1198.0,75.94,5.0,9.51,6.55,10,Nissan,3626.0,1
118,BMW 5 Series 2010-2013 525i,Mumbai,2009,128000,Petrol,Automatic,First,10.8,2497.0,215.0,5.0,11.75,7.0,17,BMW,7111.0,1
119,Maruti Vitara Brezza VDi,Mumbai,2016,55000,Diesel,Manual,First,24.3,1248.0,88.5,5.0,9.96,7.5,10,Maruti,5000.0,1
121,Mercedes-Benz B Class B200 CDI,Pune,2014,53753,Diesel,Automatic,Second,15.0,2143.0,107.3,5.0,16.75,16.75,12,Mercedes-Benz,4135.0,0
122,Hyundai Verna CRDi 1.6 SX Option,Kolkata,2018,10250,Diesel,Manual,First,22.0,1582.0,126.2,5.0,14.44,10.95,8,Hyundai,1139.0,1
123,Maruti Wagon R LXI BS IV,Pune,2011,43874,Petrol,Manual,First,18.9,998.0,67.1,5.0,11.75,2.45,15,Maruti,2742.0,1
124,Tata Nano XTA,Coimbatore,2017,32684,Petrol,Automatic,First,21.9,624.0,37.48,4.0,11.75,3.23,9,Tata,3268.0,1
125,Mahindra Scorpio VLX,Kolkata,2014,42000,Diesel,Manual,First,12.05,2179.0,120.0,8.0,11.75,7.75,12,Mahindra,3231.0,1
126,Mercedes-Benz New C-Class 200 K AT,Kolkata,2009,28352,Petrol,Automatic,First,11.7,1796.0,178.0,5.0,11.75,9.35,17,Mercedes-Benz,1575.0,1
128,Honda CR-V 2.4 MT,Bangalore,2007,47700,Petrol,Manual,Second,10.8,2354.0,152.0,5.0,11.75,5.25,19,Honda,2385.0,0
129,Volkswagen Vento 1.5 TDI Comfortline AT,Pune,2015,55000,Diesel,Automatic,First,21.21,1498.0,103.2,5.0,11.75,7.25,11,Volkswagen,4583.0,1
130,Maruti Ciaz VXi Plus,Kochi,2017,44285,Petrol,Manual,First,20.73,1373.0,91.1,5.0,11.75,7.47,9,Maruti,4428.0,1
131,Mahindra XUV500 AT W10 FWD,Jaipur,2016,54000,Diesel,Automatic,First,16.0,2179.0,140.0,7.0,13.25,13.25,10,Mahindra,4909.0,1
132,Maruti Ritz VXI ABS,Coimbatore,2016,30232,Petrol,Manual,First,21.1,1197.0,85.8,5.0,11.75,5.81,10,Maruti,2748.0,1
133,Maruti Alto K10 VXI,Hyderabad,2014,88500,Petrol,Manual,First,24.07,998.0,67.1,5.0,4.53,2.6,12,Maruti,6808.0,1
134,Mercedes-Benz SLC 43 AMG,Kolkata,2017,13372,Petrol,Automatic,First,19.0,2996.0,362.07,2.0,95.04,54.0,9,Mercedes-Benz,1337.0,1
135,Hyundai Verna VTVT 1.6 AT SX Plus,Kochi,2019,12645,Petrol,Automatic,First,17.0,1591.0,121.3,5.0,13.49,11.5,7,Hyundai,1581.0,1
136,Maruti Alto LXi BSIII,Chennai,2010,94385,Petrol,Manual,Second,19.7,796.0,46.3,5.0,11.75,1.6,16,Maruti,5552.0,0
137,BMW 1 Series 118d Base,Coimbatore,2015,31821,Diesel,Automatic,First,20.58,1995.0,143.0,5.0,17.22,17.22,11,BMW,2652.0,1
138,Honda Jazz 1.2 V CVT i VTEC,Mumbai,2015,12000,Petrol,Automatic,First,19.0,1199.0,88.7,5.0,11.75,6.0,11,Honda,1000.0,1
139,Honda Civic 2006-2010 1.8 V MT,Delhi,2012,88578,Petrol,Manual,First,13.5,1799.0,130.0,5.0,11.75,3.95,14,Honda,5905.0,1
140,Mercedes-Benz New C-Class C 220 CDI Avantgarde,Kochi,2014,44965,Diesel,Automatic,First,19.27,2143.0,170.0,5.0,17.95,17.95,12,Mercedes-Benz,3459.0,1
141,Honda Amaze SX i-DTEC,Kolkata,2014,45044,Diesel,Manual,First,25.8,1498.0,98.6,5.0,11.75,3.7,12,Honda,3465.0,1
142,Maruti Swift VVT VXI,Kochi,2016,34204,Petrol,Manual,First,22.0,1197.0,81.8,5.0,11.75,5.43,10,Maruti,3109.0,1
144,Toyota Fortuner 3.0 Diesel,Coimbatore,2012,91235,Diesel,Manual,First,11.5,2982.0,171.0,7.0,13.49,13.49,14,Toyota,6082.0,1
145,Chevrolet Beat LT Option,Pune,2014,38800,Petrol,Manual,First,18.6,1199.0,76.8,5.0,11.75,2.85,12,Chevrolet,2985.0,1
146,Skoda Rapid 1.5 TDI Elegance,Chennai,2013,83000,Diesel,Manual,First,21.14,1498.0,103.52,5.0,11.75,4.75,13,Skoda,5929.0,1
147,Maruti Ciaz 1.4 Alpha,Kochi,2018,41283,Petrol,Manual,First,20.73,1373.0,91.1,5.0,11.75,9.9,8,Maruti,4587.0,1
148,Audi RS5 Coupe,Mumbai,2013,23000,Petrol,Automatic,First,11.05,2894.0,444.0,4.0,128.0,37.0,13,Audi,1643.0,1
149,BMW 3 Series Luxury Line,Mumbai,2014,48000,Diesel,Automatic,First,21.76,1995.0,190.0,5.0,60.88,26.5,12,BMW,3692.0,1
150,Audi A4 2.0 TDI 177 Bhp Premium Plus,Coimbatore,2015,48214,Diesel,Automatic,First,17.11,1968.0,174.33,5.0,23.32,23.32,11,Audi,4018.0,1
151,Maruti Swift VDI,Chennai,2016,35000,Diesel,Manual,First,22.9,1248.0,74.0,5.0,7.92,6.25,10,Maruti,3182.0,1
152,Mercedes-Benz S Class 2005 2013 S 500,Kolkata,2010,35277,Petrol,Automatic,First,7.81,5461.0,362.9,5.0,30.0,30.0,16,Mercedes-Benz,2075.0,1
153,Skoda Rapid 1.5 TDI AT Elegance Plus Black Package,Coimbatore,2016,54620,Diesel,Automatic,First,21.66,1498.0,103.52,5.0,11.75,9.86,10,Skoda,4965.0,1
154,Skoda Superb Elegance 2.0 TDI CR AT,Pune,2012,136997,Diesel,Automatic,First,17.2,1968.0,138.1,5.0,11.75,8.5,14,Skoda,9133.0,1
155,Hyundai EON Magna Plus,Kochi,2019,14322,Petrol,Manual,First,21.1,814.0,55.2,5.0,11.75,4.23,7,Hyundai,1790.0,1
156,Volkswagen Polo Diesel Trendline 1.2L,Jaipur,2012,65634,Diesel,Manual,First,22.07,1199.0,73.9,5.0,11.75,3.5,14,Volkswagen,4376.0,1
157,Datsun GO NXT,Kolkata,2016,6000,Petrol,Manual,First,20.63,1198.0,67.06,5.0,11.75,2.5,10,Datsun,545.0,1
158,Honda Brio S MT,Kolkata,2013,33280,Petrol,Manual,First,19.4,1198.0,86.8,5.0,11.75,2.39,13,Honda,2377.0,1
159,Mercedes-Benz B Class B180,Delhi,2013,29000,Petrol,Automatic,First,14.8,1595.0,120.7,5.0,11.75,11.25,13,Mercedes-Benz,2071.0,1
160,Honda City i DTEC V,Kochi,2015,42831,Diesel,Manual,First,26.0,1498.0,98.6,5.0,11.75,7.11,11,Honda,3569.0,1
161,Toyota Innova 2.5 G (Diesel) 7 Seater,Ahmedabad,2016,90000,Diesel,Manual,First,12.99,2494.0,100.6,7.0,11.75,10.9,10,Toyota,8182.0,1
162,Maruti Swift VXI Optional,Ahmedabad,2017,24005,Petrol,Manual,First,20.4,1197.0,81.8,5.0,11.75,6.2,9,Maruti,2400.0,1
163,Mahindra XUV500 W8 2WD,Mumbai,2012,32792,Diesel,Manual,First,15.1,2179.0,140.0,7.0,11.75,7.9,14,Mahindra,2186.0,1
164,Ford Ecosport 1.5 DV5 MT Ambiente,Kochi,2014,147898,Diesel,Manual,First,22.7,1498.0,89.84,5.0,11.75,4.42,12,Ford,11377.0,1
165,Toyota Fortuner 4x2 Manual,Mumbai,2012,131765,Diesel,Manual,First,13.0,2982.0,168.5,7.0,13.5,13.5,14,Toyota,8784.0,1
166,Volkswagen Vento 1.5 Highline Plus AT 16 Alloy,Chennai,2013,65000,Diesel,Automatic,First,21.5,1498.0,108.5,5.0,11.75,6.25,13,Volkswagen,4643.0,1
167,Ford Figo Diesel Titanium,Jaipur,2010,66123,Diesel,Manual,Second,20.0,1399.0,68.0,5.0,11.75,2.1,16,Ford,3890.0,0
168,BMW X5 xDrive 30d,Mumbai,2015,41000,Diesel,Automatic,First,15.3,2993.0,258.0,5.0,45.0,45.0,11,BMW,3417.0,1
169,Mercedes-Benz New C-Class C 220 CDI Style,Coimbatore,2017,23550,Diesel,Automatic,First,19.27,2143.0,167.62,5.0,33.66,33.66,9,Mercedes-Benz,2355.0,1
170,Honda Brio V MT,Bangalore,2012,45000,Petrol,Manual,Second,19.4,1198.0,86.8,5.0,11.75,3.65,14,Honda,3000.0,0
171,Hyundai i10 Magna 1.2,Delhi,2013,60000,Petrol,Manual,First,20.36,1197.0,78.9,5.0,11.75,2.75,13,Hyundai,4286.0,1
172,Mercedes-Benz GLC 220,Bangalore,2016,44414,Diesel,Automatic,First,17.9,2143.0,170.0,5.0,42.5,42.5,10,Mercedes-Benz,4038.0,1
173,Hyundai Grand i10 1.2 Kappa Asta,Kolkata,2019,1000,Petrol,Manual,First,18.9,1197.0,81.86,5.0,7.39,6.5,7,Hyundai,125.0,1
174,Audi A6 2011-2015 2.0 TDI Premium Plus,Mumbai,2012,62500,Diesel,Automatic,Second,17.68,1968.0,174.33,5.0,19.0,19.0,14,Audi,4167.0,0
175,Volkswagen Vento Petrol Highline AT,Mumbai,2013,21000,Petrol,Automatic,Second,14.4,1598.0,103.6,5.0,11.75,4.45,13,Volkswagen,1500.0,0
176,Mini Countryman Cooper D,Jaipur,2017,8525,Diesel,Automatic,Second,16.6,1998.0,112.0,5.0,23.0,23.0,9,Mini,852.0,0
177,Hyundai i20 Asta 1.4 CRDi,Bangalore,2014,29000,Diesel,Manual,First,22.54,1396.0,88.73,5.0,11.75,8.35,12,Hyundai,2231.0,1
178,Audi A6 2011-2015 2.0 TDI Premium Plus,Mumbai,2014,40000,Diesel,Automatic,First,17.68,1968.0,174.33,5.0,22.95,22.95,12,Audi,3077.0,1
179,Chevrolet Beat Diesel LT,Jaipur,2012,88000,Diesel,Manual,First,25.44,936.0,57.6,5.0,11.75,1.5,14,Chevrolet,5867.0,1
180,Skoda Superb Elegance 1.8 TSI AT,Kochi,2012,53537,Petrol,Automatic,First,13.7,1798.0,157.75,5.0,11.75,6.89,14,Skoda,3569.0,1
181,Ford Fiesta 1.4 TDCi EXI Limited Edition,Chennai,2006,216000,Diesel,Manual,Second,17.8,1399.0,68.0,5.0,11.75,1.45,20,Ford,10286.0,0
182,BMW 5 Series 520d Luxury Line,Hyderabad,2014,51000,Diesel,Automatic,First,22.48,1995.0,190.0,5.0,69.47,33.5,12,BMW,3923.0,1
183,Chevrolet Optra Magnum 1.6 LS BS3,Jaipur,2007,118500,Petrol,Manual,First,12.9,1598.0,102.5,5.0,11.75,1.25,19,Chevrolet,5925.0,1
184,Volkswagen Polo Diesel Highline 1.2L,Hyderabad,2012,63000,Diesel,Manual,First,22.07,1199.0,73.9,5.0,11.75,4.2,14,Volkswagen,4200.0,1
185,Renault Lodgy 110PS RxZ 8 Seater,Mumbai,2015,25000,Diesel,Manual,First,19.98,1461.0,108.5,8.0,11.75,6.75,11,Renault,2083.0,1
186,Mercedes-Benz E-Class E250 CDI Avantgrade,Bangalore,2014,37382,Diesel,Automatic,First,13.0,2143.0,201.1,5.0,32.0,32.0,12,Mercedes-Benz,2876.0,1
187,Maruti Baleno Alpha,Kochi,2017,24773,Petrol,Manual,First,21.4,1197.0,83.1,5.0,8.78,7.5,9,Maruti,2477.0,1
188,Hyundai Verna 1.6 SX,Delhi,2012,62000,Diesel,Manual,First,22.32,1582.0,126.32,5.0,11.75,4.6,14,Hyundai,4133.0,1
189,Hyundai i10 Magna 1.1,Kochi,2017,52340,Petrol,Manual,First,19.81,1086.0,68.05,5.0,11.75,4.04,9,Hyundai,5234.0,1
190,Mahindra Scorpio 1.99 S10 4WD,Kochi,2016,56739,Diesel,Manual,First,15.4,1997.0,120.0,7.0,11.75,10.31,10,Mahindra,5158.0,1
191,Land Rover Range Rover 2.2L Dynamic,Coimbatore,2018,36091,Diesel,Automatic,First,12.7,2179.0,187.7,5.0,55.76,55.76,8,Land,4010.0,1
192,Ford Figo Diesel ZXI,Chennai,2010,120000,Diesel,Manual,First,20.0,1399.0,68.0,5.0,11.75,2.6,16,Ford,7059.0,1
193,Maruti Ertiga ZDI,Mumbai,2016,33000,Diesel,Manual,First,25.47,1248.0,88.5,7.0,12.74,8.5,10,Maruti,3000.0,1
194,Honda City 1.5 GXI,Ahmedabad,2007,60006,Petrol,Manual,First,0.0,1497.0,98.6,5.0,11.75,2.95,19,Honda,3000.0,1
195,Honda Amaze S i-Dtech,Kolkata,2014,52000,Diesel,Manual,First,25.8,1498.0,98.6,5.0,11.75,3.5,12,Honda,4000.0,1
196,Hyundai i10 Magna,Jaipur,2015,43571,Petrol,Manual,First,20.36,1197.0,78.9,5.0,11.75,3.55,11,Hyundai,3631.0,1
197,Honda Amaze S i-Dtech,Kolkata,2013,50000,Diesel,Manual,First,25.8,1498.0,98.6,5.0,11.75,3.25,13,Honda,3571.0,1
198,Skoda Laura Ambiente,Hyderabad,2008,113000,Diesel,Manual,First,17.5,1896.0,106.0,5.0,11.75,4.5,18,Skoda,5947.0,1
199,Renault Duster 85PS Diesel RxL,Delhi,2014,90000,Diesel,Manual,First,19.87,1461.0,83.8,5.0,11.75,5.35,12,Renault,6923.0,1
200,Mahindra NuvoSport N6,Chennai,2017,29000,Diesel,Manual,Second,17.45,1493.0,100.0,7.0,10.52,6.5,9,Mahindra,2900.0,0
201,Maruti Vitara Brezza ZDi Plus Dual Tone,Mumbai,2016,20000,Diesel,Manual,First,24.3,1248.0,88.5,5.0,11.98,9.0,10,Maruti,1818.0,1
202,Hyundai i20 Asta Option 1.2,Kochi,2016,61012,Petrol,Manual,First,18.6,1197.0,81.83,5.0,11.75,6.0,10,Hyundai,5547.0,1
203,Skoda Fabia 1.4 MPI Ambiente,Jaipur,2009,87459,Petrol,Manual,First,14.7,1390.0,85.0,5.0,11.75,2.75,17,Skoda,4859.0,1
204,Tata Indigo eCS GLX,Pune,2010,70500,Petrol,Manual,First,15.64,1193.0,64.1,5.0,11.75,1.5,16,Tata,4147.0,1
205,Audi Q3 2012-2015 35 TDI Quattro Premium Plus,Delhi,2015,64103,Diesel,Automatic,First,15.73,1968.0,174.33,5.0,19.9,19.9,11,Audi,5342.0,1
206,Skoda Octavia Elegance 1.8 TSI AT,Mumbai,2014,76000,Petrol,Automatic,First,14.7,1798.0,177.5,5.0,11.75,10.0,12,Skoda,5846.0,1
207,Toyota Etios Liva GD SP,Delhi,2014,104000,Diesel,Manual,First,23.59,1364.0,67.06,5.0,11.75,3.0,12,Toyota,8000.0,1
208,Maruti Swift 1.3 VXi,Kolkata,2010,42001,Petrol,Manual,First,16.1,1497.0,98.6,5.0,11.75,2.11,16,Maruti,2471.0,1
209,Mercedes-Benz B Class B180,Kochi,2014,37245,Petrol,Automatic,First,14.8,1595.0,120.7,5.0,11.96,11.96,12,Mercedes-Benz,2865.0,1
210,Honda Amaze S Diesel,Kolkata,2013,45000,Diesel,Manual,First,27.4,1498.0,98.6,5.0,8.54,3.25,13,Honda,3214.0,1
211,Hyundai Verna 1.6 SX,Jaipur,2012,117837,Diesel,Manual,Second,22.32,1582.0,126.32,5.0,11.75,4.75,14,Hyundai,7856.0,0
212,Renault Duster 85PS Diesel RxL Optional,Mumbai,2014,30000,Diesel,Manual,First,20.46,1461.0,83.8,5.0,11.75,5.95,12,Renault,2308.0,1
213,Hyundai Creta 1.6 VTVT S,Delhi,2015,27057,Petrol,Manual,Second,15.29,1591.0,121.3,5.0,11.75,8.15,11,Hyundai,2255.0,0
214,Maruti Wagon R AMT VXI,Mumbai,2016,8500,Petrol,Automatic,First,20.51,998.0,67.0,5.0,11.75,4.22,10,Maruti,773.0,1
215,Mercedes-Benz New C-Class C250 Avantgarde,Kolkata,2010,30500,Petrol,Automatic,First,11.74,1796.0,186.0,5.0,11.75,10.5,16,Mercedes-Benz,1794.0,1
216,Audi A8 L 3.0 TDI quattro,Delhi,2012,56000,Diesel,Automatic,First,11.8,2967.0,246.7,5.0,45.0,45.0,14,Audi,3733.0,1
217,Hyundai i10 Magna 1.1,Pune,2012,44000,Petrol,Manual,Second,19.81,1086.0,68.05,5.0,11.75,2.9,14,Hyundai,2933.0,0
218,Skoda Rapid 1.6 MPI AT Style Black Package,Mumbai,2017,10500,Petrol,Automatic,First,14.3,1598.0,103.52,5.0,11.75,8.9,9,Skoda,1050.0,1
219,Skoda Superb Style 1.8 TSI AT,Hyderabad,2017,26000,Petrol,Automatic,First,14.67,1798.0,177.46,5.0,33.58,26.0,9,Skoda,2600.0,1
220,Hyundai i20 Active 1.2 SX,Coimbatore,2018,25166,Petrol,Manual,First,17.19,1197.0,81.86,5.0,11.75,8.22,8,Hyundai,2796.0,1
221,Honda Amaze VX i-DTEC,Kolkata,2014,64000,Diesel,Manual,Second,25.8,1498.0,98.6,5.0,11.75,3.5,12,Honda,4923.0,0
222,Maruti Wagon R LXI,Chennai,2004,61000,Petrol,Manual,Second,18.9,998.0,67.1,5.0,4.890000000000001,1.25,22,Maruti,2652.0,0
223,Mahindra Verito 1.5 D4 BSIV,Hyderabad,2013,107000,Diesel,Manual,First,21.03,1461.0,65.0,5.0,9.12,3.7,13,Mahindra,7643.0,1
224,Mercedes-Benz New C-Class C 220d Avantgarde Edition C,Coimbatore,2018,29161,Diesel,Automatic,First,19.27,2143.0,167.62,5.0,39.41,39.41,8,Mercedes-Benz,3240.0,1
225,Maruti Wagon R VXI,Kolkata,2013,32000,Petrol,Manual,First,22.5,998.0,67.04,5.0,5.29,2.65,13,Maruti,2286.0,1
226,Nissan Terrano XV Premium 110 PS Anniversary Edition,Coimbatore,2015,46173,Diesel,Manual,Second,19.01,1461.0,108.5,5.0,11.75,8.92,11,Nissan,3848.0,0
228,Mini Cooper Convertible S,Kochi,2017,26327,Petrol,Automatic,First,16.82,1998.0,189.08,4.0,44.28,35.67,9,Mini,2633.0,1
229,Ford Figo Diesel,Bangalore,2015,70436,Diesel,Manual,First,0.0,1498.0,99.0,5.0,11.75,3.6,11,Ford,5870.0,1
230,Tata Indica V2 DLS BSII,Jaipur,2007,200000,Diesel,Manual,Second,17.2,1396.0,53.5,5.0,11.75,0.85,19,Tata,10000.0,0
231,Chevrolet Beat LT,Kochi,2016,60813,Petrol,Manual,Second,18.6,1199.0,76.8,5.0,11.75,3.32,10,Chevrolet,5528.0,0
232,Volkswagen Polo Diesel Comfortline 1.2L,Mumbai,2012,45000,Diesel,Manual,First,22.07,1199.0,73.9,5.0,11.75,3.6,14,Volkswagen,3000.0,1
233,Maruti Swift ZDi,Hyderabad,2016,64000,Diesel,Manual,First,22.9,1248.0,74.0,5.0,11.75,6.8,10,Maruti,5818.0,1
234,Ford Figo Diesel EXI,Kolkata,2012,41284,Diesel,Manual,First,20.0,1399.0,68.05,5.0,11.75,2.5,14,Ford,2752.0,1
235,Toyota Innova Crysta 2.8 GX AT,Kochi,2019,14165,Diesel,Automatic,First,11.36,2755.0,171.5,7.0,20.74,19.64,7,Toyota,1771.0,1
236,Hyundai Santa Fe 4x4 AT,Mumbai,2011,67000,Diesel,Automatic,Second,11.72,2199.0,194.3,7.0,11.75,7.0,15,Hyundai,4188.0,0
237,Honda City i-VTEC V,Kolkata,2011,32572,Petrol,Manual,First,17.4,1497.0,117.3,5.0,11.74,3.87,15,Honda,2036.0,1
238,Hyundai i20 1.2 Magna Executive,Kochi,2018,14960,Petrol,Manual,First,18.6,1197.0,81.83,5.0,11.75,6.27,8,Hyundai,1662.0,1
239,Mercedes-Benz New C-Class C 220d Avantgarde Edition C,Kochi,2015,55980,Diesel,Automatic,First,19.27,2143.0,167.62,5.0,18.12,18.12,11,Mercedes-Benz,4665.0,1
240,Chevrolet Beat Diesel LT,Mumbai,2013,74000,Diesel,Manual,First,25.44,936.0,57.6,5.0,11.75,2.65,13,Chevrolet,5286.0,1
241,Hyundai i20 Sportz 1.4 CRDi,Kochi,2015,56847,Diesel,Manual,First,22.54,1396.0,88.73,5.0,11.75,7.2,11,Hyundai,4737.0,1
242,Toyota Innova 2.5 Z Diesel 7 Seater,Coimbatore,2015,121374,Diesel,Manual,First,12.99,2494.0,100.6,7.0,14.3,14.3,11,Toyota,10114.0,1
243,Maruti Ertiga VDI,Chennai,2013,52000,Diesel,Manual,First,20.77,1248.0,88.76,7.0,11.215,6.9,13,Maruti,3714.0,1
244,Toyota Innova 2.5 V Diesel 7-seater,Mumbai,2014,118000,Diesel,Manual,First,12.8,2494.0,102.0,7.0,11.75,10.75,12,Toyota,9077.0,1
246,Honda City i VTEC V,Kochi,2016,33915,Petrol,Manual,First,17.8,1497.0,117.3,5.0,11.75,8.09,10,Honda,3083.0,1
247,BMW X1 sDrive20d,Ahmedabad,2014,82002,Diesel,Automatic,First,17.05,1995.0,184.0,5.0,18.5,18.5,12,BMW,6308.0,1
248,Hyundai Grand i10 CRDi Era,Mumbai,2017,33000,Diesel,Manual,First,24.0,1120.0,70.0,5.0,11.75,4.75,9,Hyundai,3300.0,1
249,Maruti Ciaz 1.3 Alpha,Chennai,2016,34000,Diesel,Manual,First,28.09,1248.0,88.5,5.0,11.75,8.45,10,Maruti,3091.0,1
250,Skoda Rapid Leisure 1.6 TDI MT,Kolkata,2012,55000,Diesel,Manual,First,20.5,1598.0,103.6,5.0,11.75,3.5,14,Skoda,3667.0,1
251,Hyundai Accent CRDi,Kochi,2006,160538,Diesel,Manual,First,13.1,1493.0,82.0,5.0,11.75,1.8,20,Hyundai,7645.0,1
252,Volkswagen Polo GT 1.5 TDI,Jaipur,2014,60000,Diesel,Manual,Second,19.91,1498.0,103.6,5.0,11.75,3.7,12,Volkswagen,4615.0,0
253,Honda Jazz 1.2 VX i VTEC,Coimbatore,2017,49575,Petrol,Manual,First,18.7,1199.0,88.7,5.0,11.75,7.17,9,Honda,4958.0,1
254,Hyundai i10 Era,Jaipur,2010,83000,Petrol,Manual,First,19.81,1086.0,68.05,5.0,11.75,1.75,16,Hyundai,4882.0,1
255,Hyundai Tucson 2.0 e-VGT 2WD AT GLS,Kochi,2018,51346,Diesel,Automatic,First,16.38,1995.0,183.0,5.0,21.99,21.99,8,Hyundai,5705.0,1
256,Toyota Innova Crysta 2.4 ZX MT,Pune,2017,43000,Diesel,Manual,First,13.68,2393.0,147.8,7.0,25.52,18.65,9,Toyota,4300.0,1
257,Maruti Omni MPI CARGO BSIII W/ IMMOBILISER,Jaipur,2011,35000,Petrol,Manual,Third,19.7,796.0,35.0,5.0,11.75,1.85,15,Maruti,2188.0,0
258,Maruti Swift VXI BSIV,Coimbatore,2017,27872,Petrol,Manual,Second,20.4,1197.0,81.8,5.0,11.75,5.95,9,Maruti,2787.0,0
259,Hyundai Grand i10 Magna,Mumbai,2014,16514,Petrol,Manual,First,18.9,1197.0,82.0,5.0,11.75,3.75,12,Hyundai,1270.0,1
260,Maruti Swift VDI,Pune,2012,120000,Diesel,Manual,First,22.9,1248.0,74.0,5.0,7.92,3.75,14,Maruti,8000.0,1
261,Hyundai Verna CRDi 1.6 SX,Hyderabad,2008,143275,Diesel,Manual,First,22.0,1582.0,126.2,5.0,14.07,2.6,18,Hyundai,7541.0,1
263,Hyundai i20 1.2 Sportz,Mumbai,2010,52000,Petrol,Manual,First,17.0,1197.0,80.0,5.0,11.75,2.8,16,Hyundai,3059.0,1
264,Mercedes-Benz GLE 350d,Coimbatore,2017,29819,Diesel,Automatic,First,11.57,2987.0,254.79,5.0,95.13,61.29,9,Mercedes-Benz,2982.0,1
265,Mercedes-Benz New C-Class C 220 CDI CLASSIC,Bangalore,2014,57000,Diesel,Manual,Second,15.8,2148.0,170.0,5.0,18.0,18.0,12,Mercedes-Benz,4385.0,0
266,Maruti Ritz ZDi,Hyderabad,2014,88500,Diesel,Manual,First,23.2,1248.0,73.94,5.0,11.75,4.35,12,Maruti,6808.0,1
267,Hyundai Creta 1.6 CRDi SX,Bangalore,2016,28000,Diesel,Manual,First,19.67,1582.0,126.2,5.0,13.75,13.75,10,Hyundai,2545.0,1
268,Maruti A-Star Vxi,Pune,2010,67000,Petrol,Manual,First,19.0,998.0,66.1,5.0,11.75,2.0,16,Maruti,3941.0,1
269,Renault Duster 110PS Diesel RXZ Option,Delhi,2016,26000,Diesel,Manual,First,19.64,1461.0,108.45,5.0,11.75,10.0,10,Renault,2364.0,1
270,Fiat Grande Punto 1.3 Emotion Pack (Diesel),Delhi,2010,120000,Diesel,Manual,First,17.8,1248.0,76.0,5.0,11.75,1.65,16,Fiat,7059.0,1
271,BMW X3 xDrive30d M Sport,Coimbatore,2017,51982,Diesel,Automatic,First,16.55,2993.0,258.0,5.0,45.77,45.77,9,BMW,5198.0,1
272,Hyundai i10 Sportz,Bangalore,2010,36000,Petrol,Manual,Second,20.36,1197.0,78.9,5.0,11.75,3.25,16,Hyundai,2118.0,0
273,Toyota Innova 2.5 G4 Diesel 7-seater,Pune,2016,47000,Diesel,Manual,First,12.8,2494.0,102.0,7.0,12.8,12.8,10,Toyota,4273.0,1
274,Maruti Zen VXI BSII,Mumbai,2002,60000,Petrol,Manual,Third,17.3,993.0,60.0,5.0,11.75,0.55,24,Maruti,2400.0,0
275,Maruti Swift VDI,Hyderabad,2018,31025,Diesel,Manual,First,28.4,1248.0,74.0,5.0,7.92,7.15,8,Maruti,3447.0,1
276,Mahindra Scorpio VLX 2.2 mHawk Airbag BSIV,Pune,2013,105000,Diesel,Manual,Second,12.05,2179.0,120.0,8.0,11.75,7.0,13,Mahindra,7500.0,0
277,Tata Zest Quadrajet 1.3 75PS XE,Pune,2017,121900,Diesel,Manual,First,22.95,1248.0,74.0,5.0,8.34,3.75,9,Tata,12190.0,1
278,Ford EcoSport 1.0 Ecoboost Titanium Plus,Mumbai,2017,22695,Petrol,Manual,First,18.88,999.0,123.24,5.0,11.75,8.5,9,Ford,2270.0,1
279,Maruti Swift Dzire ZDI,Jaipur,2012,73000,Diesel,Manual,First,23.4,1248.0,74.0,5.0,11.75,4.35,14,Maruti,4867.0,1
280,Maruti Alto 800 LXI,Kochi,2016,32227,Petrol,Manual,First,22.74,796.0,47.3,5.0,11.75,3.26,10,Maruti,2930.0,1
281,Honda City 1.5 S MT,Jaipur,2011,55000,Petrol,Manual,First,17.0,1497.0,118.0,5.0,11.75,4.21,15,Honda,3438.0,1
282,Audi Q7 3.0 TDI Quattro Technology,Kochi,2018,11287,Diesel,Automatic,First,12.07,2967.0,241.4,7.0,70.36,70.36,8,Audi,1254.0,1
283,Skoda Laura 1.9 TDI AT Ambiente,Mumbai,2009,48000,Diesel,Automatic,Second,17.0,1896.0,105.0,5.0,11.75,2.95,17,Skoda,2667.0,0
284,Hyundai Verna 1.6 SX VTVT (O),Kochi,2012,54308,Petrol,Manual,First,17.1,1591.0,121.3,5.0,11.75,4.28,14,Hyundai,3621.0,1
285,Honda City 1.5 V AT,Jaipur,2009,78442,Petrol,Automatic,First,16.8,1497.0,118.0,5.0,11.75,3.57,17,Honda,4358.0,1
286,Hyundai i20 Magna Optional 1.4 CRDi,Kolkata,2013,46000,Diesel,Manual,First,21.9,1396.0,88.8,5.0,11.75,3.11,13,Hyundai,3286.0,1
287,Hyundai i20 Sportz AT 1.4,Coimbatore,2014,45051,Petrol,Automatic,First,15.0,1396.0,98.6,5.0,11.75,5.96,12,Hyundai,3465.0,1
288,Volkswagen Vento Diesel Highline,Hyderabad,2011,69000,Diesel,Manual,First,20.54,1598.0,103.6,5.0,11.75,4.7,15,Volkswagen,4312.0,1
289,Honda City i VTEC VX,Ahmedabad,2014,49000,Petrol,Manual,First,17.4,1497.0,117.3,5.0,11.75,6.9,12,Honda,3769.0,1
290,Tata Zest Quadrajet 1.3 75PS XE,Pune,2018,45000,Diesel,Manual,First,22.95,1248.0,74.0,5.0,8.34,5.25,8,Tata,5000.0,1
291,BMW 5 Series 2003-2012 520d,Pune,2015,64000,Diesel,Automatic,First,18.48,1995.0,177.0,5.0,28.0,28.0,11,BMW,5333.0,1
292,Maruti Wagon R LXI Minor,Delhi,2009,60000,Petrol,Manual,First,18.9,1061.0,67.0,5.0,11.75,1.35,17,Maruti,3333.0,1
293,Honda Jazz VX,Delhi,2015,62178,Petrol,Manual,First,18.2,1199.0,88.7,5.0,8.85,4.85,11,Honda,5182.0,1
294,Volkswagen Jetta 2007-2011 2.0 TDI Comfortline,Coimbatore,2012,58006,Diesel,Manual,First,15.0,1896.0,105.0,5.0,11.75,6.7,14,Volkswagen,3867.0,1
295,Hyundai i10 Magna 1.2,Hyderabad,2010,74000,Petrol,Manual,First,20.36,1197.0,78.9,5.0,11.75,3.1,16,Hyundai,4353.0,1
296,Mercedes-Benz New C-Class C 220 CDI Avantgarde,Kochi,2015,77771,Diesel,Automatic,First,19.27,2143.0,170.0,5.0,18.64,18.64,11,Mercedes-Benz,6481.0,1
297,Hyundai i10 Magna 1.2 iTech SE,Pune,2012,45275,Petrol,Manual,First,20.36,1197.0,78.9,5.0,11.75,2.8,14,Hyundai,3018.0,1
298,Toyota Innova Crysta 2.4 ZX MT,Chennai,2016,48000,Diesel,Manual,First,13.68,2393.0,147.8,7.0,25.4,20.25,10,Toyota,4364.0,1
299,Audi A6 2011-2015 2.0 TDI Technology,Kochi,2015,31652,Diesel,Automatic,First,17.68,1968.0,174.33,5.0,26.78,26.78,11,Audi,2638.0,1
300,Toyota Innova 2.5 VX (Diesel) 7 Seater,Hyderabad,2010,109000,Diesel,Manual,Second,12.99,2494.0,100.6,7.0,11.75,8.26,16,Toyota,6412.0,0
301,Volkswagen Polo Petrol Trendline 1.2L,Mumbai,2015,31978,Petrol,Manual,First,16.47,1198.0,73.9,5.0,11.75,3.89,11,Volkswagen,2665.0,1
302,Maruti Alto K10 LXI,Hyderabad,2011,70000,Petrol,Manual,First,20.92,998.0,67.1,5.0,3.91,2.1,15,Maruti,4375.0,1
303,Honda City i-VTEC CVT ZX,Mumbai,2017,15000,Petrol,Automatic,First,18.0,1497.0,117.3,5.0,16.67,12.69,9,Honda,1500.0,1
304,Tata Indigo LX,Coimbatore,2013,59138,Diesel,Manual,First,17.0,1405.0,70.0,5.0,11.75,2.58,13,Tata,4224.0,1
305,Audi A6 2011-2015 2.0 TDI Premium Plus,Kochi,2014,61726,Diesel,Automatic,First,17.68,1968.0,174.33,5.0,20.77,20.77,12,Audi,4748.0,1
306,Mercedes-Benz GLA Class 200 CDI SPORT,Delhi,2015,48000,Diesel,Automatic,First,17.9,2143.0,136.0,5.0,20.26,20.26,11,Mercedes-Benz,4000.0,1
309,Maruti Celerio VXI AT,Hyderabad,2014,77815,Petrol,Automatic,First,23.1,998.0,67.04,5.0,11.75,4.25,12,Maruti,5986.0,1
310,Mercedes-Benz GLE 250d,Hyderabad,2017,29000,Diesel,Automatic,First,17.9,2143.0,201.15,5.0,79.43,57.0,9,Mercedes-Benz,2900.0,1
311,Land Rover Range Rover HSE Dynamic,Delhi,2017,44000,Diesel,Automatic,First,12.7,2179.0,187.7,5.0,44.0,44.0,9,Land,4400.0,1
312,Volkswagen Vento Diesel Trendline,Hyderabad,2011,108626,Diesel,Manual,First,20.54,1598.0,103.6,5.0,11.75,3.65,15,Volkswagen,6789.0,1
313,Maruti Omni 8 Seater BSIV,Hyderabad,2012,71791,Petrol,Manual,First,14.0,796.0,35.0,5.0,11.75,2.05,14,Maruti,4786.0,1
314,Honda Brio 1.2 VX MT,Kochi,2012,91931,Petrol,Manual,First,18.5,1198.0,86.8,5.0,6.62,3.13,14,Honda,6129.0,1
315,Tata Sumo Delux,Hyderabad,2000,158000,Diesel,Manual,Second,14.07,2956.0,83.1,7.0,11.75,1.5,26,Tata,5852.0,0
316,Tata Indica Vista Aura 1.3 Quadrajet,Pune,2012,91183,Diesel,Manual,First,18.0,1248.0,75.0,5.0,11.75,2.85,14,Tata,6079.0,1
317,Maruti Wagon R LXI BS IV,Delhi,2012,65000,Petrol,Manual,First,18.9,998.0,67.1,5.0,11.75,2.65,14,Maruti,4333.0,1
318,Mahindra XUV500 W8 4WD,Hyderabad,2015,88428,Diesel,Manual,First,16.0,2179.0,140.0,7.0,11.75,10.6,11,Mahindra,7369.0,1
319,Tata Indigo LS Dicor,Pune,2008,138000,Diesel,Manual,Second,17.1,1396.0,70.0,5.0,11.75,1.25,18,Tata,7263.0,0
320,Maruti Ertiga Paseo VXI,Mumbai,2018,18000,Petrol,Manual,First,16.02,1373.0,93.7,7.0,11.75,8.25,8,Maruti,2000.0,1
321,Honda Accord 2.4 A/T,Mumbai,2011,60000,Petrol,Automatic,First,11.7,2354.0,177.6,5.0,11.75,4.45,15,Honda,3750.0,1
322,Maruti Swift Dzire VDi,Kolkata,2012,48000,Diesel,Manual,First,19.3,1248.0,73.9,5.0,11.75,3.7,14,Maruti,3200.0,1
323,Ford Fiesta EXi 1.4 TDCi Ltd,Hyderabad,2009,160000,Diesel,Manual,First,17.8,1399.0,68.0,5.0,11.75,2.8,17,Ford,8889.0,1
324,Honda City ZX GXi,Kolkata,2008,40000,Petrol,Manual,First,17.7,1497.0,78.0,5.0,11.75,1.8,18,Honda,2105.0,1
325,Audi A6 2011-2015 2.0 TDI Premium Plus,Kochi,2014,51495,Diesel,Automatic,First,17.68,1968.0,174.33,5.0,21.95,21.95,12,Audi,3961.0,1
326,BMW 6 Series 640d Gran Coupe,Mumbai,2011,30000,Diesel,Automatic,First,9.52,2993.0,313.0,4.0,49.0,49.0,15,BMW,1875.0,1
327,Audi Q7 45 TDI Quattro Technology,Coimbatore,2017,97430,Diesel,Automatic,First,14.75,2967.0,245.0,7.0,104.0,62.67,9,Audi,9743.0,1
329,Hyundai i20 1.4 CRDi Asta,Pune,2012,83000,Diesel,Manual,First,23.0,1396.0,90.0,5.0,11.75,5.5,14,Hyundai,5533.0,1
330,Hyundai i10 Sportz AT,Bangalore,2009,37000,Petrol,Automatic,Third,16.95,1197.0,78.9,5.0,11.75,2.95,17,Hyundai,2056.0,0
331,Honda Jazz 1.2 V CVT i VTEC,Kochi,2016,28503,Petrol,Automatic,First,19.0,1199.0,88.7,5.0,11.75,6.86,10,Honda,2591.0,1
332,Maruti Swift VDI BSIV,Hyderabad,2015,76496,Diesel,Manual,First,25.2,1248.0,74.0,5.0,11.75,6.15,11,Maruti,6375.0,1
333,Hyundai i20 Asta 1.2,Pune,2011,79152,Petrol,Manual,Second,18.5,1197.0,82.85,5.0,11.75,3.3,15,Hyundai,4947.0,0
334,Volkswagen Polo Petrol Comfortline 1.2L,Kolkata,2011,32000,Petrol,Manual,First,16.47,1198.0,73.9,5.0,11.75,2.55,15,Volkswagen,2000.0,1
335,Maruti Alto LXi,Ahmedabad,2009,35000,Petrol,Manual,First,19.7,796.0,46.3,5.0,11.75,1.5,17,Maruti,1944.0,1
336,Toyota Corolla H4,Chennai,2004,105000,Petrol,Automatic,Second,11.3,1794.0,125.0,5.0,11.75,2.5,22,Toyota,4565.0,0
337,Maruti Alto LXi,Chennai,2006,56000,Petrol,Manual,Second,19.7,796.0,46.3,5.0,11.75,1.4,20,Maruti,2667.0,0
338,Tata Manza ELAN Quadrajet BS IV,Pune,2012,73000,Diesel,Manual,First,21.12,1248.0,88.8,5.0,11.75,3.4,14,Tata,4867.0,1
339,Maruti Alto LXi,Pune,2012,38000,Petrol,Manual,First,19.7,796.0,46.3,5.0,11.75,2.25,14,Maruti,2533.0,1
340,Skoda Octavia Ambition Plus 2.0 TDI AT,Kolkata,2013,775000,Diesel,Automatic,First,19.3,1968.0,141.0,5.0,11.75,7.5,13,Skoda,55357.0,1
341,Toyota Corolla H4,Kolkata,2008,80000,Petrol,Automatic,First,11.3,1794.0,125.0,5.0,11.75,2.8,18,Toyota,4211.0,1
342,Hyundai i20 Asta Option 1.2,Coimbatore,2016,24973,Petrol,Manual,First,18.6,1197.0,81.83,5.0,11.75,7.66,10,Hyundai,2270.0,1
343,Maruti Vitara Brezza LDi,Chennai,2016,45000,Diesel,Manual,First,24.3,1248.0,88.5,5.0,9.12,7.15,10,Maruti,4091.0,1
344,Honda City 1.5 V MT,Delhi,2010,87430,Petrol,Manual,First,17.0,1497.0,118.0,5.0,11.75,3.5,16,Honda,5143.0,1
345,Tata Indica Vista Aqua 1.3 Quadrajet,Hyderabad,2014,133944,Diesel,Manual,Second,18.0,1248.0,75.0,5.0,11.75,3.5,12,Tata,10303.0,0
346,Honda Amaze S i-Dtech,Kolkata,2013,57000,Diesel,Manual,First,25.8,1498.0,98.6,5.0,11.75,3.45,13,Honda,4071.0,1
347,Hyundai EON D Lite Plus,Coimbatore,2016,27904,Petrol,Manual,First,21.1,814.0,55.2,5.0,11.75,3.55,10,Hyundai,2537.0,1
348,BMW 3 Series Luxury Line,Kochi,2015,30717,Diesel,Automatic,Second,21.76,1995.0,190.0,5.0,58.67,25.99,11,BMW,2560.0,0
349,Hyundai Verna 1.6 SX,Bangalore,2012,80000,Diesel,Manual,First,22.32,1582.0,126.32,5.0,11.75,5.25,14,Hyundai,5333.0,1
350,Tata Manza Club Class Quadrajet90 LS,Ahmedabad,2013,47304,Diesel,Manual,First,21.02,1248.0,88.8,5.0,11.75,2.9,13,Tata,3379.0,1
351,Skoda Octavia RS,Jaipur,2005,100000,Petrol,Automatic,First,14.45,1984.0,227.0,5.0,28.37,2.05,21,Skoda,4545.0,1
352,Maruti Alto K10 VXI,Pune,2017,30000,Petrol,Manual,First,24.07,998.0,67.1,5.0,4.48,3.75,9,Maruti,3000.0,1
353,Ford Ecosport 1.5 DV5 MT Titanium Optional,Mumbai,2014,68000,Diesel,Manual,First,22.7,1498.0,89.84,5.0,11.75,6.75,12,Ford,5231.0,1
354,Chevrolet Spark 1.0 LS,Kolkata,2011,21000,Petrol,Manual,Second,18.0,995.0,62.0,5.0,11.75,0.95,15,Chevrolet,1312.0,0
355,Jaguar XF 2.0 Diesel Portfolio,Hyderabad,2017,21000,Diesel,Automatic,First,19.33,1999.0,177.0,5.0,72.64,52.0,9,Jaguar,2100.0,1
356,Honda CR-V RVi MT,Jaipur,2007,119000,Petrol,Manual,Third,13.1,1997.0,141.1,5.0,11.75,3.91,19,Honda,5950.0,0
357,Skoda Superb L&K 1.8 TSI AT,Kochi,2019,13747,Petrol,Automatic,First,14.67,1798.0,177.46,5.0,36.15,27.3,7,Skoda,1718.0,1
358,Hyundai i10 Magna 1.2,Chennai,2009,620000,Petrol,Manual,First,20.36,1197.0,78.9,5.0,11.75,2.7,17,Hyundai,34444.0,1
359,Maruti Swift LDI,Delhi,2013,70000,Diesel,Manual,First,22.9,1248.0,74.0,5.0,7.13,3.5,13,Maruti,5000.0,1
360,Maruti Swift Dzire VXi AT,Mumbai,2016,18000,Petrol,Automatic,First,18.5,1197.0,83.14,5.0,11.75,6.2,10,Maruti,1636.0,1
361,Nissan Micra Diesel XV,Chennai,2011,83000,Diesel,Manual,First,23.08,1461.0,63.1,5.0,11.75,2.75,15,Nissan,5188.0,1
362,Maruti Swift Dzire Tour LDI,Mumbai,2015,130000,Diesel,Manual,First,23.4,1248.0,74.0,5.0,11.75,3.25,11,Maruti,10833.0,1
363,Ford Fiesta Classic 1.4 Duratorq CLXI,Pune,2012,63400,Diesel,Manual,First,17.8,1399.0,67.0,5.0,11.75,3.25,14,Ford,4227.0,1
364,Maruti Zen LX,Kolkata,2003,65000,Petrol,Manual,First,17.3,993.0,60.0,5.0,11.75,0.65,23,Maruti,2708.0,1
365,Mini Clubman Cooper S,Pune,2017,8350,Petrol,Manual,First,13.8,1998.0,192.0,5.0,44.59,35.0,9,Mini,835.0,1
366,Toyota Etios GD,Kolkata,2014,45000,Diesel,Manual,First,23.59,1364.0,67.05,5.0,11.75,3.25,12,Toyota,3462.0,1
367,Maruti Alto 800 2016-2019 LXI,Kolkata,2018,26200,Petrol,Manual,First,24.7,796.0,47.3,5.0,11.75,2.9,8,Maruti,2911.0,1
368,Maruti Alto VXi,Bangalore,2011,11000,Petrol,Manual,Third,18.9,796.0,47.0,5.0,11.75,2.9,15,Maruti,688.0,0
369,BMW X5 3.0d,Bangalore,2009,90000,Diesel,Automatic,Second,11.0,2993.0,235.0,5.0,17.75,17.75,17,BMW,5000.0,0
370,Nissan Teana XV,Mumbai,2015,74000,Petrol,Automatic,Second,11.07,2496.0,179.5,5.0,11.75,8.25,11,Nissan,6167.0,0
371,Hyundai Grand i10 AT Asta,Coimbatore,2015,37081,Petrol,Automatic,First,18.9,1197.0,82.0,5.0,11.75,5.77,11,Hyundai,3090.0,1
372,Maruti Vitara Brezza ZDi Plus,Hyderabad,2017,39000,Diesel,Manual,First,24.3,1248.0,88.5,5.0,12.0,9.49,9,Maruti,3900.0,1
373,Audi Q7 3.0 TDI Quattro Premium Plus,Mumbai,2008,99000,Diesel,Automatic,Third,12.07,2967.0,241.4,7.0,12.95,12.95,18,Audi,5211.0,0
374,Mercedes-Benz GLA Class 200 CDI,Chennai,2015,38000,Diesel,Automatic,First,17.9,2143.0,136.0,5.0,20.0,20.0,11,Mercedes-Benz,3167.0,1
375,Maruti 800 AC,Chennai,2007,72000,Petrol,Manual,Third,16.1,796.0,37.0,4.0,11.75,1.0,19,Maruti,3600.0,0
376,Renault Duster 85PS Diesel RxL,Chennai,2015,93000,Diesel,Manual,Second,20.45,1461.0,83.8,5.0,11.75,7.1,11,Renault,7750.0,0
377,Toyota Corolla Altis D-4D GL,Mumbai,2017,5900,Diesel,Manual,First,21.43,1364.0,87.2,5.0,16.5,16.5,9,Toyota,590.0,1
378,Mercedes-Benz New C-Class 220,Chennai,2014,25000,Diesel,Manual,First,15.8,2148.0,170.0,5.0,26.0,26.0,12,Mercedes-Benz,1923.0,1
379,Maruti Ritz VDi,Hyderabad,2010,68000,Diesel,Manual,Second,21.1,1248.0,73.9,5.0,11.75,3.2,16,Maruti,4000.0,0
380,Honda BRV i-VTEC V CVT,Kochi,2017,35676,Petrol,Automatic,First,16.0,1497.0,117.3,7.0,14.65,9.48,9,Honda,3568.0,1
381,Hyundai Xcent 1.1 CRDi Base,Kochi,2015,74310,Diesel,Manual,First,24.4,1120.0,71.0,5.0,11.75,4.0,11,Hyundai,6192.0,1
382,Mercedes-Benz E-Class 2009-2013 E250 CDI Avantgarde,Jaipur,2014,59364,Diesel,Automatic,First,14.21,2143.0,203.0,5.0,26.5,26.5,12,Mercedes-Benz,4566.0,1
383,Mercedes-Benz B Class B180,Kochi,2014,41380,Petrol,Automatic,Second,14.8,1595.0,120.7,5.0,11.77,11.77,12,Mercedes-Benz,3183.0,0
384,Mercedes-Benz E-Class 2015-2017 E250 Edition E,Bangalore,2017,33900,Diesel,Automatic,First,15.0,2143.0,204.0,5.0,37.0,37.0,9,Mercedes-Benz,3390.0,1
385,Honda City i VTEC VX Option,Mumbai,2016,28000,Petrol,Manual,First,17.8,1497.0,117.3,5.0,11.75,8.75,10,Honda,2545.0,1
387,Honda City 1.5 S MT,Chennai,2011,93982,Petrol,Manual,First,17.0,1497.0,118.0,5.0,11.75,3.75,15,Honda,5874.0,1
388,Hyundai Verna Transform VTVT,Pune,2010,95000,Petrol,Manual,First,16.2,1599.0,103.2,5.0,11.75,2.5,16,Hyundai,5588.0,1
389,Jaguar XE Portfolio,Mumbai,2017,9000,Petrol,Automatic,First,13.5,1999.0,246.74,5.0,53.72,34.5,9,Jaguar,900.0,1
390,Honda Amaze S i-Vtech,Delhi,2015,52516,Petrol,Manual,First,18.0,1198.0,86.7,5.0,11.75,4.65,11,Honda,4376.0,1
391,Mini Cooper Convertible 1.6,Bangalore,2015,20000,Petrol,Automatic,First,18.86,1598.0,122.0,4.0,32.0,32.0,11,Mini,1667.0,1
392,Mercedes-Benz S Class 2005 2013 S 350 CDI,Coimbatore,2017,56451,Diesel,Automatic,First,13.5,2987.0,282.0,5.0,62.81,62.81,9,Mercedes-Benz,5645.0,1
393,Hyundai EON Magna Plus,Chennai,2014,37000,Petrol,Manual,First,21.1,814.0,55.2,5.0,11.75,3.25,12,Hyundai,2846.0,1
394,Maruti Wagon R VXI BS IV,Kolkata,2014,17400,Petrol,Manual,First,20.51,998.0,67.04,5.0,11.75,3.1,12,Maruti,1338.0,1
395,Maruti Ritz LDi,Coimbatore,2011,90207,Diesel,Manual,First,21.1,1248.0,73.9,5.0,11.75,3.91,15,Maruti,5638.0,1
396,BMW 3 Series 320d Sedan,Chennai,2011,89616,Diesel,Automatic,First,16.07,1995.0,181.0,5.0,11.75,11.0,15,BMW,5601.0,1
397,Tata Xenon XT EX 4X2,Pune,2014,85000,Diesel,Manual,First,13.49,2179.0,138.03,5.0,11.75,3.5,12,Tata,6538.0,1
398,Audi A3 35 TDI Attraction,Chennai,2014,79271,Diesel,Automatic,First,20.38,1968.0,143.0,5.0,16.5,16.5,12,Audi,6098.0,1
399,Land Rover Range Rover 2.2L Dynamic,Hyderabad,2012,56000,Diesel,Automatic,First,12.7,2179.0,187.7,5.0,30.0,30.0,14,Land,3733.0,1
400,Mercedes-Benz GL-Class 2007 2012 350 CDI Luxury,Pune,2010,85001,Diesel,Automatic,Second,12.0,2987.0,224.0,7.0,28.0,28.0,16,Mercedes-Benz,5000.0,0
401,Mitsubishi Pajero Sport 4X2 AT DualTone BlackTop,Hyderabad,2018,12000,Diesel,Automatic,First,13.5,2477.0,175.56,7.0,33.91,28.0,8,Mitsubishi,1333.0,1
402,Maruti Alto LX,Jaipur,2010,125000,Petrol,Manual,First,19.7,796.0,46.3,5.0,11.75,0.92,16,Maruti,7353.0,1
403,Maruti Wagon R LXI BSIII,Pune,2013,53000,Petrol,Manual,First,14.0,1061.0,64.0,5.0,11.75,2.75,13,Maruti,3786.0,1
404,Land Rover Range Rover 2.2L Prestige,Coimbatore,2017,34990,Diesel,Automatic,First,12.7,2179.0,187.7,5.0,53.83,53.83,9,Land,3499.0,1
405,Hyundai Verna 1.6 SX VTVT,Pune,2011,49768,Petrol,Manual,Second,17.01,1591.0,121.3,5.0,11.75,4.95,15,Hyundai,3110.0,0
406,BMW 5 Series 525d Sedan,Hyderabad,2013,56000,Diesel,Automatic,First,16.73,2993.0,218.0,5.0,33.5,33.5,13,BMW,4000.0,1
407,Jaguar XF Diesel,Bangalore,2013,75000,Diesel,Automatic,First,14.74,2993.0,270.9,5.0,27.95,27.95,13,Jaguar,5357.0,1
408,Skoda Superb Elegance 1.8 TSI AT,Hyderabad,2010,57000,Petrol,Automatic,First,13.7,1798.0,157.75,5.0,11.75,7.25,16,Skoda,3353.0,1
409,Audi Q3 35 TDI Quattro Premium,Kochi,2017,37542,Diesel,Automatic,First,15.73,1968.0,174.33,5.0,25.71,25.71,9,Audi,3754.0,1
410,Land Rover Range Rover 2.2L Pure,Coimbatore,2014,95649,Diesel,Automatic,First,12.7,2179.0,187.7,5.0,29.67,29.67,12,Land,7358.0,1
411,Mercedes-Benz New C-Class 220 CDI AT,Jaipur,2013,35299,Diesel,Automatic,First,14.84,2143.0,170.0,5.0,19.0,19.0,13,Mercedes-Benz,2521.0,1
412,Mahindra Scorpio S10 4WD,Kochi,2017,28464,Diesel,Manual,First,15.4,2179.0,120.0,7.0,13.05,13.05,9,Mahindra,2846.0,1
413,BMW 3 Series Luxury Line,Mumbai,2015,41000,Diesel,Automatic,First,21.76,1995.0,190.0,5.0,60.88,25.5,11,BMW,3417.0,1
414,Honda BR-V i-VTEC S MT,Pune,2017,9000,Petrol,Manual,First,15.4,1497.0,117.3,7.0,12.51,8.5,9,Honda,900.0,1
415,Volvo S80 2006-2013 D5,Chennai,2010,92098,Diesel,Automatic,Second,16.0,2400.0,215.0,5.0,11.75,7.25,16,Volvo,5418.0,0
416,Hyundai Accent GLE,Pune,2005,5834,Petrol,Manual,First,13.2,1495.0,94.0,5.0,11.75,0.8,21,Hyundai,265.0,1
417,Hyundai i20 Active SX Petrol,Jaipur,2017,40250,Petrol,Manual,First,17.19,1197.0,81.86,5.0,9.74,6.9,9,Hyundai,4025.0,1
418,Mercedes-Benz GLC 43 AMG Coupe,Coimbatore,2018,22397,Petrol,Automatic,First,11.5,2996.0,367.0,5.0,95.38,70.99,8,Mercedes-Benz,2489.0,1
419,Hyundai EON Magna Plus,Kolkata,2015,20800,Petrol,Manual,Second,21.1,814.0,55.2,5.0,11.75,2.25,11,Hyundai,1733.0,0
420,Hyundai Grand i10 SportZ Edition,Kochi,2018,40322,Petrol,Manual,First,18.9,1197.0,81.86,5.0,11.75,5.5,8,Hyundai,4480.0,1
421,Honda City 1.5 EXI S,Mumbai,2013,52576,Petrol,Manual,First,13.0,1493.0,100.0,5.0,11.75,4.35,13,Honda,3755.0,1
422,Volkswagen Polo Petrol Trendline 1.2L,Kolkata,2010,55000,Petrol,Manual,First,16.47,1198.0,73.9,5.0,11.75,2.25,16,Volkswagen,3235.0,1
423,Audi A6 35 TFSI Matrix,Mumbai,2016,47000,Petrol,Automatic,First,15.26,1798.0,187.74,5.0,60.59,24.5,10,Audi,4273.0,1
425,Hyundai Creta 1.6 SX Plus Dual Tone Petrol,Coimbatore,2017,23163,Petrol,Manual,First,15.29,1591.0,121.3,5.0,12.03,12.03,9,Hyundai,2316.0,1
426,Mercedes-Benz New C-Class C 200 CGI Avantgarde,Mumbai,2011,50000,Petrol,Automatic,Second,11.74,1796.0,186.0,5.0,11.75,8.5,15,Mercedes-Benz,3125.0,0
427,Mini Cooper Convertible S,Mumbai,2014,11900,Petrol,Automatic,First,16.82,1998.0,189.08,4.0,44.28,28.5,12,Mini,915.0,1
429,Toyota Etios VD,Bangalore,2013,37000,Diesel,Manual,First,23.59,1364.0,67.04,5.0,11.75,5.75,13,Toyota,2643.0,1
430,Honda Brio S MT,Delhi,2014,30000,Petrol,Manual,Second,19.4,1198.0,86.8,5.0,11.75,3.2,12,Honda,2308.0,0
431,Maruti Baleno Alpha Automatic,Coimbatore,2018,12831,Petrol,Automatic,First,21.4,1197.0,83.1,5.0,11.75,9.89,8,Maruti,1426.0,1
432,Skoda Laura Ambiente 2.0 TDI CR AT,Coimbatore,2012,143017,Diesel,Automatic,First,20.0,1968.0,138.1,5.0,11.75,6.58,14,Skoda,9534.0,1
433,Hyundai EON Era Plus,Kochi,2018,13102,Petrol,Manual,First,21.1,814.0,55.2,5.0,11.75,4.06,8,Hyundai,1456.0,1
434,Renault Captur 1.5 Diesel RXL,Coimbatore,2019,24950,Diesel,Manual,First,20.37,1461.0,108.45,5.0,13.37,13.37,7,Renault,3119.0,1
435,BMW 5 Series 2003-2012 GT 530d LE,Coimbatore,2011,57832,Diesel,Automatic,First,16.2,2993.0,258.0,5.0,25.82,25.82,15,BMW,3614.0,1
436,Maruti Alto 800 LXI,Kochi,2016,34267,Petrol,Manual,First,22.74,796.0,47.3,5.0,11.75,3.74,10,Maruti,3115.0,1
437,Volvo V40 D3,Bangalore,2015,33000,Diesel,Automatic,Second,16.8,1984.0,150.0,5.0,22.0,22.0,11,Volvo,2750.0,0
438,Maruti Wagon R LXI BSII,Ahmedabad,2007,55100,Petrol,Manual,First,18.9,998.0,67.1,5.0,11.75,1.45,19,Maruti,2755.0,1
439,Honda City ZX GXi,Kolkata,2008,40000,Petrol,Manual,First,17.7,1497.0,78.0,5.0,11.75,2.0,18,Honda,2105.0,1
441,Chevrolet Enjoy 1.4 LS 8,Kolkata,2014,15000,Petrol,Manual,First,13.7,1399.0,98.79,8.0,11.75,3.75,12,Chevrolet,1154.0,1
442,Mahindra Bolero ZLX,Coimbatore,2016,82756,Diesel,Manual,First,15.96,2523.0,62.1,7.0,11.28,7.7,10,Mahindra,7523.0,1
444,Hyundai EON D Lite,Hyderabad,2014,20600,Petrol,Manual,First,21.1,814.0,55.2,5.0,11.75,2.6,12,Hyundai,1585.0,1
445,Hyundai Creta 1.6 SX Plus Petrol Automatic,Coimbatore,2017,29952,Petrol,Automatic,First,13.0,1591.0,121.3,5.0,13.77,13.77,9,Hyundai,2995.0,1
446,Volkswagen Vento 1.6 Comfortline,Mumbai,2017,15000,Petrol,Manual,Second,16.09,1598.0,103.5,5.0,11.48,7.1,9,Volkswagen,1500.0,0
447,Honda Civic 2006-2010 1.8 S AT,Pune,2008,61938,Petrol,Automatic,Second,12.9,1799.0,130.0,5.0,11.75,2.65,18,Honda,3260.0,0
448,Tata Indica Vista Quadrajet LS,Hyderabad,2014,67000,Diesel,Manual,First,22.3,1248.0,74.0,5.0,11.75,2.5,12,Tata,5154.0,1
449,Mahindra XUV500 W8 2WD,Kochi,2013,61672,Diesel,Manual,First,16.0,2179.0,140.0,7.0,11.75,7.53,13,Mahindra,4405.0,1
450,Hyundai i20 1.2 Asta Option,Coimbatore,2017,26185,Petrol,Manual,First,18.6,1197.0,81.83,5.0,11.75,7.98,9,Hyundai,2618.0,1
451,Audi Q5 30 TDI quattro Premium Plus,Bangalore,2014,38000,Diesel,Automatic,Second,14.16,1968.0,174.3,5.0,39.0,39.0,12,Audi,2923.0,0
452,Maruti Ritz VXi,Chennai,2011,67000,Petrol,Manual,Second,18.5,1197.0,85.8,5.0,11.75,2.25,15,Maruti,4188.0,0
453,Mitsubishi Cedia Sports,Chennai,2010,66000,Petrol,Manual,Second,13.17,1999.0,114.0,5.0,11.75,3.85,16,Mitsubishi,3882.0,0
454,Toyota Innova 2.5 V Diesel 7-seater,Hyderabad,2015,80883,Diesel,Manual,First,12.8,2494.0,102.0,7.0,13.5,13.5,11,Toyota,6740.0,1
455,Maruti Celerio LDi,Hyderabad,2016,80219,Diesel,Manual,First,27.62,793.0,47.0,5.0,11.75,3.5,10,Maruti,7293.0,1
456,Maruti S-Cross Delta DDiS 200 SH,Delhi,2018,12923,Diesel,Manual,First,25.1,1248.0,88.5,5.0,11.26,8.92,8,Maruti,1436.0,1
457,Audi Q3 35 TDI Quattro Premium Plus,Coimbatore,2016,86642,Diesel,Automatic,First,15.17,1968.0,181.0,5.0,43.65,20.37,10,Audi,7877.0,1
458,BMW 3 Series Luxury Line,Bangalore,2016,19235,Diesel,Automatic,First,21.76,1995.0,190.0,5.0,62.07,36.5,10,BMW,1749.0,1
459,Audi Q7 4.2 TDI Quattro Technology,Coimbatore,2016,51002,Diesel,Automatic,First,11.33,4134.0,335.2,7.0,48.91,48.91,10,Audi,4637.0,1
460,Hyundai i20 2015-2017 Asta 1.2,Pune,2016,6800,Petrol,Manual,First,18.6,1197.0,81.83,5.0,11.75,7.2,10,Hyundai,618.0,1
461,Renault Duster 110PS Diesel RxL,Hyderabad,2012,82749,Diesel,Manual,First,19.01,1461.0,108.45,5.0,11.75,5.99,14,Renault,5517.0,1
462,Hyundai Xcent 1.1 CRDi S Celebration Edition,Pune,2016,51000,Diesel,Manual,First,24.4,1120.0,71.0,5.0,11.75,5.25,10,Hyundai,4636.0,1
463,Ford Ecosport 1.5 DV5 MT Titanium,Delhi,2014,31465,Diesel,Manual,First,22.7,1498.0,89.84,5.0,11.75,6.5,12,Ford,2420.0,1
464,Volkswagen Polo Petrol Trendline 1.2L,Hyderabad,2013,76476,Petrol,Manual,First,16.47,1198.0,73.9,5.0,11.75,4.4,13,Volkswagen,5463.0,1
465,Hyundai Grand i10 CRDi Magna,Kolkata,2017,14000,Diesel,Manual,First,24.0,1120.0,70.0,5.0,11.75,4.6,9,Hyundai,1400.0,1
466,Tata Manza Aqua Quadrajet BS IV,Ahmedabad,2013,47000,Diesel,Manual,First,21.12,1248.0,88.8,5.0,11.75,2.95,13,Tata,3357.0,1
467,Honda City 1.5 V MT,Kolkata,2011,48466,Petrol,Manual,First,17.0,1497.0,118.0,5.0,11.75,3.26,15,Honda,3029.0,1
468,Hyundai Santro Xing GLS,Bangalore,2008,46000,Petrol,Manual,Second,17.92,1086.0,62.1,5.0,11.75,2.22,18,Hyundai,2421.0,0
469,Toyota Innova 2.5 VX (Diesel) 7 Seater,Hyderabad,2012,162663,Diesel,Manual,First,12.99,2494.0,100.0,7.0,11.75,10.5,14,Toyota,10844.0,1
470,Maruti Ciaz 1.3 S,Coimbatore,2017,25142,Diesel,Manual,First,28.09,1248.0,88.5,5.0,11.75,8.26,9,Maruti,2514.0,1
471,Toyota Fortuner 4x4 MT TRD Sportivo,Delhi,2013,69000,Diesel,Manual,First,12.55,2982.0,169.0,7.0,14.45,14.45,13,Toyota,4929.0,1
473,Mercedes-Benz E-Class E 220 d,Kochi,2018,26405,Petrol,Automatic,First,12.6,1950.0,191.34,5.0,86.97,51.43,8,Mercedes-Benz,2934.0,1
474,Mercedes-Benz New C-Class 220 CDI MT,Chennai,2014,45000,Diesel,Manual,First,15.8,2148.0,170.0,5.0,23.0,23.0,12,Mercedes-Benz,3462.0,1
475,Skoda Yeti Ambition 4X2,Kolkata,2012,64284,Diesel,Manual,First,17.72,1968.0,108.49,5.0,11.75,5.5,14,Skoda,4286.0,1
476,Hyundai Grand i10 Sportz,Delhi,2015,27000,Petrol,Manual,First,18.9,1197.0,82.0,5.0,11.75,4.5,11,Hyundai,2250.0,1
477,Ford Figo 2015-2019 1.2P Titanium MT,Hyderabad,2018,3678,Petrol,Manual,First,18.16,1196.0,86.8,5.0,11.75,6.8,8,Ford,409.0,1
478,Skoda Octavia Ambition 1.4 TSI MT,Mumbai,2013,21000,Petrol,Manual,First,16.8,1395.0,138.02,5.0,11.75,8.75,13,Skoda,1500.0,1
479,Renault Duster 85PS Diesel RxL Option,Mumbai,2015,67000,Diesel,Manual,Second,19.87,1461.0,83.8,5.0,11.75,7.0,11,Renault,5583.0,0
480,Land Rover Range Rover Evoque 2.0 TD4 Pure,Delhi,2015,24000,Diesel,Automatic,Second,15.68,1999.0,177.0,5.0,33.5,33.5,11,Land,2000.0,0
481,Ford Figo Diesel EXI,Chennai,2011,75000,Diesel,Manual,Second,20.0,1399.0,68.0,5.0,11.75,2.25,15,Ford,4688.0,0
482,Ford Endeavour Hurricane Limited Edition,Hyderabad,2008,179000,Diesel,Automatic,Second,12.8,2953.0,156.0,7.0,11.75,4.24,18,Ford,9421.0,0
483,Toyota Fortuner 4x4 MT,Coimbatore,2017,47198,Diesel,Manual,First,12.55,2982.0,168.5,7.0,28.42,28.42,9,Toyota,4720.0,1
484,Volkswagen Polo Diesel Comfortline 1.2L,Kolkata,2012,52000,Diesel,Manual,First,22.07,1199.0,73.9,5.0,11.75,2.75,14,Volkswagen,3467.0,1
485,Maruti Ritz VDi,Jaipur,2011,91000,Diesel,Manual,First,23.2,1248.0,73.94,5.0,11.75,3.0,15,Maruti,5688.0,1
486,Nissan Micra Diesel XV Premium,Pune,2013,60000,Diesel,Manual,First,23.08,1461.0,63.1,5.0,11.75,3.55,13,Nissan,4286.0,1
487,Hyundai Verna 1.6 SX,Kolkata,2013,37873,Diesel,Manual,First,22.32,1582.0,126.32,5.0,11.75,4.8,13,Hyundai,2705.0,1
488,BMW 5 Series 2003-2012 523i,Kolkata,2011,31000,Petrol,Automatic,First,10.8,2497.0,150.0,5.0,13.5,13.5,15,BMW,1938.0,1
489,Mercedes-Benz GLS 350d 4MATIC,Pune,2017,129000,Diesel,Automatic,First,11.0,2987.0,258.0,7.0,100.0,56.0,9,Mercedes-Benz,12900.0,1
490,Honda CR-V 2.4L 4WD AT,Hyderabad,2004,78000,Petrol,Automatic,First,12.0,2354.0,187.4,5.0,11.75,3.99,22,Honda,3391.0,1
491,Hyundai Creta 1.6 CRDi AT SX Plus,Bangalore,2016,32000,Diesel,Automatic,First,17.01,1582.0,126.2,5.0,15.5,15.5,10,Hyundai,2909.0,1
492,Hyundai i10 Era,Jaipur,2010,59000,Petrol,Manual,Second,19.81,1086.0,68.05,5.0,11.75,2.32,16,Hyundai,3471.0,0
493,Mercedes-Benz A Class A200 CDI Sport,Kochi,2016,35437,Diesel,Automatic,First,20.0,2143.0,136.0,5.0,18.58,18.58,10,Mercedes-Benz,3222.0,1
494,Maruti Ertiga VXI,Jaipur,2014,98000,Petrol,Manual,First,16.02,1373.0,93.7,7.0,11.75,5.5,12,Maruti,7538.0,1
495,Skoda Octavia Classic 1.9 TDI MT,Chennai,2006,72000,Diesel,Manual,Second,18.7,1896.0,66.0,5.0,11.75,3.2,20,Skoda,3429.0,0
496,Honda Amaze VX i-Vtech,Pune,2015,79000,Petrol,Manual,First,18.0,1198.0,86.7,5.0,11.75,4.0,11,Honda,6583.0,1
497,Maruti Zen LXi BSII,Chennai,2004,29000,Petrol,Manual,First,17.3,993.0,60.0,5.0,11.75,1.6,22,Maruti,1261.0,1
498,Maruti SX4 ZXI MT BSIV,Kochi,2013,66012,Petrol,Manual,First,15.5,1586.0,103.3,5.0,11.75,4.15,13,Maruti,4715.0,1
499,Honda Brio VX AT,Mumbai,2014,35000,Petrol,Automatic,First,16.5,1198.0,86.8,5.0,11.75,4.25,12,Honda,2692.0,1
500,Maruti Wagon R VXI,Ahmedabad,2011,75000,Petrol,Manual,First,18.9,998.0,67.1,5.0,5.44,2.6,15,Maruti,4688.0,1
501,Toyota Camry A/T,Mumbai,2008,80000,Petrol,Automatic,Second,12.1,2362.0,164.7,5.0,11.75,3.43,18,Toyota,4211.0,0
502,Chevrolet Beat LS,Kochi,2012,32717,Petrol,Manual,First,18.6,1199.0,79.4,5.0,11.75,2.55,14,Chevrolet,2181.0,1
503,Toyota Fortuner 4x4 AT,Delhi,2017,25000,Diesel,Automatic,First,12.55,2982.0,168.5,7.0,32.0,32.0,9,Toyota,2500.0,1
504,Ford Ecosport 1.5 DV5 MT Titanium Optional,Mumbai,2014,79000,Diesel,Manual,First,22.7,1498.0,89.84,5.0,11.75,6.25,12,Ford,6077.0,1
505,Maruti Swift Vdi BSIII,Hyderabad,2010,86000,Diesel,Manual,Second,17.8,1248.0,75.0,5.0,11.75,3.6,16,Maruti,5059.0,0
506,Mercedes-Benz S Class 2005 2013 S 350 CDI,Pune,2010,137000,Diesel,Automatic,First,13.5,2987.0,282.0,5.0,18.5,18.5,16,Mercedes-Benz,8059.0,1
507,Honda Mobilio S i VTEC,Mumbai,2015,25000,Petrol,Manual,Second,17.3,1497.0,117.3,7.0,11.75,4.25,11,Honda,2083.0,0
508,Hyundai Grand i10 Sportz,Mumbai,2017,8500,Petrol,Manual,Second,18.9,1197.0,82.0,5.0,11.75,4.8,9,Hyundai,850.0,0
509,Mahindra XUV500 AT W8 FWD,Bangalore,2015,34000,Diesel,Automatic,First,16.0,2179.0,140.0,7.0,13.0,13.0,11,Mahindra,2833.0,1
510,Skoda Fabia 1.6 MPI Elegance,Pune,2012,41629,Petrol,Manual,Second,14.83,1598.0,105.0,5.0,11.75,2.25,14,Skoda,2775.0,0
511,Hyundai Santro Xing GLS,Hyderabad,2009,80227,Petrol,Manual,First,17.92,1086.0,62.1,5.0,11.75,2.3,17,Hyundai,4457.0,1
512,Hyundai Creta 1.6 SX Plus Dual Tone Petrol,Kochi,2019,8587,Petrol,Manual,First,15.29,1591.0,121.3,5.0,13.56,13.56,7,Hyundai,1073.0,1
513,Mahindra Scorpio 1.99 S8,Delhi,2017,30000,Diesel,Manual,First,15.4,1997.0,120.0,7.0,12.25,12.25,9,Mahindra,3000.0,1
514,Skoda Rapid 1.6 TDI Ambition,Pune,2013,64186,Diesel,Manual,First,20.5,1598.0,103.5,5.0,11.75,3.76,13,Skoda,4585.0,1
515,Renault Duster 110PS Diesel RxZ,Coimbatore,2015,76427,Diesel,Manual,First,19.01,1461.0,108.45,5.0,15.01,8.58,11,Renault,6369.0,1
516,BMW X5 xDrive 30d,Hyderabad,2011,75000,Diesel,Automatic,First,11.7,2993.0,245.0,5.0,27.5,27.5,15,BMW,4688.0,1
517,Toyota Etios G,Coimbatore,2013,27075,Petrol,Manual,First,17.6,1496.0,88.73,5.0,11.75,4.95,13,Toyota,1934.0,1
518,Maruti Wagon R LXI,Ahmedabad,2012,30000,Petrol,Manual,First,22.5,998.0,67.04,5.0,4.74,3.3,14,Maruti,2000.0,1
519,Hyundai Creta 1.6 SX,Chennai,2016,69434,Petrol,Manual,First,15.8,1591.0,121.3,5.0,14.84,8.0,10,Hyundai,6312.0,1
520,Maruti Celerio VXI,Jaipur,2014,56000,Petrol,Manual,First,23.1,998.0,67.04,5.0,11.75,2.79,12,Maruti,4308.0,1
521,Land Rover Range Rover HSE Dynamic,Coimbatore,2017,49275,Diesel,Automatic,First,12.7,2179.0,187.7,5.0,45.64,45.64,9,Land,4928.0,1
522,Chevrolet Beat LT,Pune,2014,8700,Petrol,Manual,First,18.6,1199.0,76.8,5.0,11.75,2.55,12,Chevrolet,669.0,1
523,Tata Nano Twist XT,Ahmedabad,2014,18000,Petrol,Manual,Second,25.4,624.0,37.5,4.0,11.75,1.0,12,Tata,1385.0,0
524,Audi A6 2011-2015 35 TDI Technology,Coimbatore,2017,41041,Diesel,Automatic,First,17.68,1968.0,174.33,5.0,37.56,37.56,9,Audi,4104.0,1
525,Mercedes-Benz E-Class 280 CDI,Kochi,2009,80464,Diesel,Automatic,Second,11.0,2987.0,198.5,5.0,11.75,9.29,17,Mercedes-Benz,4470.0,0
526,Maruti Swift VXI,Kochi,2019,20667,Petrol,Manual,First,22.0,1197.0,81.8,5.0,6.995,6.37,7,Maruti,2583.0,1
527,Fiat Linea T Jet,Coimbatore,2013,60283,Petrol,Manual,First,14.6,1368.0,112.0,5.0,11.75,2.98,13,Fiat,4306.0,1
528,Maruti Swift VXI Optional,Kochi,2017,31696,Petrol,Manual,First,20.4,1197.0,81.8,5.0,11.75,5.75,9,Maruti,3170.0,1
529,Toyota Fortuner 3.0 Diesel,Hyderabad,2010,100000,Diesel,Manual,First,11.5,2982.0,171.0,7.0,13.0,13.0,16,Toyota,5882.0,1
530,Maruti Ertiga ZXI,Mumbai,2014,13361,Petrol,Manual,First,16.02,1373.0,93.7,7.0,11.75,6.8,12,Maruti,1028.0,1
531,BMW 3 Series 320i Sedan,Coimbatore,2010,48394,Petrol,Automatic,First,12.05,1995.0,154.0,5.0,11.75,10.49,16,BMW,2847.0,1
532,Maruti Ertiga VXI,Jaipur,2014,47399,Petrol,Manual,First,16.02,1373.0,93.7,7.0,11.75,5.6,12,Maruti,3646.0,1
533,Honda City 1.5 V AT,Mumbai,2010,69000,Petrol,Automatic,Second,16.8,1497.0,118.0,5.0,11.75,2.85,16,Honda,4059.0,0
534,Hyundai Santa Fe 4X4,Coimbatore,2013,65278,Diesel,Manual,First,14.66,2199.0,194.3,7.0,11.75,8.36,13,Hyundai,4663.0,1
535,Tata Indigo LS,Jaipur,2005,108000,Diesel,Manual,First,17.0,1405.0,70.0,5.0,11.75,1.0,21,Tata,4909.0,1
536,Mercedes-Benz E-Class 2009-2013 E 250 Elegance,Kolkata,2010,50645,Petrol,Automatic,Second,10.93,2497.0,204.0,5.0,11.75,10.75,16,Mercedes-Benz,2979.0,0
537,Maruti Swift Dzire LDi,Hyderabad,2011,130002,Diesel,Manual,First,19.3,1248.0,73.9,5.0,11.75,3.85,15,Maruti,8125.0,1
538,Ford Fiesta Classic 1.4 Duratorq CLXI,Hyderabad,2012,107000,Diesel,Manual,First,17.8,1399.0,67.0,5.0,11.75,3.0,14,Ford,7133.0,1
539,Honda City i VTEC CVT VX,Coimbatore,2015,41950,Petrol,Automatic,First,18.0,1497.0,117.3,5.0,11.75,9.6,11,Honda,3496.0,1
540,Toyota Fortuner 4x2 Manual,Delhi,2012,109000,Diesel,Manual,First,13.0,2982.0,168.5,7.0,13.25,13.25,14,Toyota,7267.0,1
541,Honda Amaze VX O i VTEC,Mumbai,2016,9000,Petrol,Manual,First,18.0,1198.0,86.7,5.0,11.75,5.75,10,Honda,818.0,1
542,Hyundai i20 Asta 1.4 CRDi,Delhi,2014,43900,Diesel,Manual,First,22.54,1396.0,88.73,5.0,11.75,6.75,12,Hyundai,3377.0,1
543,Chevrolet Enjoy TCDi LTZ 7 Seater,Bangalore,2013,64000,Diesel,Manual,Second,18.2,1248.0,73.8,7.0,11.75,4.85,13,Chevrolet,4571.0,0
544,Mercedes-Benz New C-Class Progressive C 200,Kochi,2019,13190,Petrol,Automatic,First,0.0,1950.0,181.43,5.0,49.49,38.99,7,Mercedes-Benz,1649.0,1
545,Maruti SX4 ZXI AT Leather,Mumbai,2009,77652,Petrol,Automatic,First,12.6,1586.0,103.2,5.0,11.75,2.85,17,Maruti,4314.0,1
546,Toyota Innova 2.5 VX (Diesel) 7 Seater,Mumbai,2012,55000,Diesel,Manual,First,12.99,2494.0,100.0,7.0,11.75,9.51,14,Toyota,3667.0,1
547,BMW 5 Series 2003-2012 520d,Ahmedabad,2012,59900,Diesel,Automatic,Second,18.48,1995.0,177.0,5.0,18.5,18.5,14,BMW,3993.0,0
548,Renault Duster 110PS Diesel RxZ,Delhi,2015,73539,Diesel,Manual,First,19.01,1461.0,108.45,5.0,15.01,6.75,11,Renault,6128.0,1
549,BMW X1 sDrive 20d xLine,Coimbatore,2017,31645,Diesel,Automatic,First,20.68,1995.0,190.0,5.0,48.18,29.4,9,BMW,3164.0,1
550,Honda City ZX GXi,Kochi,2009,69690,Petrol,Manual,First,17.7,1497.0,78.0,5.0,11.75,3.29,17,Honda,3872.0,1
551,Maruti Ciaz RS ZDi Plus SHVS,Delhi,2016,41000,Diesel,Manual,First,28.09,1248.0,88.5,5.0,11.75,9.5,10,Maruti,3727.0,1
552,Maruti Swift Dzire VXi,Pune,2010,109200,Petrol,Manual,Second,17.5,1298.0,85.8,5.0,11.75,2.2,16,Maruti,6424.0,0
553,Mahindra XUV500 W6 2WD,Pune,2012,80000,Diesel,Manual,First,15.1,2179.0,140.0,7.0,11.75,6.5,14,Mahindra,5333.0,1
554,Honda Civic 2006-2010 1.8 S MT,Ahmedabad,2007,51000,Petrol,Manual,First,13.5,1799.0,130.0,5.0,11.75,4.9,19,Honda,2550.0,1
555,Maruti Ertiga ZDI,Pune,2013,105000,Diesel,Manual,Second,25.47,1248.0,88.5,7.0,12.34,6.75,13,Maruti,7500.0,0
556,Toyota Etios Liva GD,Chennai,2013,179000,Diesel,Manual,First,23.59,1364.0,67.04,5.0,11.75,3.8,13,Toyota,12786.0,1
557,Audi TT 2.0 TFSI,Delhi,2013,12100,Petrol,Automatic,First,9.9,1984.0,207.8,2.0,29.5,29.5,13,Audi,864.0,1
558,Skoda Rapid 1.5 TDI Style,Hyderabad,2017,31000,Diesel,Manual,First,21.13,1498.0,108.4,5.0,15.38,10.5,9,Skoda,3100.0,1
559,Volkswagen Polo 1.5 TDI Highline,Hyderabad,2015,50000,Diesel,Manual,First,20.14,1498.0,88.8,5.0,10.15,6.2,11,Volkswagen,4167.0,1
560,Skoda Laura 1.9 TDI AT Elegance,Jaipur,2009,48000,Diesel,Automatic,First,17.0,1896.0,105.0,5.0,11.75,5.0,17,Skoda,2667.0,1
561,Mahindra Renault Logan 1.5 DLE Diesel,Chennai,2007,35000,Diesel,Manual,First,19.2,1461.0,65.0,5.0,11.75,2.3,19,Mahindra,1750.0,1
562,Toyota Innova Crysta 2.8 GX AT,Ahmedabad,2016,100200,Diesel,Automatic,First,11.36,2755.0,171.5,7.0,19.21,17.0,10,Toyota,9109.0,1
563,BMW 3 Series 320d Luxury Line,Bangalore,2014,47000,Diesel,Automatic,First,18.88,1995.0,184.0,5.0,54.43,25.5,12,BMW,3615.0,1
564,Honda Jazz 1.5 S i DTEC,Jaipur,2015,63642,Diesel,Manual,First,27.3,1498.0,98.6,5.0,11.75,5.65,11,Honda,5304.0,1
565,Honda Amaze VX i-DTEC,Kochi,2015,62550,Diesel,Manual,First,25.8,1498.0,98.6,5.0,11.75,5.6,11,Honda,5212.0,1
566,Jaguar XF 2.2 Litre Luxury,Kochi,2015,37340,Diesel,Automatic,First,16.36,2179.0,187.7,5.0,29.98,29.98,11,Jaguar,3112.0,1
567,Maruti Swift Dzire VDI,Coimbatore,2016,38461,Diesel,Manual,First,26.59,1248.0,74.0,5.0,11.75,7.39,10,Maruti,3496.0,1
568,Jeep Compass 2.0 Limited,Jaipur,2018,29000,Diesel,Manual,First,17.1,1956.0,170.0,5.0,22.95,19.0,8,Jeep,3222.0,1
569,Toyota Corolla Altis 1.8 Sport,Pune,2010,31000,Petrol,Manual,First,12.5,1794.0,132.0,5.0,11.75,5.0,16,Toyota,1824.0,1
570,Honda City 1.5 V MT,Kolkata,2011,42086,Petrol,Manual,First,17.0,1497.0,118.0,5.0,11.75,3.35,15,Honda,2630.0,1
571,Maruti Swift ZXI,Chennai,2013,49000,Petrol,Manual,First,18.6,1197.0,85.8,5.0,11.75,4.45,13,Maruti,3500.0,1
572,Hyundai Verna 1.6 SX CRDI (O) AT,Coimbatore,2019,77240,Diesel,Automatic,First,22.32,1582.0,126.32,5.0,11.75,8.31,7,Hyundai,9655.0,1
573,Mahindra Bolero ZLX,Jaipur,2012,105000,Diesel,Manual,Second,15.96,2523.0,62.1,7.0,11.15,6.0,14,Mahindra,7000.0,0
574,Maruti Swift VDI,Chennai,2014,35000,Diesel,Manual,First,22.9,1248.0,74.0,5.0,7.92,5.25,12,Maruti,2692.0,1
576,Audi A6 2011-2015 2.0 TDI Premium Plus,Hyderabad,2012,202082,Diesel,Automatic,First,17.68,1968.0,174.33,5.0,12.3,12.3,14,Audi,13472.0,1
577,Ford Ikon 1.3 LXi NXt,Chennai,2004,129000,Petrol,Manual,Third,13.8,1299.0,70.0,5.0,11.75,1.5,22,Ford,5609.0,0
578,Volkswagen Polo 1.5 TDI Highline,Coimbatore,2018,33558,Diesel,Manual,First,20.14,1498.0,88.0,5.0,10.32,8.12,8,Volkswagen,3729.0,1
579,Mahindra Bolero VLX CRDe,Coimbatore,2012,60271,Diesel,Manual,First,13.6,2523.0,63.0,7.0,11.75,6.12,14,Mahindra,4018.0,1
580,Honda City i DTEC VX Option,Coimbatore,2017,45366,Diesel,Manual,First,25.1,1498.0,98.6,5.0,11.75,10.88,9,Honda,4537.0,1
581,Chevrolet Sail Hatchback 1.2 LS,Kolkata,2014,9500,Petrol,Manual,First,18.2,1199.0,82.5,5.0,11.75,3.5,12,Chevrolet,731.0,1
582,Hyundai i20 1.2 Spotz,Kochi,2016,42362,Petrol,Manual,First,18.6,1197.0,81.83,5.0,11.75,6.15,10,Hyundai,3851.0,1
583,BMW X1 sDrive 20d Sportline,Chennai,2016,21000,Diesel,Automatic,First,17.05,1995.0,184.0,5.0,33.0,33.0,10,BMW,1909.0,1
584,BMW X1 sDrive 20d Exclusive,Mumbai,2012,15200,Diesel,Automatic,First,15.06,1995.0,177.0,5.0,13.5,13.5,14,BMW,1013.0,1
585,Toyota Fortuner 4x2 AT,Mumbai,2015,43690,Diesel,Automatic,First,12.55,2982.0,168.5,7.0,17.11,17.11,11,Toyota,3641.0,1
586,Audi Q7 4.2 TDI Quattro Technology,Kochi,2014,79926,Diesel,Automatic,First,11.33,4134.0,335.2,7.0,29.77,29.77,12,Audi,6148.0,1
587,Maruti Ertiga VDI,Kolkata,2013,53073,Diesel,Manual,First,20.77,1248.0,88.76,7.0,11.215,5.95,13,Maruti,3791.0,1
588,Hyundai i20 1.2 Magna,Bangalore,2015,59000,Petrol,Manual,First,18.5,1197.0,80.0,5.0,11.75,5.75,11,Hyundai,4917.0,1
589,Mercedes-Benz S Class 2005 2013 S 350 L,Bangalore,2006,47088,Petrol,Automatic,Second,10.13,3498.0,364.9,5.0,19.0,19.0,20,Mercedes-Benz,2242.0,0
590,Renault Duster 85PS Diesel RxL,Ahmedabad,2014,55000,Diesel,Manual,First,20.45,1461.0,83.8,5.0,11.75,4.75,12,Renault,4231.0,1
591,Mahindra Quanto C2,Hyderabad,2013,80430,Diesel,Manual,Second,17.21,1493.0,100.0,7.0,11.75,3.3,13,Mahindra,5745.0,0
592,Toyota Fortuner 4x2 AT,Delhi,2013,71932,Diesel,Automatic,First,12.55,2982.0,168.5,7.0,16.5,16.5,13,Toyota,5138.0,1
593,BMW X5 2014-2019 xDrive 30d Design Pure Experience 7 Seater,Mumbai,2014,19000,Diesel,Automatic,First,15.97,2993.0,258.0,7.0,44.0,44.0,12,BMW,1462.0,1
594,Maruti Swift Dzire VDi,Hyderabad,2011,81759,Diesel,Manual,First,19.3,1248.0,73.9,5.0,11.75,4.39,15,Maruti,5110.0,1
595,Maruti Swift LDI Optional,Kochi,2018,52010,Diesel,Manual,First,25.2,1248.0,74.0,5.0,11.75,6.2,8,Maruti,5779.0,1
596,Audi A6 2011-2015 35 TFSI Technology,Kochi,2016,58953,Petrol,Automatic,First,13.53,1984.0,177.01,5.0,24.22,24.22,10,Audi,5359.0,1
597,Mitsubishi Pajero 2.8 SFX BSIV Dual Tone,Mumbai,2008,93000,Diesel,Manual,Third,10.5,2835.0,107.2,6.0,11.75,5.45,18,Mitsubishi,4895.0,0
598,Jaguar XF 2.2 Litre Executive,Delhi,2016,10000,Diesel,Automatic,First,16.36,2179.0,187.7,5.0,44.0,44.0,10,Jaguar,909.0,1
599,Toyota Innova Crysta 2.8 ZX AT,Coimbatore,2019,40674,Diesel,Automatic,First,11.36,2755.0,171.5,7.0,28.05,24.82,7,Toyota,5084.0,1
600,Skoda Octavia Ambition 2.0 TDI AT,Mumbai,2015,50000,Diesel,Automatic,First,19.3,1968.0,141.0,5.0,11.75,11.69,11,Skoda,4167.0,1
601,Toyota Corolla Altis VL AT,Bangalore,2018,1331,Petrol,Automatic,First,14.28,1798.0,138.03,5.0,20.0,20.0,8,Toyota,148.0,1
602,Maruti Omni 8 Seater BSII,Pune,2010,60000,Petrol,Manual,First,19.7,796.0,35.0,8.0,11.75,1.45,16,Maruti,3529.0,1
603,Mercedes-Benz GLC 220d 4MATIC Style,Mumbai,2018,10003,Diesel,Automatic,First,17.9,2143.0,170.0,5.0,59.77,48.5,8,Mercedes-Benz,1111.0,1
604,Volkswagen Vento 1.5 TDI Highline AT,Mumbai,2016,25000,Diesel,Automatic,First,21.5,1498.0,108.5,5.0,15.86,9.45,10,Volkswagen,2273.0,1
605,Mahindra XUV500 W10 2WD,Ahmedabad,2015,73000,Diesel,Manual,First,16.0,2179.0,140.0,7.0,12.5,12.5,11,Mahindra,6083.0,1
606,Nissan Terrano XL 85 PS,Hyderabad,2014,59962,Diesel,Manual,First,20.45,1461.0,83.8,5.0,11.75,6.9,12,Nissan,4612.0,1
607,Hyundai Verna 1.6 SX CRDi (O),Jaipur,2012,72000,Diesel,Manual,Second,22.32,1582.0,126.32,5.0,11.75,5.8,14,Hyundai,4800.0,0
608,BMW 5 Series 2013-2017 530d M Sport,Coimbatore,2016,20967,Diesel,Automatic,First,14.69,2993.0,258.0,5.0,44.56,44.56,10,BMW,1906.0,1
609,Mahindra Scorpio S4 Plus,Bangalore,2015,35000,Diesel,Manual,Second,15.4,2179.0,120.0,7.0,11.75,8.5,11,Mahindra,2917.0,0
610,Hyundai Verna 1.6 CRDi SX,Coimbatore,2017,38056,Diesel,Manual,First,23.9,1582.0,126.2,5.0,11.75,10.7,9,Hyundai,3806.0,1
611,Audi Q7 3.0 TDI Quattro Premium Plus,Pune,2009,94000,Diesel,Automatic,Second,12.07,2967.0,241.4,7.0,12.0,12.0,17,Audi,5222.0,0
612,Chevrolet Aveo U-VA 1.2 LT,Coimbatore,2010,64236,Petrol,Manual,First,14.7,1150.0,76.0,5.0,11.75,2.44,16,Chevrolet,3779.0,1
613,Mahindra Bolero ZLX BSIII,Kolkata,2000,124000,Diesel,Manual,First,13.6,2523.0,63.0,7.0,11.75,1.95,26,Mahindra,4593.0,1
614,Hyundai Xcent 1.2 Kappa S,Mumbai,2014,7400,Petrol,Manual,First,19.1,1197.0,82.0,5.0,11.75,4.35,12,Hyundai,569.0,1
615,Toyota Innova Crysta 2.4 GX MT 8S,Hyderabad,2017,52000,Diesel,Manual,First,13.68,2393.0,147.8,8.0,19.43,17.5,9,Toyota,5200.0,1
616,Hyundai EON Era Plus,Hyderabad,2015,68764,Petrol,Manual,First,21.1,814.0,55.2,5.0,11.75,2.9,11,Hyundai,5730.0,1
617,Volkswagen Polo Diesel Comfortline 1.2L,Delhi,2013,64000,Diesel,Manual,First,22.07,1199.0,73.9,5.0,11.75,2.9,13,Volkswagen,4571.0,1
618,Maruti Vitara Brezza ZDi,Pune,2016,21558,Diesel,Manual,First,24.3,1248.0,88.5,5.0,10.65,8.9,10,Maruti,1960.0,1
619,BMW 3 Series 320d Prestige,Mumbai,2013,37500,Diesel,Automatic,First,18.88,1995.0,184.0,5.0,16.75,16.75,13,BMW,2679.0,1
620,Hyundai EON Sportz,Coimbatore,2016,14077,Petrol,Manual,First,21.1,814.0,55.2,5.0,11.75,3.95,10,Hyundai,1280.0,1
621,Honda City 1.5 S MT,Mumbai,2009,70000,Petrol,Manual,First,17.0,1497.0,118.0,5.0,11.75,2.1,17,Honda,3889.0,1
622,Honda Accord 2.4 MT,Kochi,2011,54316,Petrol,Manual,Second,12.8,2354.0,177.6,5.0,11.75,4.29,15,Honda,3395.0,0
623,Mahindra Xylo E8,Hyderabad,2009,90764,Diesel,Manual,First,14.0,2498.0,112.0,8.0,11.75,3.85,17,Mahindra,5042.0,1
624,BMW 3 Series 320d,Chennai,2009,137000,Diesel,Automatic,Second,13.2,1995.0,170.0,5.0,47.87,9.0,17,BMW,7611.0,0
625,Honda City V MT,Pune,2013,127000,Petrol,Manual,Second,16.8,1497.0,116.3,5.0,11.75,4.5,13,Honda,9071.0,0
626,Mahindra XUV500 W10 2WD,Kochi,2016,51884,Diesel,Manual,First,16.0,2179.0,140.0,7.0,12.46,12.46,10,Mahindra,4717.0,1
627,Hyundai i20 Asta 1.4 CRDi,Delhi,2014,67407,Diesel,Manual,First,21.27,1396.0,88.76,5.0,11.75,4.65,12,Hyundai,5185.0,1
628,Toyota Fortuner 4x2 Manual,Hyderabad,2014,107825,Diesel,Manual,First,13.0,2982.0,168.5,7.0,20.5,20.5,12,Toyota,8294.0,1
629,Mahindra Bolero DI BSII,Chennai,2006,82453,Diesel,Manual,First,13.6,2523.0,63.0,8.0,11.75,2.9,20,Mahindra,3926.0,1
630,Maruti Esteem Vxi - BSIII,Chennai,2007,30441,Petrol,Manual,First,15.9,1298.0,85.0,5.0,11.75,1.45,19,Maruti,1522.0,1
632,Mini Cooper 5 DOOR D,Mumbai,2016,11000,Diesel,Automatic,First,20.7,1496.0,113.98,5.0,42.12,29.5,10,Mini,1000.0,1
633,Audi Q3 35 TDI Quattro Premium,Hyderabad,2015,61000,Diesel,Automatic,First,15.73,1968.0,174.33,5.0,25.0,25.0,11,Audi,5083.0,1
634,Hyundai i20 Sportz Option,Delhi,2013,48454,Petrol,Manual,Second,17.0,1197.0,80.0,5.0,11.75,3.5,13,Hyundai,3461.0,0
635,Tata Safari Storme VX Varicor 400,Jaipur,2017,37000,Diesel,Manual,First,14.1,2179.0,154.0,7.0,16.95,11.25,9,Tata,3700.0,1
636,Honda BR-V i-DTEC VX MT,Kochi,2017,32249,Diesel,Manual,First,21.9,1498.0,98.6,7.0,15.45,10.79,9,Honda,3225.0,1
637,Volkswagen Jetta 2013-2015 2.0L TDI Highline,Kolkata,2013,58000,Diesel,Manual,First,19.33,1968.0,138.03,5.0,11.75,5.9,13,Volkswagen,4143.0,1
638,Hyundai Xcent 1.2 Kappa S Option,Jaipur,2017,28360,Petrol,Manual,First,19.1,1197.0,81.86,5.0,11.75,5.12,9,Hyundai,2836.0,1
639,Maruti Ignis 1.2 Alpha,Mumbai,2017,7000,Petrol,Manual,First,20.89,1197.0,81.8,5.0,7.87,5.7,9,Maruti,700.0,1
640,BMW 5 Series 2013-2017 520d Luxury Line,Coimbatore,2016,19658,Diesel,Automatic,First,18.12,1995.0,190.0,5.0,35.84,35.84,10,BMW,1787.0,1
641,Ford Ikon 1.3 CLXi,Hyderabad,2007,92000,Petrol,Manual,First,13.8,1299.0,70.0,5.0,11.75,1.25,19,Ford,4600.0,1
642,Hyundai i10 Sportz,Kolkata,2013,25000,Petrol,Manual,First,20.36,1197.0,78.9,5.0,11.75,2.65,13,Hyundai,1786.0,1
643,Hyundai Verna 1.6 CRDI,Coimbatore,2016,37882,Diesel,Manual,First,22.32,1582.0,126.3,5.0,11.75,9.19,10,Hyundai,3444.0,1
644,BMW 3 Series 320d Highline,Bangalore,2014,69330,Diesel,Automatic,First,16.07,1995.0,181.0,5.0,23.5,23.5,12,BMW,5333.0,1
645,Mercedes-Benz E-Class 2009-2013 E200 CGI Blue Efficiency,Delhi,2011,61000,Petrol,Automatic,First,12.3,1796.0,185.0,5.0,12.5,12.5,15,Mercedes-Benz,3812.0,1
646,Chevrolet Beat Option Pack,Kolkata,2010,35000,Petrol,Manual,Second,18.6,1199.0,79.4,5.0,11.75,1.5,16,Chevrolet,2059.0,0
649,Mahindra XUV500 W8 2WD,Delhi,2012,72450,Diesel,Manual,First,15.1,2179.0,140.0,7.0,11.75,8.1,14,Mahindra,4830.0,1
650,Maruti Ciaz ZDi Plus SHVS,Jaipur,2017,36381,Diesel,Manual,First,28.09,1248.0,88.5,5.0,11.75,9.75,9,Maruti,3638.0,1
651,Mercedes-Benz New C-Class C 250 CDI Avantgarde,Coimbatore,2017,25559,Diesel,Automatic,First,19.71,2143.0,201.15,5.0,37.93,37.93,9,Mercedes-Benz,2556.0,1
652,Honda City ZX CVT,Chennai,2005,100000,Petrol,Automatic,Third,16.4,1497.0,78.0,5.0,11.75,1.96,21,Honda,4545.0,0
653,Toyota Fortuner 4x2 4 Speed AT,Jaipur,2015,94000,Diesel,Automatic,First,11.5,2982.0,169.0,7.0,20.5,20.5,11,Toyota,7833.0,1
654,Maruti Alto K10 VXI,Bangalore,2011,64357,Petrol,Manual,First,24.07,998.0,67.1,5.0,4.7,2.75,15,Maruti,4022.0,1
655,Jaguar XJ 2.0L Portfolio,Mumbai,2017,10501,Petrol,Automatic,First,9.43,1999.0,237.4,5.0,75.0,75.0,9,Jaguar,1050.0,1
656,Hyundai i20 1.4 Magna ABS,Chennai,2009,47000,Diesel,Manual,First,21.9,1396.0,90.0,5.0,11.75,2.8,17,Hyundai,2611.0,1
657,Honda BRV i-VTEC V CVT,Mumbai,2017,18000,Petrol,Automatic,First,16.0,1497.0,117.3,7.0,15.02,9.25,9,Honda,1800.0,1
658,Toyota Corolla Executive (HE),Chennai,2007,89000,Petrol,Manual,First,13.4,1794.0,125.0,5.0,11.75,3.0,19,Toyota,4450.0,1
659,Audi A6 2011-2015 2.0 TDI Premium Plus,Coimbatore,2014,49964,Diesel,Automatic,First,17.68,1968.0,174.33,5.0,23.89,23.89,12,Audi,3843.0,1
660,Toyota Innova 2.5 ZX Diesel 7 Seater BSIII,Mumbai,2014,35000,Diesel,Manual,First,12.99,2494.0,100.6,7.0,12.75,12.75,12,Toyota,2692.0,1
661,Hyundai Grand i10 CRDi Sportz,Jaipur,2014,64000,Diesel,Manual,First,24.0,1120.0,70.0,5.0,11.75,4.15,12,Hyundai,4923.0,1
662,Volkswagen Vento IPL II Petrol Highline AT,Mumbai,2013,36000,Petrol,Automatic,First,14.8,1598.0,105.0,5.0,11.75,4.65,13,Volkswagen,2571.0,1
663,Toyota Innova 2.5 VX (Diesel) 7 Seater BS IV,Delhi,2012,78600,Diesel,Manual,First,12.8,2494.0,102.0,7.0,11.75,8.9,14,Toyota,5240.0,1
664,Hyundai Verna CRDi SX,Jaipur,2008,170000,Diesel,Manual,Second,16.8,1493.0,110.0,5.0,11.75,1.5,18,Hyundai,8947.0,0
665,Maruti Ritz VDi,Pune,2015,65000,Diesel,Manual,Second,23.2,1248.0,73.94,5.0,11.75,3.27,11,Maruti,5417.0,0
666,Audi Q7 3.0 TDI Quattro Technology,Pune,2008,120300,Diesel,Automatic,Second,12.07,2967.0,241.4,7.0,18.0,18.0,18,Audi,6332.0,0
667,Hyundai i20 Asta Option 1.2,Pune,2016,21000,Petrol,Manual,First,18.6,1197.0,81.83,5.0,11.75,6.3,10,Hyundai,1909.0,1
668,Maruti Vitara Brezza ZDi Plus Dual Tone,Coimbatore,2017,18108,Diesel,Manual,First,24.3,1248.0,88.5,5.0,12.56,11.31,9,Maruti,1811.0,1
669,Honda City i VTEC S,Pune,2014,58407,Petrol,Manual,First,17.4,1497.0,117.3,5.0,11.75,6.16,12,Honda,4493.0,1
670,Maruti Ciaz ZXi,Pune,2014,49500,Petrol,Manual,First,20.73,1373.0,91.1,5.0,11.75,6.0,12,Maruti,3808.0,1
671,Nissan Sunny XV CVT,Kochi,2013,37199,Petrol,Automatic,First,17.5,1498.0,99.6,5.0,11.33,5.43,13,Nissan,2657.0,1
672,Volkswagen Polo Diesel Highline 1.2L,Hyderabad,2012,62000,Diesel,Manual,First,22.07,1199.0,73.9,5.0,11.75,4.65,14,Volkswagen,4133.0,1
673,Maruti Ertiga ZDI,Hyderabad,2015,59000,Diesel,Manual,First,20.77,1248.0,88.8,7.0,12.34,7.5,11,Maruti,4917.0,1
674,Maruti Swift Dzire VDI,Jaipur,2015,60000,Diesel,Manual,First,26.59,1248.0,74.0,5.0,11.75,6.25,11,Maruti,5000.0,1
675,Mercedes-Benz New C-Class C 220 CDI Elegance AT,Bangalore,2007,39037,Diesel,Automatic,First,14.84,2143.0,170.0,5.0,11.75,9.25,19,Mercedes-Benz,1952.0,1
676,Honda Brio S MT,Mumbai,2013,17003,Petrol,Manual,First,19.4,1198.0,86.8,5.0,11.75,3.15,13,Honda,1214.0,1
677,Hyundai i10 Magna Optional 1.1L,Hyderabad,2008,80400,Petrol,Manual,First,16.0,1086.0,66.7,5.0,11.75,2.3,18,Hyundai,4232.0,1
678,Hyundai Verna 1.6 SX CRDi (O),Jaipur,2012,75200,Diesel,Manual,First,22.32,1582.0,126.32,5.0,11.75,5.25,14,Hyundai,5013.0,1
679,Maruti Ciaz VDI SHVS,Kochi,2017,41217,Diesel,Manual,First,28.09,1248.0,88.5,5.0,11.75,7.4,9,Maruti,4122.0,1
680,Ford Ikon 1.3 Flair,Pune,2006,98293,Petrol,Manual,Second,13.8,1299.0,70.0,5.0,11.75,1.55,20,Ford,4681.0,0
681,Volkswagen Polo 1.2 MPI Highline,Pune,2017,54000,Petrol,Manual,Second,16.2,1199.0,74.0,5.0,11.75,6.0,9,Volkswagen,5400.0,0
682,Honda Jazz 1.2 V i VTEC,Chennai,2016,17377,Petrol,Manual,First,18.7,1199.0,88.7,5.0,11.75,5.9,10,Honda,1580.0,1
683,Honda Amaze EX i-Dtech,Bangalore,2013,33800,Diesel,Manual,Second,25.8,1498.0,98.6,5.0,11.75,4.7,13,Honda,2414.0,0
684,Hyundai i20 Asta 1.4 CRDi,Hyderabad,2015,86157,Diesel,Manual,First,22.54,1396.0,88.73,5.0,11.75,6.5,11,Hyundai,7180.0,1
685,Maruti Ritz VDi,Hyderabad,2012,146824,Diesel,Manual,First,21.1,1248.0,73.9,5.0,11.75,3.55,14,Maruti,9788.0,1
686,Honda City V MT,Chennai,2014,55000,Petrol,Manual,First,16.8,1497.0,116.3,5.0,11.75,7.1,12,Honda,4231.0,1
687,Skoda Superb 1.8 TSI MT,Hyderabad,2010,53293,Petrol,Manual,First,13.14,1798.0,160.0,5.0,11.75,6.0,16,Skoda,3135.0,1
688,Maruti Vitara Brezza LDi Option,Pune,2017,38000,Diesel,Manual,First,24.3,1248.0,88.5,5.0,11.75,7.99,9,Maruti,3800.0,1
689,Hyundai i20 Asta,Bangalore,2009,64000,Petrol,Manual,Second,17.0,1197.0,80.0,5.0,11.75,4.1,17,Hyundai,3556.0,0
690,Maruti Alto K10 VXI AGS,Hyderabad,2017,25058,Petrol,Automatic,First,24.07,998.0,67.1,5.0,11.75,3.95,9,Maruti,2506.0,1
691,Hyundai EON Era Plus,Kochi,2016,36700,Petrol,Manual,First,21.1,814.0,55.2,5.0,11.75,4.38,10,Hyundai,3336.0,1
692,Hyundai i10 Sportz,Mumbai,2011,35000,Petrol,Manual,First,20.36,1197.0,78.9,5.0,11.75,2.75,15,Hyundai,2188.0,1
693,Mercedes-Benz SLK-Class SLK 350,Coimbatore,2016,22732,Petrol,Automatic,First,18.1,3498.0,306.0,2.0,55.54,55.54,10,Mercedes-Benz,2067.0,1
694,Audi A6 2.0 TDI Design Edition,Hyderabad,2014,48000,Diesel,Automatic,First,18.53,1968.0,187.74,5.0,29.0,29.0,12,Audi,3692.0,1
695,Ford EcoSport 1.5 TDCi Titanium,Bangalore,2013,62084,Diesel,Manual,First,22.77,1498.0,98.59,5.0,11.75,6.6,13,Ford,4435.0,1
696,Volkswagen Passat Highline DSG,Kolkata,2012,39273,Diesel,Automatic,First,14.3,1968.0,140.0,5.0,11.75,6.99,14,Volkswagen,2618.0,1
697,Toyota Innova Crysta 2.4 ZX MT,Bangalore,2017,64798,Diesel,Manual,First,13.68,2393.0,147.8,7.0,26.45,18.75,9,Toyota,6480.0,1
698,Ford Figo Diesel ZXI,Jaipur,2010,100002,Diesel,Manual,Third,20.0,1399.0,68.0,5.0,11.75,1.28,16,Ford,5882.0,0
699,Chevrolet Aveo 1.4,Pune,2006,78000,Petrol,Manual,Third,14.49,1399.0,92.7,5.0,11.75,1.2,20,Chevrolet,3714.0,0
700,Maruti Ritz LXi,Coimbatore,2013,57717,Petrol,Manual,First,18.5,1197.0,85.8,5.0,11.75,4.31,13,Maruti,4123.0,1
701,Land Rover Freelander 2 SE,Chennai,2011,109000,Diesel,Automatic,First,12.39,2179.0,147.51,5.0,16.5,16.5,15,Land,6812.0,1
702,Hyundai Grand i10 Asta,Coimbatore,2017,74515,Petrol,Manual,First,18.9,1197.0,82.0,5.0,11.75,5.64,9,Hyundai,7452.0,1
703,Ford Endeavour 3.2 Trend AT 4X4,Coimbatore,2017,50484,Diesel,Automatic,First,10.91,3198.0,197.2,7.0,31.12,31.12,9,Ford,5048.0,1
704,Audi Q5 2008-2012 2.0 TDI,Kochi,2013,13452,Diesel,Automatic,First,12.8,1968.0,167.6,5.0,25.46,25.46,13,Audi,961.0,1
705,Hyundai Verna 1.6 VTVT,Kochi,2017,37688,Petrol,Manual,First,17.01,1591.0,121.3,5.0,11.75,7.88,9,Hyundai,3769.0,1
706,Mercedes-Benz E-Class 2015-2017 E250 CDI Avantgarde,Chennai,2017,34000,Diesel,Automatic,First,13.0,2143.0,204.0,5.0,36.0,36.0,9,Mercedes-Benz,3400.0,1
707,Mercedes-Benz M-Class ML 350 4Matic,Pune,2014,120000,Diesel,Automatic,First,0.0,2987.0,165.0,5.0,30.0,30.0,12,Mercedes-Benz,9231.0,1
708,Maruti Swift Dzire ZXi,Pune,2008,64000,Petrol,Manual,Second,17.5,1298.0,85.8,5.0,11.75,2.85,18,Maruti,3368.0,0
709,Honda City 1.3 EXI S,Delhi,2011,100000,Petrol,Manual,First,13.0,1343.0,90.0,5.0,11.75,3.5,15,Honda,6250.0,1
710,Renault Duster 85PS Diesel RxL Optional,Jaipur,2014,75000,Diesel,Manual,First,20.46,1461.0,83.8,5.0,11.75,7.5,12,Renault,5769.0,1
711,Mercedes-Benz New C-Class 220 CDI AT,Hyderabad,2012,86000,Diesel,Automatic,First,14.84,2143.0,170.0,5.0,19.0,19.0,14,Mercedes-Benz,5733.0,1
712,BMW X5 xDrive 30d Design Pure Experience 5 Seater,Hyderabad,2015,69000,Diesel,Automatic,First,15.97,2993.0,258.0,5.0,54.0,54.0,11,BMW,5750.0,1
713,Hyundai Xcent 1.2 Kappa SX Option,Kochi,2015,41721,Petrol,Manual,First,19.1,1197.0,82.0,5.0,11.75,4.7,11,Hyundai,3477.0,1
714,Maruti Dzire AMT ZXI Plus,Hyderabad,2017,13000,Petrol,Automatic,First,22.0,1197.0,81.8,5.0,10.34,8.5,9,Maruti,1300.0,1
715,BMW 3 Series 320d Corporate Edition,Kolkata,2013,38998,Diesel,Automatic,First,16.07,1995.0,181.0,4.0,17.0,17.0,13,BMW,2786.0,1
716,Maruti Alto 800 LXI,Kochi,2017,54250,Petrol,Manual,First,22.74,796.0,47.3,5.0,11.75,3.51,9,Maruti,5425.0,1
717,Audi A4 2.0 TDI 177 Bhp Premium Plus,Bangalore,2013,45979,Diesel,Automatic,Second,17.11,1968.0,174.33,5.0,19.5,19.5,13,Audi,3284.0,0
718,Mini Cooper S,Pune,2012,37000,Petrol,Automatic,Second,13.6,1598.0,181.0,4.0,17.0,17.0,14,Mini,2467.0,0
719,Audi Q7 3.0 TDI Quattro Premium Plus,Coimbatore,2015,46983,Diesel,Automatic,Second,12.07,2967.0,241.4,7.0,43.35,43.35,11,Audi,3915.0,0
720,Chevrolet Beat Diesel LT,Bangalore,2012,40700,Diesel,Manual,First,25.44,936.0,57.6,5.0,11.75,2.65,14,Chevrolet,2713.0,1
721,Maruti Wagon R LXI BS IV,Kochi,2015,43828,Petrol,Manual,First,20.51,998.0,67.04,5.0,11.75,3.52,11,Maruti,3652.0,1
722,Nissan Terrano XV Premium 110 PS,Kolkata,2016,53000,Diesel,Manual,First,19.01,1461.0,108.5,5.0,11.75,6.25,10,Nissan,4818.0,1
723,BMW 3 Series 320d Luxury Plus,Ahmedabad,2015,100000,Diesel,Automatic,First,18.88,1995.0,184.0,5.0,24.75,24.75,11,BMW,8333.0,1
724,Maruti Swift Dzire VXI,Mumbai,2015,19000,Petrol,Manual,First,20.85,1197.0,83.14,5.0,11.75,5.25,11,Maruti,1583.0,1
725,Skoda Yeti Elegance 4X2,Jaipur,2016,84000,Diesel,Manual,First,17.72,1968.0,108.5,5.0,11.75,11.0,10,Skoda,7636.0,1
726,Ford EcoSport 1.5 Ti VCT AT Titanium,Kochi,2018,37630,Petrol,Automatic,First,15.63,1499.0,110.4,5.0,11.75,9.1,8,Ford,4181.0,1
727,Hyundai i20 1.2 Magna,Chennai,2010,67714,Petrol,Manual,First,18.5,1197.0,80.0,5.0,11.75,3.25,16,Hyundai,3983.0,1
728,Maruti S Cross DDiS 200 Sigma Option,Pune,2017,32000,Diesel,Manual,First,15.0,1248.0,88.5,5.0,11.75,8.5,9,Maruti,3200.0,1
729,Hyundai Verna Transform VTVT,Pune,2010,51000,Petrol,Manual,First,16.2,1599.0,103.2,5.0,11.75,3.1,16,Hyundai,3000.0,1
730,BMW 3 Series 320d Luxury Line,Kochi,2015,58390,Diesel,Automatic,First,18.88,1995.0,184.0,5.0,54.43,19.86,11,BMW,4866.0,1
731,Hyundai Grand i10 1.2 CRDi Magna,Kolkata,2017,14000,Diesel,Manual,First,24.0,1186.0,73.97,5.0,7.46,4.9,9,Hyundai,1400.0,1
732,Honda City i-VTEC V,Delhi,2014,55818,Petrol,Manual,Second,17.4,1497.0,117.3,5.0,11.85,5.7,12,Honda,4294.0,0
733,Maruti Swift 1.3 VXi,Chennai,2006,97800,Petrol,Manual,Third,16.1,1497.0,98.6,5.0,11.75,1.75,20,Maruti,4657.0,0
734,Maruti Swift VDI BSIV,Kolkata,2012,52241,Diesel,Manual,First,25.2,1248.0,74.0,5.0,11.75,2.9,14,Maruti,3483.0,1
735,Maruti Baleno Zeta 1.3,Coimbatore,2018,25433,Diesel,Manual,First,27.39,1248.0,74.0,5.0,11.75,7.83,8,Maruti,2826.0,1
736,Tata Safari Storme 2012-2015 LX,Kochi,2015,40611,Diesel,Manual,First,14.0,2179.0,138.1,7.0,11.75,8.15,11,Tata,3384.0,1
737,Hyundai Accent GLS,Bangalore,2008,72000,Petrol,Manual,Second,13.2,1495.0,94.0,5.0,11.75,2.0,18,Hyundai,3789.0,0
738,Maruti Swift LDI SP Limited Edition,Hyderabad,2016,54631,Diesel,Manual,First,25.2,1248.0,74.0,5.0,11.75,6.25,10,Maruti,4966.0,1
740,Tata Nano XTA,Coimbatore,2016,24941,Petrol,Automatic,First,21.9,624.0,37.48,4.0,11.75,3.19,10,Tata,2267.0,1
741,Maruti Ertiga VDI,Ahmedabad,2017,63939,Diesel,Manual,First,25.47,1248.0,88.5,7.0,10.41,7.75,9,Maruti,6394.0,1
742,Maruti Celerio VXI AMT,Delhi,2014,35214,Petrol,Automatic,Second,23.1,998.0,67.04,5.0,5.57,3.2,12,Maruti,2709.0,0
743,Maruti Swift VDI BSIV,Delhi,2015,63000,Diesel,Manual,First,25.2,1248.0,74.0,5.0,11.75,4.9,11,Maruti,5250.0,1
744,Volkswagen Vento Petrol Highline,Kochi,2012,121377,Petrol,Manual,First,15.04,1598.0,103.6,5.0,11.75,3.8,14,Volkswagen,8092.0,1
745,Volkswagen Jetta 2007-2011 1.9 Highline TDI,Chennai,2009,100970,Diesel,Automatic,First,15.5,1896.0,105.0,5.0,11.75,4.0,17,Volkswagen,5609.0,1
746,Mini Cooper 5 DOOR D,Hyderabad,2014,60000,Diesel,Automatic,Second,20.7,1496.0,113.98,5.0,42.48,23.5,12,Mini,4615.0,0
747,Tata Indica V2 DLS,Chennai,2008,77650,Diesel,Manual,First,17.2,1396.0,53.5,5.0,11.75,1.15,18,Tata,4087.0,1
749,Land Rover Range Rover 3.0 D,Mumbai,2008,55001,Diesel,Automatic,Second,0.0,1497.0,98.6,5.0,26.5,26.5,18,Land,2895.0,0
750,Honda City i-VTEC CVT VX,Bangalore,2015,18955,Petrol,Automatic,First,18.0,1497.0,117.3,5.0,16.04,10.65,11,Honda,1580.0,1
751,Jaguar XF 2.2 Litre Luxury,Coimbatore,2016,47877,Diesel,Automatic,First,16.36,2179.0,187.7,5.0,35.68,35.68,10,Jaguar,4352.0,1
752,Mercedes-Benz E-Class 2015-2017 E250 Edition E,Kochi,2017,43368,Diesel,Automatic,First,15.0,2143.0,204.0,5.0,31.94,31.94,9,Mercedes-Benz,4337.0,1
753,Chevrolet Cruze LTZ,Chennai,2011,73000,Diesel,Manual,Third,18.3,1991.0,147.9,5.0,11.75,4.2,15,Chevrolet,4562.0,0
754,Mahindra XUV500 W8 2WD,Ahmedabad,2015,72007,Diesel,Manual,First,15.1,2179.0,140.0,7.0,11.75,9.9,11,Mahindra,6001.0,1
755,Mercedes-Benz New C-Class C 200 CGI Avantgarde,Kochi,2014,56778,Petrol,Automatic,First,11.74,1796.0,186.0,5.0,15.46,15.46,12,Mercedes-Benz,4368.0,1
756,Honda Jazz VX,Kochi,2018,20024,Petrol,Manual,First,18.2,1199.0,88.7,5.0,9.1,8.46,8,Honda,2225.0,1
757,Toyota Etios G,Kolkata,2013,42103,Petrol,Manual,First,16.78,1496.0,88.73,5.0,11.75,3.25,13,Toyota,3007.0,1
758,Maruti Alto LXi BSIII,Hyderabad,2012,67147,Petrol,Manual,First,19.7,796.0,46.3,5.0,11.75,2.6,14,Maruti,4476.0,1
759,Maruti Swift VXI BSIV,Coimbatore,2016,37806,Petrol,Manual,First,20.4,1197.0,81.8,5.0,11.75,5.2,10,Maruti,3437.0,1
760,Maruti A-Star Vxi,Pune,2009,85000,Petrol,Manual,Third,19.0,998.0,66.1,5.0,11.75,1.8,17,Maruti,4722.0,0
761,Tata Nano Lx BSIV,Chennai,2011,35000,Petrol,Manual,First,25.4,624.0,37.48,4.0,11.75,1.6,15,Tata,2188.0,1
762,Ford Figo Titanium Diesel,Kolkata,2015,72035,Diesel,Manual,First,25.5,1498.0,99.0,5.0,7.65,2.5,11,Ford,6003.0,1
763,Fiat Linea Emotion,Jaipur,2011,48500,Petrol,Manual,First,16.0,1368.0,90.0,5.0,11.75,2.5,15,Fiat,3031.0,1
764,Ford Figo Aspire 1.2 Ti-VCT Trend,Coimbatore,2017,28854,Petrol,Manual,First,18.16,1196.0,86.8,5.0,11.75,6.7,9,Ford,2885.0,1
765,Maruti Baleno LXI,Hyderabad,2005,92450,Petrol,Manual,First,15.4,1590.0,94.0,5.0,11.75,1.2,21,Maruti,4202.0,1
766,BMW 3 Series 320d Luxury Line,Coimbatore,2016,14351,Diesel,Automatic,First,18.88,1995.0,184.0,5.0,54.43,35.55,10,BMW,1305.0,1
767,Chevrolet Cruze LTZ,Jaipur,2017,51087,Diesel,Manual,First,17.9,1998.0,163.7,5.0,11.75,7.75,9,Chevrolet,5109.0,1
768,Mahindra Scorpio 2.6 DX,Chennai,2005,50000,Diesel,Manual,First,12.7,2609.0,116.6,8.0,11.75,1.94,21,Mahindra,2273.0,1
769,Tata Indica V2 eLS,Hyderabad,2016,73000,Diesel,Manual,First,25.0,1396.0,69.0,5.0,11.75,2.2,10,Tata,6636.0,1
770,Chevrolet Cruze LTZ AT,Ahmedabad,2011,60000,Diesel,Automatic,First,18.1,1991.0,147.9,4.0,11.75,3.8,15,Chevrolet,3750.0,1
771,Toyota Innova 2.5 V Diesel 8-seater,Chennai,2016,50000,Diesel,Manual,First,12.8,2494.0,102.0,8.0,15.65,15.65,10,Toyota,4545.0,1
772,Mercedes-Benz New C-Class C 220d Avantgarde Edition C,Coimbatore,2018,36797,Diesel,Automatic,First,19.27,2143.0,167.62,5.0,39.47,39.47,8,Mercedes-Benz,4089.0,1
773,Maruti Ritz VXi,Kolkata,2011,50000,Petrol,Manual,Second,18.5,1197.0,85.8,5.0,11.75,1.5,15,Maruti,3125.0,0
774,Toyota Innova 2.5 GX (Diesel) 8 Seater BS IV,Ahmedabad,2013,94000,Diesel,Manual,First,12.8,2494.0,102.0,8.0,11.75,8.85,13,Toyota,6714.0,1
775,Toyota Fortuner 4x4 MT,Bangalore,2013,74000,Diesel,Manual,Second,12.55,2982.0,168.5,7.0,17.9,17.9,13,Toyota,5286.0,0
776,Hyundai i10 Sportz AT,Coimbatore,2014,41016,Petrol,Automatic,Second,16.95,1197.0,78.9,5.0,11.75,5.08,12,Hyundai,3155.0,0
777,Hyundai Verna 1.6 SX,Bangalore,2012,67000,Diesel,Manual,First,22.32,1582.0,126.32,5.0,11.75,6.25,14,Hyundai,4467.0,1
778,Audi Q3 2012-2015 35 TDI Quattro Premium Plus,Bangalore,2015,76927,Diesel,Automatic,First,15.73,1968.0,174.33,5.0,22.75,22.75,11,Audi,6411.0,1
779,Chevrolet Beat LS,Kolkata,2010,17088,Petrol,Manual,First,18.6,1199.0,79.4,5.0,11.75,1.46,16,Chevrolet,1005.0,1
780,Ford Fiesta 1.4 Duratorq ZXI,Pune,2007,112808,Diesel,Manual,Second,17.8,1399.0,68.0,5.0,11.75,2.05,19,Ford,5640.0,0
781,Ford Figo Diesel EXI,Coimbatore,2014,74980,Diesel,Manual,First,20.0,1399.0,68.0,5.0,11.75,4.08,12,Ford,5768.0,1
782,Maruti Celerio VXI AT,Hyderabad,2014,44600,Petrol,Automatic,First,23.1,998.0,67.04,5.0,11.75,4.55,12,Maruti,3431.0,1
783,Mercedes-Benz A Class A180 CDI,Mumbai,2013,37000,Diesel,Automatic,First,20.0,2143.0,107.3,5.0,14.0,14.0,13,Mercedes-Benz,2643.0,1
784,Hyundai Creta 1.6 SX,Ahmedabad,2016,21000,Petrol,Manual,First,15.8,1591.0,121.3,5.0,13.74,10.9,10,Hyundai,1909.0,1
785,Maruti Wagon R VXI BS IV,Bangalore,2010,81245,Petrol,Manual,First,18.9,998.0,67.1,5.0,11.75,2.45,16,Maruti,4779.0,1
786,Mercedes-Benz E-Class 2009-2013 E 220 CDI Avantgarde,Delhi,2013,70000,Diesel,Automatic,First,10.0,2148.0,170.0,5.0,15.8,15.8,13,Mercedes-Benz,5000.0,1
787,Ford EcoSport 1.5 Ti VCT MT Titanium BE,Mumbai,2017,4018,Petrol,Manual,First,18.88,1499.0,110.4,5.0,11.75,8.25,9,Ford,402.0,1
788,Renault Koleos 2.0 Diesel,Delhi,2013,70000,Diesel,Automatic,Second,13.73,1995.0,148.0,5.0,11.75,8.5,13,Renault,5000.0,0
789,Mahindra XUV500 W10 2WD,Coimbatore,2016,56532,Diesel,Manual,First,16.0,2179.0,140.0,7.0,15.54,15.54,10,Mahindra,5139.0,1
790,Maruti Omni E 8 Str STD,Hyderabad,2013,26875,Petrol,Manual,First,16.8,796.0,34.2,8.0,11.75,2.35,13,Maruti,1920.0,1
791,Maruti Wagon R VXI,Coimbatore,2015,72599,Petrol,Manual,First,22.5,998.0,67.04,5.0,5.72,4.32,11,Maruti,6050.0,1
792,Ford Endeavour XLT TDCi 4X2,Jaipur,2008,205000,Diesel,Manual,Second,13.1,2499.0,141.0,7.0,11.75,3.9,18,Ford,10789.0,0
793,Hyundai Verna 1.6 SX,Hyderabad,2011,98000,Diesel,Manual,Second,22.32,1582.0,126.32,5.0,11.75,5.2,15,Hyundai,6125.0,0
794,Hyundai i20 Magna 1.2,Mumbai,2018,19500,Petrol,Manual,First,18.6,1197.0,81.83,5.0,11.75,5.85,8,Hyundai,2167.0,1
795,Maruti Ertiga ZXI,Bangalore,2013,68000,Petrol,Manual,Second,16.02,1373.0,93.7,7.0,11.75,6.25,13,Maruti,4857.0,0
796,Mahindra XUV500 W9 AT,Coimbatore,2019,19654,Diesel,Automatic,First,14.0,2179.0,155.0,7.0,21.33,17.63,7,Mahindra,2457.0,1
797,Maruti SX4 S Cross DDiS 200 Zeta,Mumbai,2017,26000,Diesel,Manual,First,23.65,1248.0,88.5,5.0,11.75,9.75,9,Maruti,2600.0,1
798,Mercedes-Benz SLK-Class SLK 350,Bangalore,2015,10000,Petrol,Automatic,First,18.1,3498.0,306.0,2.0,55.0,55.0,11,Mercedes-Benz,833.0,1
799,Volkswagen Polo Diesel Comfortline 1.2L,Hyderabad,2011,75020,Diesel,Manual,First,22.07,1199.0,73.9,5.0,11.75,4.1,15,Volkswagen,4689.0,1
800,Toyota Fortuner 4x4 MT,Hyderabad,2011,157000,Diesel,Manual,First,12.55,2982.0,168.5,7.0,11.99,11.99,15,Toyota,9812.0,1
801,Mahindra XUV500 W10 2WD,Kochi,2017,43773,Diesel,Manual,First,16.0,2179.0,140.0,7.0,13.54,13.54,9,Mahindra,4377.0,1
802,Mercedes-Benz GLE 250d,Mumbai,2016,21000,Diesel,Automatic,First,17.9,2143.0,201.15,5.0,78.76,56.0,10,Mercedes-Benz,1909.0,1
803,Honda Jazz 1.2 VX i VTEC,Chennai,2016,23280,Petrol,Manual,First,18.7,1199.0,88.7,5.0,11.75,6.5,10,Honda,2116.0,1
804,Maruti Swift Dzire VDI,Pune,2013,88000,Diesel,Manual,First,23.4,1248.0,74.0,5.0,11.75,4.75,13,Maruti,6286.0,1
805,Hyundai Verna 1.6 SX VTVT,Hyderabad,2014,67000,Petrol,Manual,First,17.01,1591.0,121.3,5.0,11.75,5.6,12,Hyundai,5154.0,1
806,Ford Endeavour 3.2 Titanium AT 4X4,Coimbatore,2017,59636,Diesel,Automatic,First,10.91,3198.0,197.0,7.0,29.2,29.2,9,Ford,5964.0,1
807,Hyundai i20 1.2 Asta Option,Kolkata,2018,11000,Petrol,Manual,First,18.6,1197.0,81.83,5.0,11.75,6.35,8,Hyundai,1222.0,1
808,Honda City 1.5 V MT Sunroof,Mumbai,2013,60669,Petrol,Manual,First,16.8,1497.0,116.3,5.0,11.75,4.95,13,Honda,4334.0,1
809,Honda Amaze VX Diesel,Hyderabad,2018,12000,Diesel,Manual,First,27.4,1498.0,98.6,5.0,10.34,8.5,8,Honda,1333.0,1
810,Hyundai Verna 1.6 SX VTVT (O),Kolkata,2013,35000,Petrol,Manual,First,17.1,1591.0,121.3,5.0,11.75,4.5,13,Hyundai,2500.0,1
811,Honda Mobilio S i DTEC,Chennai,2015,65000,Diesel,Manual,First,24.2,1498.0,98.6,7.0,11.75,5.5,11,Honda,5417.0,1
812,Maruti Ertiga ZDI,Kochi,2013,39929,Diesel,Manual,First,20.77,1248.0,88.8,7.0,12.34,6.56,13,Maruti,2852.0,1
813,Maruti Alto K10 LXI,Pune,2014,49000,Petrol,Manual,First,24.07,998.0,67.1,5.0,4.29,2.3,12,Maruti,3769.0,1
814,Toyota Qualis FS B2,Pune,2004,77757,Diesel,Manual,Second,13.1,2446.0,75.0,10.0,11.75,3.5,22,Toyota,3381.0,0
815,Hyundai i10 Sportz,Kochi,2016,21456,Petrol,Manual,First,20.36,1197.0,78.9,5.0,11.75,4.55,10,Hyundai,1951.0,1
816,Skoda Laura 1.9 TDI AT Ambiente,Bangalore,2009,74000,Diesel,Automatic,Second,17.0,1896.0,105.0,5.0,11.75,7.75,17,Skoda,4111.0,0
817,Hyundai i20 Asta Option 1.2,Mumbai,2015,37000,Petrol,Manual,Second,18.6,1197.0,81.83,5.0,11.75,5.25,11,Hyundai,3083.0,0
818,BMW 5 Series 2003-2012 530d Highline,Coimbatore,2013,108640,Diesel,Automatic,First,11.5,2993.0,235.0,5.0,23.29,23.29,13,BMW,7760.0,1
819,BMW 3 Series 320d M Sport,Mumbai,2016,38000,Diesel,Automatic,First,22.69,1995.0,190.0,5.0,23.99,23.99,10,BMW,3455.0,1
820,Chevrolet Aveo 1.4 LT ABS BSIV,Pune,2010,80000,Petrol,Manual,First,14.49,1399.0,92.7,5.0,11.75,1.79,16,Chevrolet,4706.0,1
821,Mercedes-Benz E-Class 2009-2013 E250 CDI Elegance,Mumbai,2011,47000,Diesel,Automatic,Second,14.21,2143.0,203.0,5.0,13.9,13.9,15,Mercedes-Benz,2938.0,0
822,Audi A6 2011-2015 2.0 TDI Premium Plus,Kolkata,2013,31000,Diesel,Automatic,First,17.68,1968.0,174.33,5.0,18.95,18.95,13,Audi,2214.0,1
823,Maruti Wagon R LXI BS IV,Kolkata,2014,40000,Petrol,Manual,First,20.51,998.0,67.04,5.0,11.75,2.49,12,Maruti,3077.0,1
824,Renault KWID RXT,Jaipur,2016,4152,Petrol,Manual,First,25.17,799.0,53.3,5.0,11.75,3.15,10,Renault,377.0,1
825,Volkswagen Ameo 1.5 TDI Highline,Mumbai,2017,51000,Diesel,Manual,First,21.66,1498.0,108.62,5.0,10.04,6.45,9,Volkswagen,5100.0,1
826,Volkswagen Polo Diesel Comfortline 1.2L,Ahmedabad,2013,55000,Diesel,Manual,First,22.07,1199.0,73.9,5.0,11.75,4.25,13,Volkswagen,3929.0,1
827,Maruti Alto 800 LXI,Hyderabad,2014,58500,Petrol,Manual,First,22.74,796.0,47.3,5.0,11.75,2.75,12,Maruti,4500.0,1
828,Hyundai i20 Asta Option 1.2,Kochi,2017,58620,Petrol,Manual,First,18.6,1197.0,81.83,5.0,11.75,7.14,9,Hyundai,5862.0,1
830,Hyundai i20 1.2 Sportz,Jaipur,2012,71172,Petrol,Manual,Third,17.0,1197.0,80.0,5.0,11.75,3.5,14,Hyundai,4745.0,0
831,Hyundai i20 1.4 Asta,Chennai,2017,12000,Diesel,Manual,First,22.54,1396.0,88.73,5.0,11.75,7.3,9,Hyundai,1200.0,1
832,Maruti Wagon R LXI Optional,Kolkata,2014,25000,Petrol,Manual,First,20.51,998.0,67.04,5.0,11.75,2.75,12,Maruti,1923.0,1
833,Hyundai i20 1.4 Asta Option,Bangalore,2017,43000,Diesel,Manual,Second,22.54,1396.0,88.73,5.0,11.75,8.2,9,Hyundai,4300.0,0
834,Volkswagen Polo GT TSI,Mumbai,2015,57022,Petrol,Automatic,First,17.21,1197.0,103.6,5.0,11.26,6.51,11,Volkswagen,4752.0,1
835,Ford Figo Diesel Titanium,Pune,2015,92000,Diesel,Manual,First,20.0,1399.0,68.05,5.0,11.75,4.25,11,Ford,7667.0,1
836,Maruti Swift ZXI,Coimbatore,2014,33372,Petrol,Manual,Second,18.6,1197.0,85.8,5.0,11.75,6.21,12,Maruti,2567.0,0
837,Hyundai Grand i10 CRDi Magna,Kochi,2016,52625,Diesel,Manual,First,24.0,1120.0,70.0,5.0,11.75,4.58,10,Hyundai,4784.0,1
838,Mahindra Xylo H4,Chennai,2016,215000,Diesel,Manual,First,14.02,2179.0,118.3,7.0,11.67,7.5,10,Mahindra,19545.0,1
840,Hyundai i10 Magna 1.1,Coimbatore,2014,60138,Petrol,Manual,First,19.81,1086.0,68.05,5.0,11.75,4.09,12,Hyundai,4626.0,1
841,Skoda Octavia Elegance 2.0 TDI AT,Mumbai,2014,84000,Diesel,Automatic,First,19.3,1968.0,141.0,5.0,11.75,10.75,12,Skoda,6462.0,1
842,BMW X5 2014-2019 xDrive 30d Design Pure Experience 7 Seater,Mumbai,2014,47000,Diesel,Automatic,First,15.97,2993.0,258.0,7.0,41.5,41.5,12,BMW,3615.0,1
843,Maruti Celerio VXI AT,Hyderabad,2014,33450,Petrol,Automatic,First,23.1,998.0,67.04,5.0,11.75,4.4,12,Maruti,2573.0,1
844,Volkswagen Vento Diesel Comfortline,Jaipur,2013,125000,Diesel,Manual,Second,20.54,1598.0,103.6,5.0,11.75,6.25,13,Volkswagen,8929.0,0
845,BMW 3 Series 320d Highline,Pune,2011,99606,Diesel,Automatic,Second,16.07,1995.0,181.0,5.0,11.75,10.5,15,BMW,6225.0,0
846,Maruti Ertiga ZDI,Mumbai,2014,64000,Diesel,Manual,First,20.77,1248.0,88.8,7.0,12.34,7.25,12,Maruti,4923.0,1
847,Ford Figo Diesel ZXI,Hyderabad,2013,51000,Diesel,Manual,First,20.0,1399.0,68.05,5.0,11.75,3.2,13,Ford,3643.0,1
848,Volkswagen Polo 1.2 MPI Highline,Mumbai,2014,57000,Petrol,Manual,First,16.47,1198.0,74.0,5.0,11.75,3.95,12,Volkswagen,4385.0,1
849,Audi A6 3.0 TDI quattro,Coimbatore,2009,48040,Diesel,Automatic,Second,16.77,2967.0,241.38,5.0,12.07,12.07,17,Audi,2669.0,0
850,Toyota Innova Crysta 2.4 ZX MT,Pune,2017,43200,Diesel,Manual,First,13.68,2393.0,147.8,7.0,25.52,18.6,9,Toyota,4320.0,1
851,Hyundai Verna 1.6 CRDi EX AT,Delhi,2013,66000,Diesel,Automatic,First,22.32,1582.0,126.3,5.0,11.75,5.7,13,Hyundai,4714.0,1
852,Hyundai Santro Xing GL Plus,Kolkata,2013,31000,Petrol,Manual,First,17.92,1086.0,62.1,5.0,11.75,1.75,13,Hyundai,2214.0,1
853,Audi A4 2.0 TDI,Delhi,2011,46000,Diesel,Automatic,Second,16.55,1968.0,147.51,5.0,11.75,10.99,15,Audi,2875.0,0
854,Audi A4 2.0 TDI,Kolkata,2012,47346,Diesel,Automatic,First,16.55,1968.0,147.51,5.0,14.5,14.5,14,Audi,3156.0,1
855,Skoda Laura 1.9 TDI MT Ambiente,Jaipur,2009,100000,Diesel,Manual,First,17.0,1896.0,105.0,5.0,11.75,3.11,17,Skoda,5556.0,1
856,Honda CR-V 2.0L 2WD AT,Coimbatore,2015,63856,Petrol,Automatic,First,13.7,1997.0,153.86,5.0,13.96,13.96,11,Honda,5321.0,1
857,Hyundai Verna 1.6 SX CRDi (O),Coimbatore,2015,72996,Diesel,Manual,First,22.32,1582.0,126.32,5.0,11.75,7.11,11,Hyundai,6083.0,1
858,Honda Mobilio RS i DTEC,Chennai,2014,23000,Diesel,Manual,First,24.5,1498.0,98.6,7.0,11.75,6.9,12,Honda,1769.0,1
859,Hyundai i20 1.2 Asta Option,Coimbatore,2018,15985,Petrol,Manual,First,18.6,1197.0,81.83,5.0,11.75,7.77,8,Hyundai,1776.0,1
860,Toyota Innova 2.5 G (Diesel) 7 Seater BS IV,Kolkata,2011,98000,Diesel,Manual,Second,12.8,2494.0,102.0,8.0,11.75,5.5,15,Toyota,6125.0,0
861,Hyundai i20 Magna 1.2,Hyderabad,2014,70089,Petrol,Manual,First,18.6,1197.0,81.83,5.0,11.75,5.35,12,Hyundai,5391.0,1
862,Mahindra Bolero VLX BS IV,Chennai,2011,99000,Diesel,Manual,Second,13.6,2523.0,63.0,7.0,11.75,4.5,15,Mahindra,6188.0,0
863,Volkswagen Vento 1.5 TDI Comfortline,Jaipur,2014,72000,Diesel,Manual,First,20.34,1498.0,103.2,5.0,11.65,4.75,12,Volkswagen,5538.0,1
864,Jaguar XF 2.2 Litre Luxury,Coimbatore,2015,44194,Diesel,Automatic,First,16.36,2179.0,187.7,5.0,32.8,32.8,11,Jaguar,3683.0,1
865,Maruti Zen LXi - BS III,Mumbai,2005,102000,Petrol,Manual,First,17.3,993.0,60.0,5.0,11.75,0.7,21,Maruti,4636.0,1
866,Mercedes-Benz E-Class Facelift,Coimbatore,2018,56652,Diesel,Automatic,First,13.0,2987.0,258.0,5.0,50.29,50.29,8,Mercedes-Benz,6295.0,1
867,Toyota Fortuner 3.0 Diesel,Mumbai,2010,41650,Diesel,Manual,Second,11.5,2982.0,171.0,7.0,11.75,10.99,16,Toyota,2450.0,0
868,Hyundai Grand i10 AT Asta,Coimbatore,2015,61717,Petrol,Automatic,First,18.9,1197.0,82.0,5.0,11.75,5.57,11,Hyundai,5143.0,1
869,Hyundai Xcent 1.2 CRDi S,Jaipur,2018,25302,Diesel,Manual,First,25.4,1186.0,73.97,5.0,8.56,5.9,8,Hyundai,2811.0,1
870,Hyundai Creta 1.6 VTVT S,Coimbatore,2016,47016,Petrol,Manual,First,15.29,1591.0,121.3,5.0,11.75,9.43,10,Hyundai,4274.0,1
871,Hyundai i10 Sportz,Bangalore,2010,69000,Petrol,Manual,First,20.36,1197.0,78.9,5.0,11.75,2.9,16,Hyundai,4059.0,1
872,Honda Brio S MT,Delhi,2016,32700,Petrol,Manual,First,19.4,1198.0,86.8,5.0,11.75,3.68,10,Honda,2973.0,1
873,Toyota Fortuner 4x2 AT,Coimbatore,2015,101337,Diesel,Automatic,First,12.55,2982.0,168.5,7.0,21.67,21.67,11,Toyota,8445.0,1
874,Audi A4 2.0 TDI Multitronic,Ahmedabad,2011,59000,Diesel,Automatic,First,16.55,1968.0,140.0,5.0,12.5,12.5,15,Audi,3688.0,1
875,Toyota Innova Crysta 2.8 ZX AT,Kochi,2018,41736,Diesel,Automatic,First,11.36,2755.0,171.5,7.0,27.0,19.92,8,Toyota,4637.0,1
876,Honda City i DTEC VX,Jaipur,2014,71649,Diesel,Manual,First,25.1,1498.0,98.6,5.0,11.75,6.75,12,Honda,5511.0,1
877,Honda City i DTEC VX,Kochi,2015,80606,Diesel,Manual,First,25.1,1498.0,98.6,5.0,11.75,6.96,11,Honda,6717.0,1
878,Renault KWID 1.0 RXT Optional,Jaipur,2017,63262,Petrol,Manual,First,21.7,999.0,67.0,5.0,4.78,3.25,9,Renault,6326.0,1
879,Maruti Swift DDiS ZDI Plus,Hyderabad,2018,5456,Diesel,Manual,First,28.4,1248.0,74.0,5.0,11.75,8.65,8,Maruti,606.0,1
880,Maruti Celerio VXI Optional AMT,Pune,2017,7500,Petrol,Automatic,First,23.1,998.0,67.04,5.0,6.14,5.0,9,Maruti,750.0,1
881,Mahindra XUV500 W8 2WD,Delhi,2011,66000,Diesel,Manual,First,15.1,2179.0,140.0,7.0,11.75,5.5,15,Mahindra,4125.0,1
882,Hyundai i10 Magna,Jaipur,2010,66770,Petrol,Manual,Second,20.36,1197.0,78.9,5.0,11.75,2.6,16,Hyundai,3928.0,0
883,Hyundai i10 Magna 1.1,Kochi,2014,58472,Petrol,Manual,First,19.81,1086.0,68.05,5.0,11.75,3.41,12,Hyundai,4498.0,1
884,Maruti Dzire VXI,Kolkata,2011,46687,Petrol,Manual,First,22.0,1197.0,81.8,5.0,7.3,2.7,15,Maruti,2918.0,1
885,Maruti Grand Vitara AT,Chennai,2008,77000,Petrol,Automatic,Fourth & Above,9.7,1995.0,163.5,5.0,11.75,5.5,18,Maruti,4053.0,0
886,Audi TT 40 TFSI,Kolkata,2012,7000,Petrol,Automatic,First,14.33,1984.0,226.6,4.0,35.0,35.0,14,Audi,467.0,1
887,Mercedes-Benz New C-Class C 200 CGI,Mumbai,2011,48000,Petrol,Automatic,Second,14.74,1991.0,184.0,5.0,11.75,9.75,15,Mercedes-Benz,3000.0,0
888,Nissan Sunny 2011-2014 Diesel XV,Mumbai,2013,47000,Diesel,Manual,First,21.64,1461.0,84.8,5.0,11.75,4.25,13,Nissan,3357.0,1
889,Maruti Wagon R LXI,Ahmedabad,2015,51530,Petrol,Manual,First,18.9,998.0,67.1,5.0,4.890000000000001,3.2,11,Maruti,4294.0,1
890,Maruti Swift Dzire ZDI,Bangalore,2014,25789,Diesel,Manual,Second,23.4,1248.0,74.0,5.0,11.75,6.85,12,Maruti,1984.0,0
891,Honda Amaze S i-Dtech,Delhi,2015,48000,Diesel,Manual,First,25.8,1498.0,98.6,5.0,11.75,4.5,11,Honda,4000.0,1
892,Maruti Swift ZDI,Delhi,2012,52000,Diesel,Manual,First,28.4,1248.0,74.0,5.0,11.75,3.55,14,Maruti,3467.0,1
894,Mahindra Scorpio LX 2.6 Turbo,Hyderabad,2008,131000,Diesel,Manual,First,10.5,2609.0,120.0,7.0,11.75,3.6,18,Mahindra,6895.0,1
895,Mercedes-Benz E-Class E250 CDI Avantgrade,Kochi,2015,42076,Diesel,Automatic,First,13.0,2143.0,201.1,5.0,21.8,21.8,11,Mercedes-Benz,3506.0,1
896,Toyota Fortuner 4x2 Manual,Mumbai,2012,76000,Diesel,Manual,Second,13.0,2982.0,168.5,7.0,13.5,13.5,14,Toyota,5067.0,0
897,Datsun redi-GO T Option,Bangalore,2016,20487,Petrol,Manual,First,22.7,799.0,53.64,5.0,4.37,2.66,10,Datsun,1862.0,1
898,Honda City V MT,Delhi,2010,43000,Petrol,Manual,Second,16.8,1497.0,116.3,5.0,11.75,3.75,16,Honda,2529.0,0
899,Toyota Camry Hybrid,Pune,2018,17000,Petrol,Automatic,First,19.16,2494.0,158.2,5.0,32.0,32.0,8,Toyota,1889.0,1
900,Honda City i DTec V,Coimbatore,2016,60805,Diesel,Manual,First,26.0,1498.0,98.6,5.0,11.75,8.07,10,Honda,5528.0,1
901,Volkswagen Jetta 2012-2014 2.0L TDI Trendline,Kochi,2012,58775,Diesel,Manual,First,19.33,1968.0,138.1,5.0,11.75,5.64,14,Volkswagen,3918.0,1
902,Audi A6 2011-2015 2.0 TDI,Hyderabad,2013,70181,Diesel,Automatic,First,17.68,1968.0,174.33,5.0,23.99,23.99,13,Audi,5013.0,1
903,Maruti Ertiga VDI,Coimbatore,2016,85827,Diesel,Manual,First,20.77,1248.0,88.76,7.0,11.215,7.5,10,Maruti,7802.0,1
904,Mercedes-Benz New C-Class C 220 CDI Style,Jaipur,2016,58205,Diesel,Automatic,First,19.27,2143.0,167.62,5.0,27.0,27.0,10,Mercedes-Benz,5291.0,1
905,Maruti Swift Dzire Vdi BSIV,Mumbai,2008,91000,Diesel,Manual,Second,19.3,1248.0,73.9,5.0,11.75,2.85,18,Maruti,4789.0,0
906,Renault Duster 110PS Diesel RxZ Pack,Pune,2012,74000,Diesel,Manual,First,19.01,1461.0,108.45,5.0,11.75,6.35,14,Renault,4933.0,1
907,Maruti Ritz VDi,Hyderabad,2010,79324,Diesel,Manual,First,21.1,1248.0,73.9,5.0,11.75,3.3,16,Maruti,4666.0,1
908,Maruti Swift Dzire VXI,Bangalore,2013,38623,Petrol,Manual,First,19.1,1197.0,85.8,5.0,11.75,5.0,13,Maruti,2759.0,1
909,Maruti Swift ZDi,Coimbatore,2014,59923,Diesel,Manual,First,22.9,1248.0,74.0,5.0,11.75,6.46,12,Maruti,4609.0,1
910,Hyundai EON Sportz,Jaipur,2017,23360,Petrol,Manual,First,21.1,814.0,55.2,5.0,11.75,3.75,9,Hyundai,2336.0,1
911,Maruti Zen VXI BSII,Kochi,2003,61495,Petrol,Manual,Third,17.3,993.0,60.0,5.0,11.75,1.52,23,Maruti,2562.0,0
912,Maruti Eeco 7 Seater Standard,Coimbatore,2012,56661,Petrol,Manual,First,15.1,1196.0,73.0,7.0,4.98,3.61,14,Maruti,3777.0,1
913,Audi Q5 30 TDI quattro Premium,Coimbatore,2017,40318,Diesel,Automatic,First,14.16,1968.0,174.3,5.0,43.74,43.74,9,Audi,4032.0,1
914,Audi Q3 2.0 TDI,Chennai,2014,60000,Diesel,Automatic,First,15.73,1968.0,174.33,5.0,20.0,20.0,12,Audi,4615.0,1
916,Maruti Swift Dzire VDi,Hyderabad,2010,130000,Diesel,Manual,First,19.3,1248.0,73.9,5.0,11.75,3.65,16,Maruti,7647.0,1
917,Tata Sumo DX,Mumbai,2013,20000,Diesel,Manual,First,14.07,1978.0,83.1,10.0,11.75,5.25,13,Tata,1429.0,1
918,BMW X5 2014-2019 xDrive 30d Design Pure Experience 7 Seater,Hyderabad,2016,76000,Diesel,Automatic,First,15.97,2993.0,258.0,7.0,58.0,58.0,10,BMW,6909.0,1
919,Honda City i-VTEC CVT VX,Mumbai,2015,30000,Petrol,Automatic,First,18.0,1497.0,117.3,5.0,15.29,8.65,11,Honda,2500.0,1
920,Tata Indigo eCS eLX BS IV,Delhi,2015,150000,Diesel,Manual,First,25.0,1396.0,69.01,5.0,11.75,2.5,11,Tata,12500.0,1
921,Volkswagen Vento TSI,Chennai,2014,28000,Petrol,Automatic,First,16.93,1197.0,103.6,5.0,11.75,7.75,12,Volkswagen,2154.0,1
922,Maruti Celerio VXI,Bangalore,2015,74000,Petrol,Manual,First,23.1,998.0,67.04,5.0,11.75,4.15,11,Maruti,6167.0,1
923,Toyota Fortuner 3.0 Diesel,Delhi,2011,75000,Diesel,Manual,First,11.5,2982.0,171.0,7.0,11.75,10.85,15,Toyota,4688.0,1
924,Mitsubishi Outlander 2.4,Delhi,2010,76000,Petrol,Automatic,Second,11.3,2360.0,170.0,5.0,11.75,5.53,16,Mitsubishi,4471.0,0
925,Volkswagen Jetta 2007-2011 1.9 Highline TDI,Pune,2014,64889,Diesel,Automatic,First,15.5,1896.0,105.0,5.0,11.75,11.5,12,Volkswagen,4991.0,1
927,Hyundai Creta 1.6 CRDi SX,Kolkata,2015,43000,Diesel,Manual,First,19.67,1582.0,126.2,5.0,11.75,9.25,11,Hyundai,3583.0,1
928,Skoda Fabia 1.2 MPI Ambiente Petrol,Pune,2011,47490,Petrol,Manual,First,17.5,1198.0,75.0,5.0,11.75,2.29,15,Skoda,2968.0,1
929,Ford EcoSport 1.5 TDCi Titanium,Chennai,2015,80000,Diesel,Manual,First,22.77,1498.0,98.59,5.0,11.75,7.0,11,Ford,6667.0,1
930,Maruti Zen Estilo 1.1 LXI BSIII,Bangalore,2007,60000,Petrol,Manual,Second,18.2,1061.0,64.0,5.0,11.75,1.65,19,Maruti,3000.0,0
931,Maruti Ciaz 1.4 Delta,Ahmedabad,2017,6006,Petrol,Manual,First,20.73,1373.0,91.1,5.0,11.75,8.25,9,Maruti,601.0,1
932,Mercedes-Benz New C-Class C 200 Avantgarde Edition C,Kochi,2011,71703,Petrol,Automatic,First,14.74,1991.0,181.03,5.0,11.75,9.14,15,Mercedes-Benz,4481.0,1
933,Honda Amaze SX i-VTEC,Hyderabad,2016,33000,Petrol,Manual,First,17.8,1198.0,86.7,5.0,11.75,6.5,10,Honda,3000.0,1
935,Renault Duster 85PS Diesel RxL,Jaipur,2015,91000,Diesel,Manual,First,19.87,1461.0,83.8,5.0,11.75,5.75,11,Renault,7583.0,1
937,Volkswagen Polo Petrol Highline 1.2L,Kolkata,2011,43000,Petrol,Manual,Second,16.47,1198.0,73.9,5.0,11.75,2.1,15,Volkswagen,2688.0,0
938,Hyundai Creta 1.6 SX Plus Diesel,Coimbatore,2017,63770,Diesel,Manual,First,19.67,1582.0,126.2,5.0,13.55,13.55,9,Hyundai,6377.0,1
939,Jaguar XF Diesel,Kolkata,2012,43510,Diesel,Automatic,First,14.74,2993.0,270.9,5.0,20.5,20.5,14,Jaguar,2901.0,1
940,Jeep Compass 2.0 Limited 4X4,Mumbai,2017,52000,Diesel,Manual,First,16.3,1956.0,170.0,5.0,24.26,20.0,9,Jeep,5200.0,1
941,Land Rover Range Rover Evoque 2.0 TD4 HSE Dynamic,Kochi,2018,31427,Diesel,Automatic,First,15.68,1999.0,177.0,5.0,75.12,59.72,8,Land,3492.0,1
942,Maruti Baleno Alpha Diesel,Kolkata,2016,29000,Diesel,Manual,First,27.39,1248.0,74.0,5.0,9.53,6.5,10,Maruti,2636.0,1
943,Maruti Ciaz ZDi SHVS,Ahmedabad,2016,56000,Diesel,Manual,First,28.09,1248.0,88.5,5.0,11.75,7.5,10,Maruti,5091.0,1
944,Maruti SX4 Vxi BSIII,Jaipur,2007,76000,Petrol,Manual,Second,15.0,1586.0,104.68,5.0,11.75,2.15,19,Maruti,3800.0,0
945,Hyundai Elantra CRDi SX,Coimbatore,2015,53615,Diesel,Manual,First,22.7,1582.0,126.24,5.0,11.75,8.44,11,Hyundai,4468.0,1
946,Mitsubishi Pajero Sport 4X4,Bangalore,2013,132000,Diesel,Manual,First,13.5,2477.0,175.56,7.0,34.6,12.49,13,Mitsubishi,9429.0,1
947,Volkswagen Ameo 1.2 MPI Comfortline,Pune,2017,14800,Petrol,Manual,First,17.0,1198.0,73.75,5.0,11.75,5.48,9,Volkswagen,1480.0,1
948,Maruti Ritz VXi,Hyderabad,2013,35433,Petrol,Manual,First,18.5,1197.0,85.8,5.0,11.75,4.2,13,Maruti,2531.0,1
949,Hyundai Verna CRDi SX,Hyderabad,2013,82966,Diesel,Manual,First,16.8,1493.0,110.0,5.0,11.75,7.2,13,Hyundai,5926.0,1
950,Maruti Swift Dzire Tour LDI,Jaipur,2014,96000,Diesel,Manual,First,23.4,1248.0,74.0,5.0,11.75,4.8,12,Maruti,7385.0,1
951,Mahindra KUV 100 mFALCON D75 K6,Kochi,2017,39528,Diesel,Manual,First,25.32,1198.0,77.0,6.0,11.75,5.83,9,Mahindra,3953.0,1
952,Toyota Innova Crysta 2.4 ZX MT,Coimbatore,2018,92056,Diesel,Manual,First,13.68,2393.0,147.8,7.0,26.45,18.39,8,Toyota,10228.0,1
953,Maruti Baleno Delta 1.2,Pune,2016,14930,Petrol,Manual,First,21.4,1197.0,83.1,5.0,11.75,5.85,10,Maruti,1357.0,1
954,Honda Jazz VX Diesel,Mumbai,2016,38000,Diesel,Manual,First,27.3,1498.0,98.6,5.0,11.15,6.21,10,Honda,3455.0,1
955,Hyundai i20 1.2 Asta,Delhi,2013,71000,Petrol,Manual,First,17.0,1197.0,80.0,5.0,11.75,3.65,13,Hyundai,5071.0,1
956,Hyundai i20 Sportz Diesel,Delhi,2012,71000,Diesel,Manual,First,23.0,1396.0,90.0,5.0,11.75,3.7,14,Hyundai,4733.0,1
957,Mercedes-Benz New C-Class C 220d Avantgarde Edition C,Pune,2015,50000,Diesel,Automatic,First,19.27,2143.0,167.62,5.0,30.0,30.0,11,Mercedes-Benz,4167.0,1
958,Hyundai Xcent 1.2 Kappa Base,Kochi,2016,48163,Petrol,Manual,First,19.1,1197.0,82.0,5.0,11.75,4.85,10,Hyundai,4378.0,1
959,Hyundai Grand i10 AT Asta,Coimbatore,2017,19168,Petrol,Automatic,First,18.9,1197.0,82.0,5.0,11.75,6.93,9,Hyundai,1917.0,1
960,Maruti Alto 800 VXI,Kolkata,2016,26000,Petrol,Manual,First,22.74,796.0,47.3,5.0,11.75,2.6,10,Maruti,2364.0,1
961,Chevrolet Sail Hatchback 1.2 LS,Kolkata,2014,37400,Petrol,Manual,First,18.2,1199.0,82.5,5.0,11.75,1.89,12,Chevrolet,2877.0,1
962,Mercedes-Benz C-Class Progressive C 220d,Mumbai,2018,8682,Diesel,Automatic,First,0.0,1950.0,194.0,5.0,52.26,39.5,8,Mercedes-Benz,965.0,1
963,Skoda Superb Elegance 1.8 TSI AT,Mumbai,2012,95000,Petrol,Automatic,First,13.7,1798.0,157.75,5.0,11.75,10.0,14,Skoda,6333.0,1
964,Audi A4 2.0 TDI,Kolkata,2009,34000,Diesel,Automatic,First,16.55,1968.0,147.51,5.0,11.75,9.95,17,Audi,1889.0,1
965,Toyota Innova 2.5 G (Diesel) 7 Seater BS IV,Mumbai,2014,95000,Diesel,Manual,Second,12.8,2494.0,102.0,8.0,11.75,9.45,12,Toyota,7308.0,0
966,Mercedes-Benz CLA 200 CDI Sport,Coimbatore,2017,13689,Diesel,Automatic,First,17.9,2143.0,136.0,5.0,43.07,28.25,9,Mercedes-Benz,1369.0,1
967,Hyundai i10 Era,Jaipur,2008,84000,Petrol,Manual,Second,19.81,1086.0,68.05,5.0,11.75,1.8,18,Hyundai,4421.0,0
968,Maruti Swift Dzire VXi,Kolkata,2008,47000,Petrol,Manual,Second,17.5,1298.0,85.8,5.0,11.75,1.4,18,Maruti,2474.0,0
969,Skoda Rapid 1.5 TDI AT Ambition,Ahmedabad,2015,60001,Diesel,Automatic,First,21.66,1498.0,103.52,5.0,11.75,7.25,11,Skoda,5000.0,1
970,Maruti Ritz VDi,Hyderabad,2012,96000,Diesel,Manual,First,21.1,1248.0,73.9,5.0,11.75,3.6,14,Maruti,6400.0,1
971,Hyundai Accent GLS 1.6,Jaipur,2004,47300,Petrol,Manual,Second,14.4,1599.0,94.0,5.0,11.75,1.2,22,Hyundai,2057.0,0
972,Honda Amaze SX i-VTEC,Coimbatore,2014,28246,Petrol,Manual,Second,17.8,1198.0,86.7,5.0,11.75,4.94,12,Honda,2173.0,0
973,Maruti Wagon R LXI,Delhi,2007,65000,Petrol,Manual,Second,18.9,998.0,67.1,5.0,4.890000000000001,1.25,19,Maruti,3250.0,0
974,Volkswagen Polo Diesel Comfortline 1.2L,Chennai,2013,68000,Diesel,Manual,Second,22.07,1199.0,73.9,5.0,11.75,4.8,13,Volkswagen,4857.0,0
975,Ford Endeavour 2.2 Trend AT 4X2,Kochi,2019,11209,Diesel,Automatic,First,12.62,2198.0,158.0,7.0,31.15,31.15,7,Ford,1401.0,1
976,Hyundai i20 1.2 Sportz,Pune,2011,41980,Petrol,Manual,Second,17.0,1197.0,80.0,5.0,11.75,3.3,15,Hyundai,2624.0,0
977,Chevrolet Beat Diesel PS,Bangalore,2012,65000,Diesel,Manual,First,25.44,936.0,57.6,5.0,11.75,2.4,14,Chevrolet,4333.0,1
978,Honda Civic 2010-2013 1.8 V MT,Kolkata,2010,38000,Petrol,Manual,First,14.8,1799.0,130.2,5.0,11.75,2.0,16,Honda,2235.0,1
979,Maruti Wagon R VXI BS IV,Pune,2014,51000,Petrol,Manual,First,20.51,998.0,67.04,5.0,11.75,3.1,12,Maruti,3923.0,1
980,Skoda Rapid 1.6 MPI Ambition Plus,Kochi,2014,33855,Petrol,Manual,First,15.0,1598.0,103.6,5.0,11.75,5.09,12,Skoda,2604.0,1
981,Maruti Baleno Vxi - BSIII,Pune,2006,146000,Petrol,Manual,Second,15.4,1590.0,94.0,5.0,11.75,1.05,20,Maruti,6952.0,0
982,Ford EcoSport 1.5 TDCi Titanium,Bangalore,2015,47037,Diesel,Manual,Second,22.77,1498.0,98.59,5.0,11.75,7.0,11,Ford,3920.0,0
983,Hyundai Accent GLE,Ahmedabad,2010,58000,Petrol,Manual,Second,13.2,1495.0,94.0,5.0,11.75,2.5,16,Hyundai,3412.0,0
984,BMW 5 Series 520d Luxury Line,Mumbai,2012,61240,Diesel,Automatic,First,22.48,1995.0,190.0,5.0,70.43,17.5,14,BMW,4083.0,1
985,Maruti Alto K10 2010-2014 VXI,Chennai,2011,91211,Petrol,Manual,First,20.92,998.0,67.1,5.0,11.75,2.1,15,Maruti,5701.0,1
986,Audi Q3 2012-2015 2.0 TDI Quattro Premium Plus,Bangalore,2013,84000,Diesel,Automatic,First,15.73,1968.0,174.33,5.0,17.75,17.75,13,Audi,6000.0,1
988,Toyota Corolla H4,Bangalore,2005,67000,Petrol,Automatic,Second,11.3,1794.0,125.0,5.0,11.75,2.45,21,Toyota,3045.0,0
989,Volvo XC60 D5,Pune,2011,106976,Diesel,Automatic,First,13.5,2400.0,215.0,5.0,13.8,13.8,15,Volvo,6686.0,1
990,Honda Jazz 1.5 VX i DTEC,Kolkata,2016,27210,Diesel,Manual,First,27.3,1498.0,98.6,5.0,11.75,5.85,10,Honda,2474.0,1
991,Maruti Ciaz 1.3 Alpha,Delhi,2017,26322,Diesel,Manual,First,28.09,1248.0,88.5,5.0,11.75,8.9,9,Maruti,2632.0,1
992,Maruti Swift VXI BSIV,Mumbai,2016,9107,Petrol,Manual,First,20.4,1197.0,81.8,5.0,11.75,5.15,10,Maruti,828.0,1
993,Mercedes-Benz New C-Class C 220 CDI Avantgarde,Kochi,2015,63983,Diesel,Automatic,First,19.27,2143.0,170.0,5.0,16.56,16.56,11,Mercedes-Benz,5332.0,1
994,Maruti Wagon R VXI Minor,Chennai,2010,134000,Petrol,Manual,Second,18.9,1061.0,67.0,5.0,11.75,1.65,16,Maruti,7882.0,0
995,Mercedes-Benz A Class A180 Sport,Pune,2015,11000,Petrol,Automatic,First,15.5,1595.0,120.7,5.0,34.63,16.0,11,Mercedes-Benz,917.0,1
996,Hyundai Santro Xing GL,Pune,2008,93000,Petrol,Manual,First,0.0,1086.0,62.0,5.0,11.75,1.45,18,Hyundai,4895.0,1
997,Maruti Swift Dzire AMT ZDI,Coimbatore,2017,24852,Diesel,Automatic,First,26.59,1248.0,74.0,5.0,11.75,8.08,9,Maruti,2485.0,1
998,Hyundai Grand i10 AT Asta,Pune,2014,37632,Petrol,Automatic,First,18.9,1197.0,82.0,5.0,11.75,4.5,12,Hyundai,2895.0,1
999,Nissan Sunny 2011-2014 XV Special Edition,Chennai,2013,55000,Petrol,Manual,Second,16.95,1498.0,97.7,5.0,11.75,4.3,13,Nissan,3929.0,0
1000,Maruti A-Star Lxi,Hyderabad,2010,81448,Petrol,Manual,First,19.0,998.0,66.1,5.0,11.75,2.6,16,Maruti,4791.0,1
1001,Renault KWID RXT Optional,Hyderabad,2018,1900,Petrol,Manual,First,25.17,799.0,53.3,5.0,4.8,4.45,8,Renault,211.0,1
1002,Hyundai Verna 1.6 SX VTVT (O) AT,Coimbatore,2012,54957,Petrol,Automatic,First,17.1,1591.0,121.4,5.0,11.75,5.37,14,Hyundai,3664.0,1
1003,Maruti Wagon R LXI Minor,Chennai,2008,55000,Petrol,Manual,Second,18.9,1061.0,67.0,5.0,11.75,1.75,18,Maruti,2895.0,0
1004,BMW 3 Series 320d Sport Line,Kolkata,2013,21983,Diesel,Automatic,First,18.88,1995.0,184.0,5.0,16.5,16.5,13,BMW,1570.0,1
1005,BMW 5 Series 2003-2012 520d,Delhi,2013,76000,Diesel,Automatic,First,18.48,1995.0,177.0,5.0,19.0,19.0,13,BMW,5429.0,1
1006,Tata Indigo CS eVX,Jaipur,2016,65000,Diesel,Manual,First,25.0,1396.0,69.01,5.0,11.75,2.8,10,Tata,5909.0,1
1007,Hyundai i20 Sportz 1.4 CRDi,Hyderabad,2015,26000,Diesel,Manual,First,22.54,1396.0,88.73,5.0,11.75,6.2,11,Hyundai,2167.0,1
1008,Maruti Omni E MPI STD BS IV,Kochi,2019,11571,Petrol,Manual,First,16.8,796.0,34.2,8.0,11.75,3.8,7,Maruti,1446.0,1
1009,Maruti Swift ZDi,Hyderabad,2014,81000,Diesel,Manual,First,25.2,1248.0,74.0,5.0,11.75,6.1,12,Maruti,6231.0,1
1010,Ford Ecosport Signature Edition Diesel,Coimbatore,2019,23154,Diesel,Manual,First,23.0,1498.0,98.96,5.0,12.12,11.65,7,Ford,2894.0,1
1011,Honda Brio VX AT,Mumbai,2014,26856,Petrol,Automatic,First,16.5,1198.0,86.8,5.0,11.75,4.15,12,Honda,2066.0,1
1012,Toyota Innova Crysta 2.4 GX MT,Chennai,2017,67489,Diesel,Manual,First,13.68,2393.0,147.8,7.0,19.37,16.5,9,Toyota,6749.0,1
1013,Mahindra Scorpio 2.6 LX,Bangalore,2008,176000,Diesel,Manual,Second,10.5,2179.0,120.0,8.0,11.75,4.3,18,Mahindra,9263.0,0
1014,Hyundai i20 1.2 Magna,Kolkata,2010,18000,Petrol,Manual,First,18.5,1197.0,80.0,5.0,11.75,2.25,16,Hyundai,1059.0,1
1015,Hyundai Verna 1.6 SX,Ahmedabad,2014,63003,Diesel,Manual,First,22.32,1582.0,126.32,5.0,11.75,6.75,12,Hyundai,4846.0,1
1016,Mahindra XUV500 W6 2WD,Chennai,2014,80000,Diesel,Manual,First,15.1,2179.0,140.0,7.0,11.75,9.4,12,Mahindra,6154.0,1
1017,Volkswagen Vento 1.5 TDI Comfortline,Coimbatore,2014,56658,Diesel,Manual,First,20.64,1498.0,108.5,5.0,12.14,5.39,12,Volkswagen,4358.0,1
1018,Maruti Swift Dzire VDI Optional,Kochi,2019,18592,Diesel,Manual,First,26.59,1248.0,74.0,5.0,11.75,8.51,7,Maruti,2324.0,1
1019,Tata Manza Aura Safire BS IV,Pune,2010,75695,Petrol,Manual,First,13.7,1368.0,88.8,5.0,11.75,1.85,16,Tata,4453.0,1
1020,Maruti Swift VDI,Kolkata,2012,82000,Diesel,Manual,Second,22.9,1248.0,74.0,5.0,7.92,2.5,14,Maruti,5467.0,0
1021,Volkswagen Polo Diesel Highline 1.2L,Chennai,2013,60000,Diesel,Manual,First,22.07,1199.0,73.9,5.0,11.75,4.75,13,Volkswagen,4286.0,1
1022,Honda City 1.5 V MT,Pune,2009,138000,Petrol,Manual,Second,17.0,1497.0,118.0,5.0,11.75,3.5,17,Honda,7667.0,0
1023,Hyundai i20 Asta (o) 1.4 CRDi (Diesel),Bangalore,2014,67000,Diesel,Manual,First,23.0,1396.0,90.0,5.0,11.75,5.5,12,Hyundai,5154.0,1
1024,Honda City 1.5 V MT,Coimbatore,2012,42750,Petrol,Manual,First,17.0,1497.0,118.0,5.0,11.75,6.33,14,Honda,2850.0,1
1025,Chevrolet Beat Diesel,Kochi,2014,52398,Diesel,Manual,First,25.44,936.0,57.6,5.0,11.75,2.47,12,Chevrolet,4031.0,1
1026,Chevrolet Spark 1.0 LS,Kochi,2014,36657,Petrol,Manual,First,16.2,995.0,62.1,5.0,11.75,3.3,12,Chevrolet,2820.0,1
1027,Tata New Safari DICOR 2.2 EX 4x2,Delhi,2011,77000,Diesel,Manual,Second,11.57,2179.0,138.1,7.0,11.75,3.5,15,Tata,4812.0,0
1028,Mercedes-Benz GL-Class 350 CDI Blue Efficiency,Delhi,2014,85000,Diesel,Automatic,First,11.3,2987.0,254.8,7.0,38.75,38.75,12,Mercedes-Benz,6538.0,1
1029,BMW 5 Series 2003-2012 530d Highline,Pune,2008,112500,Diesel,Automatic,First,11.5,2993.0,235.0,5.0,11.75,7.99,18,BMW,5921.0,1
1030,Toyota Fortuner 2.8 4WD MT,Kochi,2013,105072,Diesel,Manual,First,14.24,2755.0,174.5,7.0,36.69,13.28,13,Toyota,7505.0,1
1031,BMW X1 sDrive 18i,Pune,2012,80000,Petrol,Automatic,First,11.25,1995.0,150.0,5.0,11.75,9.5,14,BMW,5333.0,1
1032,Renault Captur 1.5 Diesel Platine Mono,Kochi,2019,3102,Diesel,Manual,First,20.37,1461.0,108.45,5.0,14.01,14.01,7,Renault,388.0,1
1033,Hyundai Xcent 1.1 CRDi S,Coimbatore,2016,14656,Diesel,Manual,First,24.4,1120.0,71.0,5.0,11.75,6.99,10,Hyundai,1332.0,1
1034,BMW 3 Series 320d,Hyderabad,2010,105000,Diesel,Automatic,Second,13.2,1995.0,170.0,5.0,47.87,11.0,16,BMW,6176.0,0
1035,BMW 5 Series 2010-2013 525i,Hyderabad,2008,61000,Petrol,Automatic,Second,10.8,2497.0,215.0,5.0,11.75,11.0,18,BMW,3211.0,0
1036,Nissan Micra XE,Pune,2010,85046,Petrol,Manual,Second,18.06,1198.0,75.0,5.0,11.75,2.3,16,Nissan,5003.0,0
1037,Jaguar XF 2.2 Litre Luxury,Delhi,2014,48000,Diesel,Automatic,First,16.36,2179.0,187.7,5.0,26.5,26.5,12,Jaguar,3692.0,1
1038,Land Rover Range Rover TDV8 (Diesel),Bangalore,2011,55000,Diesel,Automatic,First,10.2,4367.0,308.0,7.0,67.0,67.0,15,Land,3438.0,1
1039,Jeep Compass 1.4 Limited Option,Mumbai,2017,4000,Petrol,Automatic,First,16.0,1368.0,160.0,5.0,23.68,17.75,9,Jeep,400.0,1
1040,Honda CR-V 2.4 AT,Delhi,2010,94000,Petrol,Automatic,Second,10.1,2354.0,152.0,5.0,11.75,4.8,16,Honda,5529.0,0
1041,Maruti Swift VXI,Coimbatore,2013,61110,Petrol,Manual,First,18.6,1197.0,85.8,5.0,6.995,4.57,13,Maruti,4365.0,1
1042,Hyundai Xcent 1.1 CRDi S,Chennai,2016,80000,Diesel,Manual,First,24.4,1120.0,71.0,5.0,11.75,3.5,10,Hyundai,7273.0,1
1043,Nissan Terrano XV Premium 110 PS,Kochi,2015,43190,Diesel,Manual,First,19.01,1461.0,108.5,5.0,11.75,7.61,11,Nissan,3599.0,1
1044,Audi A4 35 TDI Technology,Hyderabad,2015,45000,Diesel,Automatic,First,18.25,1968.0,187.74,5.0,55.61,25.0,11,Audi,3750.0,1
1045,Hyundai Grand i10 Asta Option,Coimbatore,2016,44178,Petrol,Manual,First,18.9,1197.0,82.0,5.0,11.75,5.88,10,Hyundai,4016.0,1
1046,Toyota Innova 2.5 G (Diesel) 8 Seater,Hyderabad,2015,84415,Diesel,Manual,First,12.99,2494.0,100.6,8.0,13.5,13.5,11,Toyota,7035.0,1
1047,Hyundai i20 1.2 Magna,Kolkata,2015,35000,Petrol,Manual,First,18.5,1197.0,80.0,5.0,11.75,4.6,11,Hyundai,2917.0,1
1048,Ford EcoSport 1.5 TDCi Titanium,Kolkata,2013,44000,Diesel,Manual,First,22.77,1498.0,98.59,5.0,11.75,4.9,13,Ford,3143.0,1
1049,Honda City 1.5 S MT,Hyderabad,2012,67635,Petrol,Manual,First,17.0,1497.0,118.0,5.0,11.75,5.25,14,Honda,4509.0,1
1050,Ford EcoSport 1.5 Petrol Titanium Plus AT,Coimbatore,2018,18385,Petrol,Automatic,First,14.8,1497.0,121.36,5.0,14.1,12.41,8,Ford,2043.0,1
1051,Volkswagen Polo Diesel Highline 1.2L,Kolkata,2014,35000,Diesel,Manual,First,22.07,1199.0,73.9,5.0,11.75,3.8,12,Volkswagen,2692.0,1
1052,Mercedes-Benz New C-Class C 220 CDI Avantgarde,Mumbai,2010,49000,Diesel,Automatic,First,19.27,2143.0,170.0,5.0,11.75,8.95,16,Mercedes-Benz,2882.0,1
1053,Ford Ecosport 1.5 DV5 MT Titanium,Hyderabad,2013,69000,Diesel,Manual,First,22.7,1498.0,89.84,5.0,11.75,7.2,13,Ford,4929.0,1
1054,Tata Indigo GLE,Hyderabad,2017,23228,Petrol,Manual,First,14.4,1396.0,65.0,5.0,11.75,4.5,9,Tata,2323.0,1
1055,Maruti Swift Dzire LDI,Delhi,2014,68462,Diesel,Manual,First,26.59,1248.0,74.0,5.0,11.75,4.15,12,Maruti,5266.0,1
1056,Maruti S-Cross Zeta DDiS 200 SH,Coimbatore,2016,74611,Diesel,Manual,First,25.1,1248.0,88.5,5.0,13.26,7.94,10,Maruti,6783.0,1
1057,Renault Duster 110PS Diesel RxZ Pack,Pune,2014,90000,Diesel,Manual,First,19.01,1461.0,108.45,5.0,11.75,7.25,12,Renault,6923.0,1
1058,Maruti Wagon R VXI,Delhi,2016,22000,Petrol,Manual,First,18.9,998.0,67.1,5.0,5.44,3.7,10,Maruti,2000.0,1
1059,Hyundai Santro Xing GL,Hyderabad,2010,58163,Petrol,Manual,First,0.0,1086.0,62.0,5.0,11.75,2.45,16,Hyundai,3421.0,1
1060,Chevrolet Beat Diesel LT,Chennai,2011,109500,Diesel,Manual,Third,25.44,936.0,57.6,5.0,11.75,1.5,15,Chevrolet,6844.0,0
1061,Mahindra XUV500 W4 1.99 mHawk,Delhi,2017,13363,Diesel,Manual,First,16.0,1997.0,140.0,7.0,12.0,12.0,9,Mahindra,1336.0,1
1062,Hyundai i10 Era 1.1,Delhi,2012,51000,Petrol,Manual,Second,19.81,1086.0,68.05,5.0,11.75,2.2,14,Hyundai,3400.0,0
1063,Tata New Safari DICOR 2.2 EX 4x4,Hyderabad,2007,103000,Diesel,Manual,First,13.93,2179.0,138.0,7.0,11.75,3.6,19,Tata,5150.0,1
1064,Hyundai i10 Sportz,Kolkata,2009,43002,Petrol,Manual,First,20.36,1197.0,78.9,5.0,11.75,1.92,17,Hyundai,2389.0,1
1065,Toyota Innova Crysta 2.8 ZX AT,Bangalore,2016,108000,Diesel,Automatic,First,11.36,2755.0,171.5,7.0,28.05,20.5,10,Toyota,9818.0,1
1066,Skoda Laura Elegance MT,Jaipur,2010,82407,Diesel,Manual,First,17.5,1896.0,106.0,5.0,11.75,4.25,16,Skoda,4847.0,1
1067,Hyundai Grand i10 Sportz,Kolkata,2013,29000,Petrol,Manual,First,18.9,1197.0,82.0,5.0,11.75,3.2,13,Hyundai,2071.0,1
1069,Maruti Swift Dzire VDI,Kolkata,2014,45000,Diesel,Manual,First,23.4,1248.0,74.0,5.0,11.75,3.85,12,Maruti,3462.0,1
1070,Hyundai i20 Asta 1.4 CRDi (Diesel),Kochi,2010,93401,Diesel,Manual,First,23.0,1396.0,90.0,5.0,11.75,3.48,16,Hyundai,5494.0,1
1071,Ford Figo 2015-2019 1.5D Trend MT,Hyderabad,2017,95802,Diesel,Manual,Second,25.83,1498.0,99.0,5.0,11.75,4.55,9,Ford,9580.0,0
1072,Maruti Ertiga VDI,Pune,2016,130000,Diesel,Manual,First,25.47,1248.0,88.5,7.0,11.27,7.0,10,Maruti,11818.0,1
1073,Maruti Ertiga ZDI,Ahmedabad,2013,67443,Diesel,Manual,First,20.77,1248.0,88.8,7.0,12.34,5.75,13,Maruti,4817.0,1
1074,Honda City 1.5 V AT Sunroof,Kochi,2016,47681,Petrol,Automatic,First,16.8,1497.0,116.3,5.0,11.75,8.73,10,Honda,4335.0,1
1075,Maruti Alto LXi BSIII,Hyderabad,2009,35000,Petrol,Manual,First,19.7,796.0,46.3,5.0,11.75,1.7,17,Maruti,1944.0,1
1076,Ford Endeavour 3.2 Titanium AT 4X4,Hyderabad,2016,68000,Diesel,Automatic,First,10.91,3198.0,197.0,7.0,29.5,29.5,10,Ford,6182.0,1
1077,Maruti Vitara Brezza ZDi Plus,Kochi,2019,34688,Diesel,Manual,First,24.3,1248.0,88.5,5.0,11.2,10.49,7,Maruti,4336.0,1
1078,Porsche Boxster S tiptronic,Kolkata,2015,10512,Petrol,Automatic,First,8.6,2706.0,265.0,2.0,64.0,64.0,11,Porsche,876.0,1
1079,Maruti Swift ZDi,Pune,2016,58000,Diesel,Manual,First,22.9,1248.0,74.0,5.0,11.75,7.55,10,Maruti,5273.0,1
1080,Tata Zest Revotron 1.2 XT,Mumbai,2014,40000,Petrol,Manual,First,17.57,1193.0,88.7,5.0,8.56,3.95,12,Tata,3077.0,1
1081,Hyundai i20 1.2 Sportz Option,Bangalore,2010,61000,Petrol,Manual,Fourth & Above,17.0,1197.0,80.0,5.0,11.75,3.25,16,Hyundai,3588.0,0
1082,Skoda Fabia 1.4 TDI Active,Mumbai,2009,86000,Diesel,Manual,First,19.4,1422.0,70.0,5.0,11.75,2.75,17,Skoda,4778.0,1
1083,Toyota Corolla Altis D-4D J,Kolkata,2015,45000,Diesel,Manual,First,21.43,1364.0,87.2,5.0,11.75,7.35,11,Toyota,3750.0,1
1084,Volkswagen Ameo 1.2 MPI Comfortline,Ahmedabad,2017,55000,Petrol,Manual,First,17.0,1198.0,73.75,5.0,11.75,4.7,9,Volkswagen,5500.0,1
1085,Hyundai Creta 1.6 VTVT S,Kochi,2016,36855,Petrol,Manual,Second,15.29,1591.0,121.3,5.0,11.75,8.77,10,Hyundai,3350.0,0
1086,Hyundai i10 Magna 1.2,Kochi,2013,46821,Petrol,Manual,First,20.36,1197.0,78.9,5.0,11.75,3.42,13,Hyundai,3344.0,1
1087,Chevrolet Beat LS,Kolkata,2015,120000,Petrol,Manual,First,18.6,1199.0,76.8,5.0,11.75,2.5,11,Chevrolet,10000.0,1
1088,Jaguar XF 3.0 Litre S Premium Luxury,Kolkata,2012,29000,Diesel,Automatic,First,14.74,2993.0,270.9,5.0,20.0,20.0,14,Jaguar,1933.0,1
1089,Nissan Terrano XL,Mumbai,2014,40000,Petrol,Manual,First,13.24,1598.0,102.5,5.0,11.75,5.25,12,Nissan,3077.0,1
1090,Audi Q3 2012-2015 2.0 TDI Quattro Premium Plus,Delhi,2013,60000,Diesel,Automatic,Second,15.73,1968.0,174.33,5.0,14.5,14.5,13,Audi,4286.0,0
1091,Hyundai i10 Asta AT,Mumbai,2011,64984,Petrol,Automatic,First,16.95,1197.0,78.9,5.0,11.75,3.45,15,Hyundai,4062.0,1
1092,Maruti Alto K10 VXI AGS,Pune,2015,73204,Petrol,Automatic,First,24.07,998.0,67.1,5.0,11.75,3.3,11,Maruti,6100.0,1
1093,Audi Q7 4.2 TDI Quattro Technology,Bangalore,2014,50000,Diesel,Automatic,First,11.33,4134.0,335.2,7.0,51.0,51.0,12,Audi,3846.0,1
1094,Maruti Vitara Brezza VDi,Kolkata,2017,35000,Diesel,Manual,First,24.3,1248.0,88.5,5.0,9.46,6.5,9,Maruti,3500.0,1
1095,Hyundai EON D Lite Plus,Hyderabad,2013,17729,Petrol,Manual,First,21.1,814.0,55.2,5.0,11.75,3.65,13,Hyundai,1266.0,1
1096,Mahindra XUV300 W8 Diesel,Chennai,2012,97000,Diesel,Manual,First,20.0,1497.0,115.0,5.0,12.79,7.25,14,Mahindra,6467.0,1
1097,Hyundai Verna CRDi 1.6 SX Option,Kochi,2014,89614,Diesel,Manual,First,22.0,1582.0,126.2,5.0,15.57,6.01,12,Hyundai,6893.0,1
1098,Maruti Wagon R VXI,Kolkata,2015,14000,Petrol,Manual,First,18.9,998.0,67.1,5.0,5.44,2.8,11,Maruti,1167.0,1
1099,Hyundai i20 Sportz Option,Chennai,2012,50000,Petrol,Manual,First,17.0,1197.0,80.0,5.0,11.75,4.0,14,Hyundai,3333.0,1
1100,Honda City i VTEC V,Delhi,2014,62505,Petrol,Manual,First,17.4,1497.0,117.3,5.0,11.75,5.95,12,Honda,4808.0,1
1101,Toyota Innova 2.5 V Diesel 7-seater,Chennai,2011,248000,Diesel,Manual,Second,12.8,2494.0,102.0,7.0,11.75,9.2,15,Toyota,15500.0,0
1102,Hyundai Verna CRDi SX,Pune,2012,94900,Diesel,Manual,First,16.8,1493.0,110.0,5.0,11.75,5.35,14,Hyundai,6327.0,1
1103,Tata Hexa XT,Delhi,2017,55000,Diesel,Manual,First,17.6,2179.0,153.86,7.0,19.86,12.0,9,Tata,5500.0,1
1104,Audi Q7 3.0 TDI Quattro Premium Plus,Coimbatore,2015,53735,Diesel,Automatic,Second,12.07,2967.0,241.4,7.0,38.94,38.94,11,Audi,4478.0,0
1105,Maruti Wagon R VXI,Coimbatore,2008,53934,Petrol,Manual,Second,18.9,998.0,67.1,5.0,5.44,2.69,18,Maruti,2839.0,0
1106,BMW 5 Series 2013-2017 525d Luxury Line,Bangalore,2013,58500,Diesel,Automatic,Second,17.09,1995.0,218.0,5.0,27.5,27.5,13,BMW,4179.0,0
1107,Honda Amaze EX i-Vtech,Kolkata,2014,48000,Petrol,Manual,First,18.0,1198.0,86.7,5.0,11.75,2.75,12,Honda,3692.0,1
1108,Maruti Alto 800 2016-2019 LXI,Mumbai,2016,24000,Petrol,Manual,First,24.7,796.0,47.3,5.0,11.75,2.8,10,Maruti,2182.0,1
1109,Hyundai Verna 1.6 SX VTVT,Mumbai,2016,52001,Petrol,Manual,First,17.01,1591.0,121.3,5.0,11.75,6.45,10,Hyundai,4727.0,1
1110,Tata Tiago 1.2 Revotron XZ,Coimbatore,2018,9565,Petrol,Manual,First,23.84,1199.0,84.0,5.0,6.59,5.88,8,Tata,1063.0,1
1111,Maruti Swift LXI,Pune,2013,32953,Petrol,Manual,First,18.6,1197.0,85.8,5.0,11.75,4.65,13,Maruti,2354.0,1
1112,Hyundai EON Era,Jaipur,2014,18000,Petrol,Manual,First,21.1,814.0,55.2,5.0,11.75,2.5,12,Hyundai,1385.0,1
1113,Mercedes-Benz E-Class E 220 d,Kochi,2018,20446,Petrol,Automatic,First,12.6,1950.0,191.34,5.0,86.97,51.35,8,Mercedes-Benz,2272.0,1
1114,Hyundai i20 Magna 1.4 CRDi,Hyderabad,2016,33016,Diesel,Manual,First,22.54,1396.0,88.73,5.0,11.75,6.85,10,Hyundai,3001.0,1
1115,Toyota Etios VD,Chennai,2012,48000,Diesel,Manual,First,23.59,1364.0,67.05,5.0,11.75,5.25,14,Toyota,3200.0,1
1116,Toyota Corolla Altis Diesel D4DG,Coimbatore,2014,72022,Diesel,Manual,First,21.43,1364.0,87.2,5.0,11.75,9.23,12,Toyota,5540.0,1
1117,Mini Cooper 5 DOOR D,Ahmedabad,2014,34000,Diesel,Automatic,First,20.7,1496.0,113.98,5.0,42.12,22.0,12,Mini,2615.0,1
1118,Volkswagen Polo 1.5 TDI Highline,Hyderabad,2014,69000,Diesel,Manual,First,20.14,1498.0,88.8,5.0,10.15,5.19,12,Volkswagen,5308.0,1
1119,Skoda Superb Elegance 1.8 TSI AT,Pune,2009,108000,Petrol,Automatic,First,13.7,1798.0,157.75,5.0,11.75,4.35,17,Skoda,6000.0,1
1120,Mercedes-Benz E-Class 2009-2013 E 220 CDI Avantgarde,Hyderabad,2013,34700,Diesel,Automatic,First,10.0,2148.0,170.0,5.0,24.5,24.5,13,Mercedes-Benz,2479.0,1
1121,Maruti Swift VDi BSIII W/ ABS,Pune,2015,79000,Diesel,Manual,First,17.8,1248.0,75.0,5.0,11.75,5.75,11,Maruti,6583.0,1
1122,Honda City i VTEC CVT VX,Kochi,2016,58197,Petrol,Automatic,First,18.0,1497.0,117.3,5.0,11.75,9.19,10,Honda,5291.0,1
1123,BMW 7 Series 2007-2012 740Li,Pune,2008,66000,Petrol,Automatic,Second,8.45,2979.0,321.0,5.0,11.75,10.75,18,BMW,3474.0,0
1124,Hyundai i10 Magna AT,Bangalore,2009,60000,Petrol,Automatic,First,19.2,1197.0,80.0,5.0,11.75,2.99,17,Hyundai,3333.0,1
1125,Maruti Swift Dzire VDI,Kolkata,2014,57000,Diesel,Manual,First,26.59,1248.0,74.0,5.0,11.75,3.89,12,Maruti,4385.0,1
1126,Honda City i DTec VX,Coimbatore,2018,45555,Diesel,Manual,First,26.0,1498.0,98.6,5.0,11.75,11.73,8,Honda,5062.0,1
1127,Maruti Omni 8 Seater BSIV,Coimbatore,2016,55137,Petrol,Manual,First,14.0,796.0,35.0,5.0,11.75,3.11,10,Maruti,5012.0,1
1128,Skoda Superb 2009-2014 Elegance 2.0 TDI MT,Jaipur,2014,93325,Diesel,Manual,Second,17.2,1968.0,138.1,5.0,14.45,14.45,12,Skoda,7179.0,0
1129,Maruti Ertiga SHVS VDI,Ahmedabad,2018,38000,Diesel,Manual,First,24.52,1248.0,88.5,7.0,11.75,8.7,8,Maruti,4222.0,1
1130,Hyundai Grand i10 CRDi Magna,Kochi,2016,57738,Diesel,Manual,First,24.0,1120.0,70.0,5.0,11.75,5.04,10,Hyundai,5249.0,1
1131,Maruti Ciaz VDi Plus SHVS,Jaipur,2017,38282,Diesel,Manual,First,28.09,1248.0,88.5,5.0,11.75,8.5,9,Maruti,3828.0,1
1132,Mercedes-Benz New C-Class C 220 CDI Avantgarde,Delhi,2014,64000,Diesel,Automatic,First,19.27,2143.0,170.0,5.0,15.65,15.65,12,Mercedes-Benz,4923.0,1
1133,Fiat Avventura MULTIJET Emotion,Mumbai,2015,32000,Diesel,Manual,First,20.5,1248.0,91.72,5.0,11.75,5.65,11,Fiat,2667.0,1
1134,Mercedes-Benz E-Class 2009-2013 E 250 Elegance,Bangalore,2010,83000,Petrol,Automatic,First,10.93,2497.0,204.0,5.0,16.5,16.5,16,Mercedes-Benz,4882.0,1
1136,Volkswagen Vento Petrol Highline,Pune,2012,67200,Petrol,Manual,First,15.04,1598.0,103.6,5.0,11.75,3.9,14,Volkswagen,4480.0,1
1137,BMW 3 Series 320d Luxury Line,Jaipur,2013,62655,Diesel,Automatic,First,18.88,1995.0,184.0,5.0,54.43,14.5,13,BMW,4475.0,1
1138,BMW 5 Series 2013-2017 530d M Sport,Bangalore,2015,16900,Diesel,Automatic,First,14.69,2993.0,258.0,5.0,44.0,44.0,11,BMW,1408.0,1
1139,Hyundai Grand i10 1.2 Kappa Magna,Delhi,2017,8471,Petrol,Manual,First,18.9,1197.0,81.86,5.0,6.54,5.0,9,Hyundai,847.0,1
1140,Toyota Innova Crysta 2.8 ZX AT,Hyderabad,2016,69000,Diesel,Automatic,First,11.36,2755.0,171.5,7.0,26.56,19.75,10,Toyota,6273.0,1
1141,Renault Duster 110PS Diesel RxZ AMT,Coimbatore,2017,30090,Diesel,Automatic,First,19.6,1461.0,108.45,5.0,15.05,11.44,9,Renault,3009.0,1
1142,Tata Indica Vista Aura 1.3 Quadrajet,Chennai,2011,120000,Diesel,Manual,First,18.0,1248.0,75.0,5.0,11.75,1.75,15,Tata,7500.0,1
1144,Mercedes-Benz E-Class 2009-2013 E 200 CGI Avantgarde,Kochi,2016,35939,Petrol,Manual,First,12.3,1796.0,185.0,5.0,30.42,30.42,10,Mercedes-Benz,3267.0,1
1145,Mahindra XUV500 W8 4WD,Coimbatore,2013,116694,Diesel,Manual,First,15.1,2179.0,140.0,7.0,11.75,9.57,13,Mahindra,8335.0,1
1146,Mahindra Bolero ZLX,Mumbai,2016,40448,Diesel,Manual,First,15.96,2523.0,62.1,7.0,11.01,3.5,10,Mahindra,3677.0,1
1147,Maruti Vitara Brezza ZDi,Coimbatore,2018,64456,Diesel,Manual,First,24.3,1248.0,88.5,5.0,11.0,10.46,8,Maruti,7162.0,1
1148,Fiat Avventura MULTIJET Emotion,Pune,2014,52782,Diesel,Manual,First,20.5,1248.0,91.72,5.0,11.75,4.85,12,Fiat,4060.0,1
1149,Honda Amaze S Petrol,Kochi,2016,51672,Petrol,Manual,First,19.5,1199.0,88.76,5.0,7.55,5.68,10,Honda,4697.0,1
1150,Skoda Superb Elegance 1.8 TSI AT,Mumbai,2015,56073,Petrol,Automatic,First,13.7,1798.0,157.75,5.0,13.25,13.25,11,Skoda,4673.0,1
1151,Jaguar XF 3.0 Litre S Premium Luxury,Bangalore,2011,65000,Diesel,Automatic,First,14.74,2993.0,270.9,5.0,16.0,16.0,15,Jaguar,4062.0,1
1152,Maruti Wagon R VXI BSIII,Chennai,2013,79000,Petrol,Manual,First,18.9,998.0,67.1,5.0,11.75,3.0,13,Maruti,5643.0,1
1154,Toyota Corolla Altis VL,Mumbai,2010,70200,Petrol,Automatic,First,14.53,1798.0,138.1,5.0,11.75,5.0,16,Toyota,4129.0,1
1155,Maruti Swift VXi BSIV,Delhi,2016,42000,Petrol,Manual,First,16.1,1197.0,85.0,5.0,11.75,4.75,10,Maruti,3818.0,1
1156,Volkswagen Polo 1.2 MPI Highline,Bangalore,2014,62000,Petrol,Manual,First,16.47,1198.0,74.0,5.0,11.75,5.35,12,Volkswagen,4769.0,1
1157,Hyundai Grand i10 1.2 Kappa Asta,Hyderabad,2017,20000,Petrol,Manual,First,18.9,1197.0,81.86,5.0,7.82,5.98,9,Hyundai,2000.0,1
1158,Maruti SX4 ZDI,Chennai,2011,80000,Diesel,Manual,Third,21.5,1248.0,88.8,5.0,11.75,3.5,15,Maruti,5000.0,0
1159,Hyundai Grand i10 1.2 Kappa Magna,Kochi,2018,50234,Petrol,Manual,First,18.9,1197.0,81.86,5.0,6.32,4.77,8,Hyundai,5582.0,1
1160,Maruti Baleno Delta 1.2,Delhi,2016,50003,Petrol,Manual,First,21.4,1197.0,83.1,5.0,11.75,5.45,10,Maruti,4546.0,1
1161,Tata Tigor 1.2 Revotron XTA,Ahmedabad,2018,1000,Petrol,Automatic,First,20.3,1199.0,84.0,5.0,11.75,6.85,8,Tata,111.0,1
1162,Maruti Swift Dzire AMT ZDI,Jaipur,2016,54897,Diesel,Automatic,First,26.59,1248.0,74.0,5.0,11.75,7.3,10,Maruti,4991.0,1
1163,Tata Indica GLS BS IV,Pune,2007,108995,Petrol,Manual,First,15.3,1193.0,65.3,5.0,11.75,1.25,19,Tata,5450.0,1
1164,Maruti SX4 S Cross DDiS 320 Zeta,Chennai,2015,73000,Diesel,Manual,First,22.7,1598.0,118.0,5.0,11.75,8.25,11,Maruti,6083.0,1
1165,Maruti Swift VXI BSIII,Ahmedabad,2008,65000,Petrol,Manual,First,16.1,1298.0,88.2,5.0,11.75,2.71,18,Maruti,3421.0,1
1166,Hyundai Xcent 1.2 Kappa SX,Kolkata,2016,32000,Petrol,Manual,First,19.1,1197.0,82.0,5.0,11.75,3.6,10,Hyundai,2909.0,1
1167,Hyundai i20 1.2 Magna,Ahmedabad,2010,65000,Petrol,Manual,First,18.5,1197.0,80.0,5.0,11.75,3.0,16,Hyundai,3824.0,1
1168,Maruti Celerio VXI AT,Hyderabad,2016,21600,Petrol,Automatic,First,23.1,998.0,67.04,5.0,11.75,4.65,10,Maruti,1964.0,1
1169,Mercedes-Benz New C-Class C 220 CDI Elegance AT,Mumbai,2010,39000,Diesel,Automatic,First,14.84,2143.0,170.0,5.0,11.75,9.5,16,Mercedes-Benz,2294.0,1
1170,Maruti Swift Dzire VXi,Mumbai,2011,58075,Petrol,Manual,First,17.5,1298.0,85.8,5.0,11.75,2.95,15,Maruti,3630.0,1
1171,Volkswagen Vento Petrol Trendline,Mumbai,2011,58000,Petrol,Manual,First,15.04,1598.0,103.6,5.0,11.75,3.0,15,Volkswagen,3625.0,1
1172,Maruti Swift ZDi,Hyderabad,2015,58000,Diesel,Manual,First,25.2,1248.0,74.0,5.0,11.75,5.95,11,Maruti,4833.0,1
1173,Toyota Corolla Altis VL,Delhi,2008,89000,Petrol,Automatic,First,14.53,1798.0,138.1,5.0,11.75,4.0,18,Toyota,4684.0,1
1174,Honda Civic 2006-2010 1.8 V MT,Delhi,2008,72000,Petrol,Manual,First,13.5,1799.0,130.0,5.0,11.75,2.5,18,Honda,3789.0,1
1175,Ford EcoSport 1.5 Ti VCT AT Titanium BE,Kolkata,2017,1800,Petrol,Automatic,First,16.05,1499.0,110.4,5.0,11.75,11.37,9,Ford,180.0,1
1176,Fiat Linea Emotion Pack (Diesel),Pune,2010,172050,Diesel,Manual,Second,19.0,1248.0,93.0,5.0,11.75,2.25,16,Fiat,10121.0,0
1177,Hyundai i10 Era,Jaipur,2013,46230,Petrol,Manual,First,19.81,1086.0,68.05,5.0,11.75,3.1,13,Hyundai,3302.0,1
1178,Volvo XC60 D5 Inscription,Kochi,2014,86925,Diesel,Automatic,First,11.2,2400.0,215.0,5.0,17.18,17.18,12,Volvo,6687.0,1
1179,Hyundai i20 1.2 Asta,Jaipur,2018,5000,Petrol,Manual,First,18.6,1197.0,81.83,5.0,11.75,6.5,8,Hyundai,556.0,1
1180,Honda City i DTEC S,Ahmedabad,2014,66000,Diesel,Manual,First,26.0,1498.0,98.6,5.0,11.75,5.7,12,Honda,5077.0,1
1181,Toyota Innova 2.5 VX (Diesel) 8 Seater BS IV,Ahmedabad,2013,119000,Diesel,Manual,First,12.99,2494.0,100.0,8.0,11.75,8.0,13,Toyota,8500.0,1
1182,Renault KWID RXT,Chennai,2016,45000,Petrol,Manual,First,25.17,799.0,53.3,5.0,11.75,2.6,10,Renault,4091.0,1
1183,Maruti A-Star Vxi,Hyderabad,2009,66149,Petrol,Manual,First,19.0,998.0,66.1,5.0,11.75,2.45,17,Maruti,3675.0,1
1184,Mercedes-Benz B Class B180,Kochi,2014,42070,Petrol,Automatic,First,14.8,1595.0,120.7,5.0,11.75,11.57,12,Mercedes-Benz,3236.0,1
1185,Maruti Wagon R LXI BS IV,Kolkata,2012,35503,Petrol,Manual,First,18.9,998.0,67.1,5.0,11.75,2.3,14,Maruti,2367.0,1
1186,Maruti Swift VDI BSIV,Jaipur,2016,41460,Diesel,Manual,First,25.2,1248.0,74.0,5.0,11.75,5.9,10,Maruti,3769.0,1
1187,Hyundai Verna VTVT 1.6 AT SX Option,Mumbai,2015,40600,Petrol,Automatic,First,17.0,1591.0,121.3,5.0,15.14,7.2,11,Hyundai,3383.0,1
1188,Hyundai Verna CRDi 1.6 AT SX Option,Ahmedabad,2013,87000,Diesel,Automatic,First,22.0,1582.0,126.2,5.0,15.72,5.9,13,Hyundai,6214.0,1
1189,Honda City V MT,Chennai,2014,30000,Petrol,Manual,Second,16.8,1497.0,116.3,5.0,11.75,6.0,12,Honda,2308.0,0
1190,Hyundai i10 Magna Optional 1.1L,Kolkata,2010,27089,Petrol,Manual,First,16.0,1086.0,66.7,5.0,11.75,1.95,16,Hyundai,1593.0,1
1191,Toyota Etios GD SP,Coimbatore,2016,53702,Diesel,Manual,First,23.59,1364.0,67.04,5.0,11.75,6.55,10,Toyota,4882.0,1
1192,Volvo S60 D4 Momentum,Hyderabad,2015,51000,Diesel,Automatic,First,27.03,1969.0,190.0,5.0,45.67,25.0,11,Volvo,4250.0,1
1193,Ford Figo Diesel EXI,Kolkata,2012,36542,Diesel,Manual,First,20.0,1399.0,68.05,5.0,11.75,2.65,14,Ford,2436.0,1
1194,Mercedes-Benz E-Class 2015-2017 E350 CDI Avantgrade,Mumbai,2017,15000,Diesel,Automatic,First,13.0,2987.0,265.0,5.0,69.5,69.5,9,Mercedes-Benz,1500.0,1
1195,BMW 3 Series 320d Luxury Line,Chennai,2012,65000,Diesel,Automatic,First,22.69,1995.0,190.0,5.0,54.7,14.0,14,BMW,4333.0,1
1196,Maruti Alto 800 VXI,Pune,2014,32000,Petrol,Manual,Second,22.74,796.0,47.3,5.0,11.75,2.1,12,Maruti,2462.0,0
1197,Toyota Innova Crysta 2.4 VX MT,Hyderabad,2017,24393,Diesel,Manual,First,13.68,2393.0,147.8,7.0,22.87,20.4,9,Toyota,2439.0,1
1198,Volkswagen Polo 1.0 MPI Trendline,Hyderabad,2019,1000,Petrol,Manual,First,18.78,999.0,75.0,5.0,6.74,5.68,7,Volkswagen,125.0,1
1199,Nissan Terrano XL,Mumbai,2014,28238,Petrol,Manual,First,13.24,1598.0,102.5,5.0,11.75,5.55,12,Nissan,2172.0,1
1200,Mitsubishi Pajero Sport 4X4,Mumbai,2013,59000,Diesel,Manual,First,13.5,2477.0,175.56,7.0,33.09,12.75,13,Mitsubishi,4214.0,1
1201,Honda Civic 2010-2013 1.8 S MT,Mumbai,2012,92000,Petrol,Manual,Second,14.8,1799.0,130.2,5.0,11.75,3.35,14,Honda,6133.0,0
1202,Maruti Alto 800 LXI,Kolkata,2013,56840,Petrol,Manual,First,22.74,796.0,47.3,5.0,11.75,1.55,13,Maruti,4060.0,1
1203,Volkswagen Vento Diesel Highline,Coimbatore,2013,62746,Diesel,Manual,Second,20.54,1598.0,103.6,5.0,11.75,5.9,13,Volkswagen,4482.0,0
1204,Land Rover Freelander 2 HSE,Hyderabad,2012,96000,Diesel,Automatic,First,12.35,2179.0,187.74,5.0,18.98,18.98,14,Land,6400.0,1
1205,Honda CR-V 2.0L 2WD MT,Mumbai,2014,24000,Petrol,Manual,First,13.7,1997.0,153.86,5.0,11.75,11.51,12,Honda,1846.0,1
1206,Maruti Ertiga VDI,Mumbai,2016,54000,Diesel,Manual,First,20.77,1248.0,88.76,7.0,11.215,7.75,10,Maruti,4909.0,1
1207,Toyota Innova 2.5 GX (Diesel) 7 Seater,Chennai,2016,90000,Diesel,Manual,First,12.99,2494.0,100.6,7.0,13.9,13.9,10,Toyota,8182.0,1
1208,Tata Manza Aura Safire,Kolkata,2010,40000,Petrol,Manual,First,15.0,1368.0,90.0,5.0,11.75,1.35,16,Tata,2353.0,1
1209,Audi Q7 35 TDI Quattro Premium Plus,Mumbai,2015,65938,Diesel,Automatic,Second,12.07,2967.0,241.4,7.0,38.0,38.0,11,Audi,5495.0,0
1210,Hyundai Verna 1.6 SX VTVT (O) AT,Mumbai,2017,16100,Petrol,Automatic,First,17.1,1591.0,121.4,5.0,11.75,11.6,9,Hyundai,1610.0,1
1211,Volkswagen Vento 1.5 Highline Plus AT 16 Alloy,Hyderabad,2017,3600,Diesel,Automatic,First,21.5,1498.0,108.5,5.0,12.25,12.25,9,Volkswagen,360.0,1
1212,Honda City 1.5 S MT,Jaipur,2011,52000,Petrol,Manual,First,17.0,1497.0,118.0,5.0,11.75,3.8,15,Honda,3250.0,1
1213,Ford Figo Diesel Titanium,Mumbai,2014,54000,Diesel,Manual,First,20.0,1399.0,68.05,5.0,11.75,3.25,12,Ford,4154.0,1
1214,Honda Jazz 1.2 VX i VTEC,Mumbai,2016,15399,Petrol,Manual,First,18.7,1199.0,88.7,5.0,11.75,6.4,10,Honda,1400.0,1
1215,Volkswagen Polo Petrol Highline 1.2L,Bangalore,2012,75000,Petrol,Manual,Second,16.47,1198.0,73.9,5.0,11.75,3.95,14,Volkswagen,5000.0,0
1216,Honda City i-VTEC S,Delhi,2010,76752,Petrol,Manual,First,17.4,1497.0,117.3,5.0,11.75,3.57,16,Honda,4515.0,1
1217,Honda City ZX GXi,Mumbai,2005,56000,Petrol,Manual,Second,17.7,1497.0,78.0,5.0,11.75,1.25,21,Honda,2545.0,0
1219,Honda CR-V 2.4L 4WD AT AVN,Kolkata,2013,46125,Petrol,Automatic,Second,12.0,2354.0,187.4,5.0,12.5,12.5,13,Honda,3295.0,0
1220,BMW 5 Series 2013-2017 520d Luxury Line,Ahmedabad,2014,35000,Diesel,Automatic,Second,18.12,1995.0,190.0,5.0,23.0,23.0,12,BMW,2692.0,0
1221,Ambassador Classic Nova Diesel,Chennai,2003,80000,Diesel,Manual,Third,12.8,1489.0,35.5,5.0,11.75,1.35,23,Ambassador,3333.0,0
1222,Mahindra Scorpio VLX 2.2 mHawk BSIII,Coimbatore,2012,62729,Diesel,Manual,First,12.05,2179.0,120.0,8.0,11.75,6.32,14,Mahindra,4182.0,1
1223,Volkswagen Vento Diesel Comfortline,Kolkata,2012,34000,Diesel,Manual,First,20.54,1598.0,103.6,5.0,11.75,3.4,14,Volkswagen,2267.0,1
1224,Maruti Zen VX,Jaipur,1999,70000,Petrol,Manual,Second,17.3,993.0,60.0,5.0,11.75,0.77,27,Maruti,2500.0,0
1225,Maruti 800 DX BSII,Jaipur,2009,32000,Petrol,Manual,First,16.1,796.0,37.0,4.0,11.75,0.9,17,Maruti,1778.0,1
1226,Toyota Corolla Altis 1.8 VL CVT,Delhi,2017,21000,Petrol,Automatic,First,14.28,1798.0,138.03,5.0,23.25,18.0,9,Toyota,2100.0,1
1227,BMW 3 Series 328i Sport Line,Pune,2013,49000,Petrol,Automatic,First,14.59,1997.0,245.0,5.0,19.0,19.0,13,BMW,3500.0,1
1228,Ford Ikon 1.3 Flair,Chennai,2007,40000,Petrol,Manual,Third,13.8,1299.0,70.0,5.0,11.75,1.1,19,Ford,2000.0,0
1229,Chevrolet Beat LT,Pune,2012,78000,Petrol,Manual,Second,18.6,1199.0,79.4,5.0,11.75,2.0,14,Chevrolet,5200.0,0
1230,Toyota Corolla Altis 1.4 DG,Ahmedabad,2012,52000,Diesel,Manual,First,21.43,1364.0,86.79,5.0,19.27,6.5,14,Toyota,3467.0,1
1231,Mahindra XUV500 W4,Bangalore,2014,65213,Diesel,Manual,First,16.0,2179.0,140.0,7.0,11.75,9.45,12,Mahindra,5016.0,1
1232,Hyundai Xcent 1.1 CRDi Base,Mumbai,2016,170000,Diesel,Manual,First,24.4,1120.0,71.0,5.0,11.75,4.0,10,Hyundai,15455.0,1
1233,Mercedes-Benz E-Class 2015-2017 E250 CDI Avantgarde,Kochi,2017,36884,Diesel,Automatic,First,13.0,2143.0,204.0,5.0,32.25,32.25,9,Mercedes-Benz,3688.0,1
1234,Hyundai i10 Sportz,Pune,2009,62500,Petrol,Manual,First,20.36,1197.0,78.9,5.0,11.75,2.1,17,Hyundai,3472.0,1
1235,Toyota Corolla Altis VL AT,Mumbai,2015,68000,Petrol,Automatic,Second,14.28,1798.0,138.03,5.0,11.75,9.75,11,Toyota,5667.0,0
1236,Toyota Corolla 1.8 J,Kolkata,2014,40748,Petrol,Manual,First,14.53,1798.0,138.0,5.0,11.75,6.3,12,Toyota,3134.0,1
1237,Audi Q3 2.0 TDI Quattro,Hyderabad,2013,60000,Diesel,Automatic,First,17.32,1968.0,184.0,5.0,21.0,21.0,13,Audi,4286.0,1
1238,Hyundai i20 Magna Optional 1.4 CRDi,Mumbai,2014,12400,Diesel,Manual,First,21.9,1396.0,88.8,5.0,11.75,4.65,12,Hyundai,954.0,1
1239,Mercedes-Benz New C-Class C 220d Avantgarde Edition C,Mumbai,2013,87000,Diesel,Automatic,Second,19.27,2143.0,167.62,5.0,17.0,17.0,13,Mercedes-Benz,6214.0,0
1240,Maruti Ritz VDi,Pune,2013,20248,Diesel,Manual,First,21.1,1248.0,73.9,5.0,11.75,4.35,13,Maruti,1446.0,1
1241,Hyundai Creta 1.6 SX Plus Diesel,Coimbatore,2017,52383,Diesel,Manual,First,19.67,1582.0,126.2,5.0,14.82,14.82,9,Hyundai,5238.0,1
1242,Jaguar XE 2.0L Diesel Prestige,Delhi,2018,1000,Diesel,Automatic,First,13.6,1999.0,177.0,5.0,52.77,40.0,8,Jaguar,111.0,1
1243,Mahindra Xylo D4,Chennai,2016,85000,Diesel,Manual,First,14.95,2489.0,93.7,7.0,11.67,6.15,10,Mahindra,7727.0,1
1244,Toyota Innova 2.5 G (Diesel) 7 Seater,Ahmedabad,2014,47000,Diesel,Manual,First,12.99,2494.0,100.6,7.0,11.75,11.25,12,Toyota,3615.0,1
1245,Toyota Camry 2.5 Hybrid,Pune,2018,17585,Petrol,Automatic,First,19.16,2494.0,157.7,5.0,32.0,32.0,8,Toyota,1954.0,1
1246,Audi Q5 3.0 TDI Quattro,Coimbatore,2018,32496,Diesel,Automatic,First,13.22,2967.0,241.4,5.0,45.62,45.62,8,Audi,3611.0,1
1247,Maruti Swift VDI,Kochi,2017,34613,Diesel,Manual,First,28.4,1248.0,74.0,5.0,7.92,6.24,9,Maruti,3461.0,1
1248,Maruti Ertiga VDI Limited Edition,Chennai,2015,153000,Diesel,Manual,First,20.77,1248.0,88.76,7.0,11.75,4.8,11,Maruti,12750.0,1
1249,Maruti Swift VXi BSIV,Chennai,2014,54000,Petrol,Manual,Second,16.1,1197.0,85.0,5.0,11.75,4.5,12,Maruti,4154.0,0
1250,Hyundai i10 Sportz,Kochi,2015,16900,Petrol,Manual,First,20.36,1197.0,78.9,5.0,11.75,3.87,11,Hyundai,1408.0,1
1251,Hyundai i10 Sportz,Delhi,2013,62334,Petrol,Manual,First,20.36,1197.0,78.9,5.0,11.75,2.75,13,Hyundai,4452.0,1
1252,Maruti Baleno Sigma 1.2,Kochi,2018,23714,Petrol,Manual,First,21.4,1197.0,83.1,5.0,11.75,6.57,8,Maruti,2635.0,1
1253,Hyundai Accent Executive,Jaipur,2010,52325,Petrol,Manual,First,16.36,1495.0,93.7,5.0,11.75,2.0,16,Hyundai,3078.0,1
1254,Honda Brio S MT,Ahmedabad,2012,50000,Petrol,Manual,First,19.4,1198.0,86.8,5.0,11.75,3.65,14,Honda,3333.0,1
1255,Maruti Swift ZDi,Hyderabad,2016,55746,Diesel,Manual,First,22.9,1248.0,74.0,5.0,11.75,6.95,10,Maruti,5068.0,1
1256,Hyundai Xcent 1.2 VTVT S,Bangalore,2014,54000,Petrol,Manual,First,20.14,1197.0,81.86,5.0,7.85,5.5,12,Hyundai,4154.0,1
1257,Mahindra XUV500 W8 2WD,Kolkata,2013,43000,Diesel,Manual,First,16.0,2179.0,140.0,7.0,11.75,7.0,13,Mahindra,3071.0,1
1258,Mercedes-Benz E-Class E250 CDI Avantgrade,Delhi,2014,40000,Diesel,Automatic,First,13.0,2143.0,201.1,5.0,24.0,24.0,12,Mercedes-Benz,3077.0,1
1259,Land Rover Freelander 2 TD4 S,Bangalore,2010,125000,Diesel,Automatic,Second,0.0,2179.0,115.0,5.0,11.75,11.0,16,Land,7353.0,0
1260,Mercedes-Benz New C-Class C 220 CDI Avantgarde,Bangalore,2016,51944,Diesel,Automatic,First,19.27,2143.0,170.0,5.0,32.5,32.5,10,Mercedes-Benz,4722.0,1
1261,Hyundai i20 Asta 1.4 CRDi,Kochi,2015,46950,Diesel,Manual,First,21.27,1396.0,88.76,5.0,11.75,6.45,11,Hyundai,3912.0,1
1262,Skoda Octavia Elegance 2.0 TDI AT,Mumbai,2015,23000,Diesel,Automatic,First,19.3,1968.0,141.0,5.0,15.75,15.75,11,Skoda,1917.0,1
1263,Honda City 1.5 S MT,Mumbai,2014,54546,Petrol,Manual,First,17.0,1497.0,118.0,5.0,11.75,5.5,12,Honda,4196.0,1
1264,Toyota Fortuner 4x2 AT,Kochi,2015,51535,Diesel,Automatic,First,12.55,2982.0,168.5,7.0,19.03,19.03,11,Toyota,4295.0,1
1265,Audi Q3 2.0 TDI Quattro,Kolkata,2013,45000,Diesel,Automatic,First,17.32,1968.0,184.0,5.0,15.25,15.25,13,Audi,3214.0,1
1266,Maruti Alto K10 2010-2014 VXI,Hyderabad,2012,46004,Petrol,Manual,First,20.92,998.0,67.1,5.0,11.75,2.4,14,Maruti,3067.0,1
1267,Tata Indigo eCS LX BSIV,Chennai,2011,124000,Diesel,Manual,First,23.03,1396.0,69.0,5.0,11.75,2.3,15,Tata,7750.0,1
1268,Audi A4 2.0 TDI 177 Bhp Premium Plus,Kochi,2014,77395,Diesel,Automatic,First,17.11,1968.0,174.33,5.0,14.35,14.35,12,Audi,5953.0,1
1270,Honda City i-VTEC CVT VX,Kochi,2018,22974,Petrol,Automatic,First,18.0,1497.0,117.3,5.0,15.55,11.97,8,Honda,2553.0,1
1272,Toyota Fortuner 2.8 2WD MT,Ahmedabad,2015,65012,Diesel,Manual,First,14.24,2755.0,174.5,7.0,32.45,18.9,11,Toyota,5418.0,1
1273,Hyundai Grand i10 Sportz,Ahmedabad,2017,17125,Petrol,Manual,First,18.9,1197.0,82.0,5.0,11.75,5.4,9,Hyundai,1712.0,1
1274,Maruti Eeco 7 Seater Standard,Hyderabad,2015,90413,Petrol,Manual,First,15.1,1196.0,73.0,7.0,4.83,2.95,11,Maruti,7534.0,1
1275,Volkswagen Polo Petrol Highline 1.2L,Bangalore,2013,37000,Petrol,Manual,First,16.47,1198.0,73.9,5.0,11.75,5.1,13,Volkswagen,2643.0,1
1276,Maruti Wagon R LXI Minor,Jaipur,2006,65000,Petrol,Manual,First,18.9,1061.0,67.0,5.0,11.75,1.5,20,Maruti,3095.0,1
1277,Honda City 1.5 V MT,Bangalore,2011,66000,Petrol,Manual,First,17.0,1497.0,118.0,5.0,11.75,4.9,15,Honda,4125.0,1
1278,Honda Civic 2010-2013 1.8 S MT,Mumbai,2010,86000,Petrol,Manual,First,14.8,1799.0,130.2,5.0,11.75,2.9,16,Honda,5059.0,1
1279,Honda City 1.5 EXI,Pune,2005,98437,Petrol,Manual,First,13.0,1493.0,100.0,5.0,11.75,1.15,21,Honda,4474.0,1
1280,Hyundai i20 1.2 Magna,Kolkata,2010,18000,Petrol,Manual,First,18.5,1197.0,80.0,5.0,11.75,2.3,16,Hyundai,1059.0,1
1281,Hyundai Grand i10 CRDi Sportz Celebration Edition,Kochi,2018,35070,Diesel,Manual,First,24.0,1120.0,70.0,5.0,11.75,5.99,8,Hyundai,3897.0,1
1282,Volkswagen Vento Petrol Highline AT,Pune,2011,42000,Petrol,Automatic,Third,14.4,1598.0,103.6,5.0,11.75,3.4,15,Volkswagen,2625.0,0
1283,Hyundai i10 Sportz 1.2,Kolkata,2009,40000,Petrol,Manual,First,20.36,1197.0,78.9,5.0,11.75,1.7,17,Hyundai,2222.0,1
1284,Hyundai i20 Asta,Kolkata,2009,43000,Petrol,Manual,First,17.0,1197.0,80.0,5.0,11.75,1.99,17,Hyundai,2389.0,1
1285,Chevrolet Beat LS,Pune,2012,65000,Petrol,Manual,First,18.6,1199.0,79.4,5.0,11.75,2.5,14,Chevrolet,4333.0,1
1286,Volkswagen Polo Diesel Highline 1.2L,Hyderabad,2013,74000,Diesel,Manual,First,22.07,1199.0,73.9,5.0,11.75,4.85,13,Volkswagen,5286.0,1
1287,Ford Figo Petrol LXI,Hyderabad,2010,51192,Petrol,Manual,First,15.6,1196.0,70.0,5.0,11.75,2.65,16,Ford,3011.0,1
1288,Audi TT 2.0 TFSI,Kochi,2014,14262,Petrol,Automatic,First,9.9,1984.0,207.8,2.0,27.35,27.35,12,Audi,1097.0,1
1289,Honda City i DTEC VX,Jaipur,2015,66339,Diesel,Manual,Second,25.1,1498.0,98.6,5.0,11.75,6.9,11,Honda,5528.0,0
1290,Ford Figo Diesel Titanium,Hyderabad,2013,90200,Diesel,Manual,First,20.0,1399.0,68.05,5.0,11.75,3.5,13,Ford,6443.0,1
1291,Toyota Innova 2.5 ZX Diesel 7 Seater,Delhi,2015,57854,Diesel,Manual,First,12.99,2494.0,100.6,7.0,12.5,12.5,11,Toyota,4821.0,1
1292,Maruti Ciaz 1.4 AT Alpha,Delhi,2017,32000,Petrol,Automatic,First,19.12,1373.0,91.1,5.0,11.75,9.2,9,Maruti,3200.0,1
1293,Hyundai Grand i10 AT Asta,Mumbai,2015,29631,Petrol,Automatic,First,18.9,1197.0,82.0,5.0,11.75,4.9,11,Hyundai,2469.0,1
1294,Honda City 1.3 DX,Delhi,2009,55005,Petrol,Manual,First,12.8,1497.0,98.6,5.0,11.75,3.2,17,Honda,3056.0,1
1295,Ford EcoSport 1.0 Ecoboost Titanium Plus BE,Kochi,2014,54173,Petrol,Manual,First,18.88,999.0,123.24,5.0,11.75,5.55,12,Ford,4167.0,1
1296,Skoda Octavia Ambition 1.8 TSI AT,Ahmedabad,2014,50000,Petrol,Automatic,First,14.7,1798.0,177.6,5.0,13.5,13.5,12,Skoda,3846.0,1
1297,Fiat Linea Emotion (Diesel),Kolkata,2010,145000,Diesel,Manual,First,20.4,1248.0,91.7,5.0,11.75,2.6,16,Fiat,8529.0,1
1298,Maruti Swift Lxi BSIII,Jaipur,2015,78000,Petrol,Manual,First,16.1,1298.0,88.2,5.0,11.75,4.5,11,Maruti,6500.0,1
1299,Land Rover Discovery 4 TDV6 SE,Delhi,2013,65000,Diesel,Automatic,Second,11.8,2993.0,180.0,7.0,34.0,34.0,13,Land,4643.0,0
1300,Toyota Innova 2.5 V Diesel 7-seater,Hyderabad,2012,120000,Diesel,Manual,First,12.8,2494.0,102.0,7.0,12.0,12.0,14,Toyota,8000.0,1
1301,Maruti Swift LDI,Mumbai,2015,14000,Diesel,Manual,First,28.4,1248.0,74.0,5.0,7.13,5.25,11,Maruti,1167.0,1
1302,Audi A6 2011-2015 2.0 TDI Premium Plus,Kochi,2014,57456,Diesel,Automatic,First,17.68,1968.0,174.33,5.0,21.56,21.56,12,Audi,4420.0,1
1303,BMW 5 Series 520d Luxury Line,Coimbatore,2012,44450,Diesel,Automatic,First,22.48,1995.0,190.0,5.0,71.82,24.68,14,BMW,2963.0,1
1304,Hyundai i20 Magna Optional 1.2,Delhi,2013,63777,Petrol,Manual,First,18.5,1197.0,82.9,5.0,11.75,3.67,13,Hyundai,4556.0,1
1305,BMW X1 M Sport sDrive 20d,Mumbai,2016,31000,Diesel,Automatic,First,17.05,1995.0,190.0,5.0,50.97,29.5,10,BMW,2818.0,1
1306,Toyota Etios G,Delhi,2012,60000,Petrol,Manual,First,17.6,1496.0,88.73,5.0,11.75,3.1,14,Toyota,4000.0,1
1307,Tata Indigo LX,Ahmedabad,2015,78008,Diesel,Manual,First,17.0,1405.0,70.0,5.0,11.75,2.9,11,Tata,6501.0,1
1308,Mercedes-Benz M-Class ML 350 4Matic,Bangalore,2014,33000,Diesel,Automatic,Second,0.0,2987.0,165.0,5.0,43.0,43.0,12,Mercedes-Benz,2538.0,0
1309,Volkswagen Beetle 2.0,Mumbai,2009,27078,Petrol,Automatic,First,10.98,1984.0,114.4,4.0,15.95,15.95,17,Volkswagen,1504.0,1
1310,Volkswagen Polo GT TDI,Hyderabad,2011,57275,Diesel,Manual,First,19.7,1598.0,103.6,5.0,11.75,4.5,15,Volkswagen,3580.0,1
1311,Hyundai Grand i10 CRDi Magna,Delhi,2014,45000,Diesel,Manual,First,24.0,1120.0,70.0,5.0,11.75,3.49,12,Hyundai,3462.0,1
1312,Maruti Swift VDI BSIV,Delhi,2014,57319,Diesel,Manual,First,25.2,1248.0,74.0,5.0,11.75,4.25,12,Maruti,4409.0,1
1313,Hyundai Verna CRDi 1.4 E,Chennai,2008,121097,Diesel,Manual,Second,24.0,1396.0,88.76,5.0,10.73,1.9,18,Hyundai,6374.0,0
1314,BMW 5 Series 2003-2012 525d,Mumbai,2011,89000,Diesel,Automatic,First,16.73,1995.0,218.0,5.0,16.57,16.57,15,BMW,5562.0,1
1315,Honda City 1.5 S MT,Bangalore,2012,72000,Petrol,Manual,First,17.0,1497.0,118.0,5.0,11.75,5.75,14,Honda,4800.0,1
1316,Audi A4 2.0 TDI,Delhi,2013,36000,Diesel,Automatic,Second,16.55,1968.0,147.51,5.0,14.0,14.0,13,Audi,2571.0,0
1317,Fiat Linea Classic Plus 1.3 Multijet,Jaipur,2013,86000,Diesel,Manual,Second,19.5,1248.0,75.0,5.0,9.5,2.5,13,Fiat,6143.0,0
1318,Honda City 1.3 EXI,Ahmedabad,2002,85000,Petrol,Manual,First,13.0,1343.0,90.0,5.0,11.75,1.2,24,Honda,3400.0,1
1320,BMW 3 Series 320d Luxury Line,Kochi,2013,37613,Diesel,Automatic,First,22.69,1995.0,190.0,5.0,52.46,13.95,13,BMW,2687.0,1
1321,Ford Fiesta 1.4 Duratec EXI,Chennai,2007,100000,Petrol,Manual,First,16.6,1388.0,68.0,5.0,11.75,1.6,19,Ford,5000.0,1
1322,Tata Nano XTA,Coimbatore,2016,5240,Petrol,Automatic,First,21.9,624.0,37.48,4.0,11.75,3.6,10,Tata,476.0,1
1324,Maruti Ignis 1.2 Delta,Coimbatore,2019,16862,Petrol,Manual,First,20.89,1197.0,81.8,5.0,6.07,6.06,7,Maruti,2108.0,1
1325,Maruti Swift Dzire ZXi,Coimbatore,2013,59254,Petrol,Manual,Second,17.5,1298.0,85.8,5.0,11.75,5.29,13,Maruti,4232.0,0
1326,Ford Ecosport 1.5 DV5 MT Titanium,Jaipur,2014,60000,Diesel,Manual,First,22.7,1498.0,89.84,5.0,11.75,5.75,12,Ford,4615.0,1
1327,Maruti Swift 1.3 ZXI,Hyderabad,2015,50295,Petrol,Manual,First,16.1,1497.0,98.6,5.0,11.75,5.8,11,Maruti,4191.0,1
1328,Maruti Swift Dzire VXI,Coimbatore,2014,47674,Petrol,Manual,First,19.1,1197.0,85.8,5.0,11.75,5.72,12,Maruti,3667.0,1
1329,Hyundai i10 Sportz AT,Kochi,2014,61517,Petrol,Automatic,First,16.95,1197.0,78.9,5.0,11.75,4.39,12,Hyundai,4732.0,1
1330,Mahindra XUV500 W6 2WD,Coimbatore,2016,62946,Diesel,Manual,First,15.1,2179.0,140.0,7.0,11.75,11.05,10,Mahindra,5722.0,1
1331,Hyundai i20 Magna 1.4 CRDi,Delhi,2015,66823,Diesel,Manual,Second,22.54,1396.0,88.73,5.0,11.75,4.83,11,Hyundai,5569.0,0
1333,Hyundai i20 Asta 1.4 CRDi,Chennai,2012,107000,Diesel,Manual,Second,21.27,1396.0,88.76,5.0,11.75,4.5,14,Hyundai,7133.0,0
1334,BMW 7 Series 730Ld,Mumbai,2011,55000,Diesel,Automatic,Second,16.46,2993.0,258.0,5.0,19.5,19.5,15,BMW,3438.0,0
1335,Skoda Rapid 1.6 MPI AT Style Plus,Mumbai,2017,24000,Petrol,Automatic,First,14.3,1598.0,103.52,5.0,11.75,8.75,9,Skoda,2400.0,1
1336,Audi Q7 45 TDI Quattro Technology,Mumbai,2016,20002,Diesel,Automatic,First,14.75,2967.0,245.0,7.0,104.0,67.0,10,Audi,1818.0,1
1337,Honda City i VTEC VX,Kochi,2016,54317,Petrol,Manual,First,17.4,1497.0,117.3,5.0,11.75,8.4,10,Honda,4938.0,1
1338,Hyundai Xcent 1.2 Kappa SX,Mumbai,2016,10200,Petrol,Manual,First,19.1,1197.0,82.0,5.0,11.75,4.99,10,Hyundai,927.0,1
1339,Honda City i DTec E,Coimbatore,2016,24337,Diesel,Manual,First,26.0,1498.0,98.6,5.0,11.75,8.18,10,Honda,2212.0,1
1340,Honda Brio S Option MT,Pune,2012,79000,Petrol,Manual,First,18.4,1198.0,86.8,5.0,11.75,2.9,14,Honda,5267.0,1
1341,Maruti Ciaz ZDi Plus SHVS,Jaipur,2015,40500,Diesel,Manual,First,28.09,1248.0,88.5,5.0,11.75,7.1,11,Maruti,3375.0,1
1342,Maruti Swift Dzire VDI Optional,Pune,2016,23000,Diesel,Manual,First,26.59,1248.0,74.0,5.0,11.75,7.05,10,Maruti,2091.0,1
1343,Honda CR-V 2.4L 4WD AT,Pune,2015,63050,Petrol,Automatic,First,11.1,2354.0,158.8,5.0,17.5,17.5,11,Honda,5254.0,1
1344,Toyota Corolla Altis 2008-2013 1.8 VL AT,Mumbai,2008,78000,Petrol,Automatic,Second,14.53,1794.0,138.1,5.0,11.75,3.41,18,Toyota,4105.0,0
1346,Honda City 1.5 V MT,Coimbatore,2012,66245,Petrol,Manual,First,17.0,1497.0,118.0,5.0,11.75,5.68,14,Honda,4416.0,1
1347,Mahindra Scorpio LX BS IV,Bangalore,2007,74112,Diesel,Manual,First,12.05,2179.0,120.0,9.0,11.75,4.1,19,Mahindra,3706.0,1
1348,Skoda Laura 1.8 TSI Ambiente,Delhi,2011,87670,Petrol,Manual,First,13.4,1798.0,157.8,5.0,11.75,4.0,15,Skoda,5479.0,1
1349,BMW 3 Series 320d Sport Line,Hyderabad,2015,10000,Diesel,Automatic,First,18.88,1995.0,184.0,5.0,30.0,30.0,11,BMW,833.0,1
1350,Maruti SX4 Zxi BSIII,Chennai,2007,62493,Petrol,Manual,First,15.0,1586.0,104.68,5.0,11.75,1.8,19,Maruti,3125.0,1
1351,Maruti Ciaz VXi Plus,Kochi,2015,44620,Petrol,Manual,First,20.73,1373.0,91.1,5.0,11.75,6.93,11,Maruti,3718.0,1
1352,Land Rover Range Rover 3.6 TDV8 Vogue SE Diesel,Bangalore,2012,66538,Diesel,Automatic,First,10.2,4367.0,308.0,7.0,70.0,70.0,14,Land,4436.0,1
1353,Toyota Innova 2.5 G (Diesel) 7 Seater BS IV,Ahmedabad,2013,60000,Diesel,Manual,First,12.99,2494.0,100.0,7.0,11.75,7.9,13,Toyota,4286.0,1
1354,Hyundai Santro Xing GL,Kochi,2011,20842,Petrol,Manual,First,0.0,1086.0,62.0,5.0,11.75,2.78,15,Hyundai,1303.0,1
1355,Hyundai Santa Fe 4WD AT,Chennai,2014,110000,Diesel,Automatic,First,13.01,2199.0,194.3,7.0,14.4,14.4,12,Hyundai,8462.0,1
1356,Mercedes-Benz New C-Class C250 Avantgarde,Mumbai,2011,45000,Petrol,Automatic,Second,11.74,1796.0,186.0,5.0,13.5,13.5,15,Mercedes-Benz,2812.0,0
1358,Maruti Alto LXi,Coimbatore,2012,49008,Petrol,Manual,First,19.7,796.0,46.3,5.0,11.75,2.88,14,Maruti,3267.0,1
1359,Maruti Alto 800 2016-2019 LXI,Kolkata,2016,31000,Petrol,Manual,First,24.7,796.0,47.3,5.0,11.75,2.15,10,Maruti,2818.0,1
1360,Nissan Sunny 2011-2014 XV,Pune,2013,8000,Petrol,Manual,First,16.95,1498.0,97.7,5.0,11.75,3.75,13,Nissan,571.0,1
1361,Maruti Alto 800 2016-2019 VXI,Mumbai,2019,171,Petrol,Manual,First,24.7,796.0,47.3,5.0,11.75,3.6,7,Maruti,21.0,1
1362,Maruti Alto K10 VXI,Kolkata,2018,2100,Petrol,Manual,First,24.07,998.0,67.1,5.0,4.33,3.6,8,Maruti,233.0,1
1363,Hyundai Grand i10 1.2 Kappa Sportz AT,Coimbatore,2018,20667,Petrol,Automatic,First,18.9,1197.0,81.86,5.0,8.63,7.55,8,Hyundai,2296.0,1
1364,Honda Mobilio S i DTEC,Kolkata,2015,50000,Diesel,Manual,First,24.2,1498.0,98.6,7.0,11.75,4.7,11,Honda,4167.0,1
1365,Tata Manza Aqua Quadrajet,Jaipur,2010,100030,Diesel,Manual,Second,18.8,1248.0,90.0,5.0,11.75,1.6,16,Tata,5884.0,0
1366,Chevrolet Optra Magnum 2.0 LT,Pune,2011,75372,Diesel,Manual,First,16.52,1991.0,123.7,5.0,11.75,3.34,15,Chevrolet,4711.0,1
1367,Honda City i VTEC CVT VX,Kochi,2016,60475,Petrol,Automatic,First,18.0,1497.0,117.3,5.0,11.75,9.1,10,Honda,5498.0,1
1368,Hyundai Grand i10 1.2 Kappa Sportz,Kochi,2019,18453,Petrol,Manual,First,18.9,1197.0,81.86,5.0,6.68,6.17,7,Hyundai,2307.0,1
1369,Hyundai Verna CRDi 1.6 SX,Hyderabad,2008,96578,Diesel,Manual,First,22.0,1582.0,126.2,5.0,14.07,2.5,18,Hyundai,5083.0,1
1370,Nissan Micra XL,Kolkata,2016,31001,Petrol,Manual,First,18.44,1198.0,75.0,5.0,11.75,3.0,10,Nissan,2818.0,1
1371,Hyundai Verna 1.6 SX,Jaipur,2012,65900,Diesel,Manual,First,22.32,1582.0,126.32,5.0,11.75,5.75,14,Hyundai,4393.0,1
1372,Hyundai Creta 1.6 VTVT E Plus,Bangalore,2017,26246,Petrol,Manual,First,15.29,1591.0,121.3,5.0,11.75,10.75,9,Hyundai,2625.0,1
1373,Maruti Wagon R VXI BS IV,Jaipur,2013,62700,Petrol,Manual,Second,20.51,998.0,67.04,5.0,11.75,2.85,13,Maruti,4479.0,0
1374,Honda Accord 2.4 Elegance A/T,Chennai,2008,90000,Petrol,Automatic,First,10.2,2354.0,180.0,5.0,11.75,6.5,18,Honda,4737.0,1
1375,Honda City 1.5 S AT,Bangalore,2016,36000,Petrol,Automatic,First,16.8,1497.0,118.0,5.0,11.75,9.45,10,Honda,3273.0,1
1376,Maruti Baleno Alpha 1.3,Delhi,2016,46000,Diesel,Manual,First,27.39,1248.0,74.0,5.0,11.75,6.75,10,Maruti,4182.0,1
1377,Honda City i DTec V,Coimbatore,2017,73003,Diesel,Manual,First,26.0,1498.0,98.6,5.0,11.75,7.75,9,Honda,7300.0,1
1378,Hyundai i20 Era 1.4 CRDi,Kochi,2014,46566,Diesel,Manual,First,22.54,1396.0,88.76,5.0,11.75,4.4,12,Hyundai,3582.0,1
1379,Mercedes-Benz E-Class 2015-2017 E350 Edition E,Jaipur,2015,41493,Diesel,Automatic,First,13.0,2987.0,265.0,5.0,42.0,42.0,11,Mercedes-Benz,3458.0,1
1380,Nissan Terrano XV 110 PS,Kochi,2014,103788,Diesel,Manual,First,19.01,1461.0,108.5,5.0,11.75,5.67,12,Nissan,7984.0,1
1381,Renault Duster 110PS Diesel RxZ AMT,Bangalore,2016,45000,Diesel,Automatic,First,19.6,1461.0,108.45,5.0,15.05,11.5,10,Renault,4091.0,1
1382,Maruti Wagon R LXI Minor,Pune,2009,120000,Petrol,Manual,First,18.9,998.0,67.1,5.0,11.75,1.69,17,Maruti,6667.0,1
1383,Hyundai Getz 1.5 CRDi GVS,Jaipur,2009,97359,Diesel,Manual,Second,17.1,1493.0,110.0,5.0,11.75,1.8,17,Hyundai,5409.0,0
1384,Maruti Ritz LXi,Mumbai,2016,62000,Petrol,Manual,First,18.5,1197.0,85.8,5.0,11.75,3.2,10,Maruti,5636.0,1
1385,Honda City 1.5 GXI,Pune,2004,115000,Petrol,Manual,Second,0.0,1497.0,98.6,5.0,11.75,1.5,22,Honda,5000.0,0
1386,BMW 5 Series 520d Sport Line,Kochi,2019,18373,Diesel,Automatic,First,22.48,1995.0,187.74,5.0,45.86,45.86,7,BMW,2297.0,1
1387,Volkswagen Polo 1.2 MPI Highline,Hyderabad,2016,60453,Petrol,Manual,First,16.47,1198.0,74.0,5.0,11.75,5.1,10,Volkswagen,5496.0,1
1389,Ford Figo Petrol ZXI,Mumbai,2010,69009,Petrol,Manual,Second,15.6,1196.0,70.0,5.0,11.75,2.4,16,Ford,4059.0,0
1390,BMW 3 Series 320d Luxury Line,Hyderabad,2013,30000,Diesel,Automatic,First,18.88,1995.0,184.0,5.0,54.43,22.0,13,BMW,2143.0,1
1391,Hyundai Verna 1.6 SX CRDi (O),Delhi,2012,70707,Diesel,Manual,First,22.32,1582.0,126.32,5.0,11.75,4.28,14,Hyundai,4714.0,1
1392,Renault Duster 85PS Diesel RxL,Coimbatore,2015,64677,Diesel,Manual,First,20.45,1461.0,83.8,5.0,11.75,5.67,11,Renault,5390.0,1
1393,Hyundai Grand i10 1.2 Kappa Magna AT,Bangalore,2018,3000,Petrol,Automatic,First,18.9,1197.0,81.86,5.0,7.98,6.2,8,Hyundai,333.0,1
1394,BMW X1 sDrive20d,Bangalore,2013,49000,Diesel,Automatic,Second,17.05,1995.0,184.0,5.0,14.49,14.49,13,BMW,3500.0,0
1395,Maruti Ritz VDi,Pune,2010,71000,Diesel,Manual,First,21.1,1248.0,73.9,5.0,11.75,3.0,16,Maruti,4176.0,1
1396,Hyundai i10 Era 1.1 iTech SE,Jaipur,2010,52000,Petrol,Manual,Second,19.81,1086.0,68.05,5.0,11.75,2.25,16,Hyundai,3059.0,0
1397,BMW X5 2014-2019 xDrive 30d Design Pure Experience 7 Seater,Kochi,2016,35659,Diesel,Automatic,First,15.97,2993.0,258.0,7.0,43.78,43.78,10,BMW,3242.0,1
1398,Honda City V MT Exclusive,Kochi,2019,5377,Petrol,Manual,First,16.8,1497.0,116.3,5.0,11.75,11.45,7,Honda,672.0,1
1399,Mahindra Ssangyong Rexton RX7,Delhi,2014,65000,Diesel,Automatic,First,11.18,2696.0,184.0,7.0,11.75,10.5,12,Mahindra,5000.0,1
1400,Ford Ecosport 1.5 DV5 MT Titanium Optional,Coimbatore,2015,92708,Diesel,Manual,First,22.7,1498.0,89.84,5.0,11.75,7.48,11,Ford,7726.0,1
1401,Maruti Alto LXi,Coimbatore,2010,48105,Petrol,Manual,First,19.7,796.0,46.3,5.0,11.75,3.1,16,Maruti,2830.0,1
1402,Volkswagen Polo 1.2 MPI Highline,Mumbai,2011,46759,Petrol,Manual,First,16.47,1198.0,74.0,5.0,11.75,2.55,15,Volkswagen,2922.0,1
1403,Volkswagen Polo Diesel Comfortline 1.2L,Jaipur,2013,62000,Diesel,Manual,First,22.07,1199.0,73.9,5.0,11.75,3.5,13,Volkswagen,4429.0,1
1404,Volkswagen Polo Diesel Highline 1.2L,Kolkata,2012,35175,Diesel,Manual,First,22.07,1199.0,73.9,5.0,11.75,2.59,14,Volkswagen,2345.0,1
1405,Maruti Ertiga ZDI,Kolkata,2013,70000,Diesel,Manual,First,20.77,1248.0,88.8,7.0,12.34,5.45,13,Maruti,5000.0,1
1406,Ford EcoSport 1.5 TDCi Ambiente,Kolkata,2017,30000,Diesel,Manual,First,22.77,1498.0,98.59,5.0,11.75,6.0,9,Ford,3000.0,1
1407,Toyota Innova Crysta 2.8 ZX AT,Kolkata,2016,66618,Diesel,Automatic,First,11.36,2755.0,171.5,7.0,24.82,15.49,10,Toyota,6056.0,1
1408,BMW 5 Series 523i Sedan,Mumbai,2010,69300,Petrol,Automatic,Second,10.8,2497.0,150.0,5.0,12.5,12.5,16,BMW,4076.0,0
1409,Maruti Swift Dzire Tour LDI,Kolkata,2017,148000,Diesel,Manual,First,23.4,1248.0,74.0,5.0,11.75,4.75,9,Maruti,14800.0,1
1410,Ford Ecosport 1.0 Ecoboost Platinum Edition,Mumbai,2017,22000,Petrol,Manual,First,18.88,999.0,123.24,5.0,11.75,7.85,9,Ford,2200.0,1
1411,Hyundai Verna CRDi SX,Ahmedabad,2013,75000,Diesel,Manual,First,16.8,1493.0,110.0,5.0,11.75,6.0,13,Hyundai,5357.0,1
1412,Tata Zest Revotron 1.2T XM,Mumbai,2016,43706,Petrol,Manual,First,17.57,1193.0,88.7,5.0,7.63,4.0,10,Tata,3973.0,1
1413,Audi A7 2011-2015 3.0 TDI Quattro,Mumbai,2011,42000,Diesel,Automatic,First,14.4,2967.0,241.4,5.0,28.75,28.75,15,Audi,2625.0,1
1414,Tata Indica Vista Quadrajet VX,Pune,2012,65000,Diesel,Manual,First,22.3,1248.0,74.0,5.0,11.75,2.5,14,Tata,4333.0,1
1415,Maruti Swift Dzire VDI,Delhi,2015,76128,Diesel,Manual,First,26.59,1248.0,74.0,5.0,11.75,5.5,11,Maruti,6344.0,1
1416,Fiat Linea Emotion,Kolkata,2010,39852,Petrol,Manual,First,16.0,1368.0,90.0,5.0,11.75,1.59,16,Fiat,2344.0,1
1417,Hyundai i20 1.2 Spotz,Mumbai,2017,18673,Petrol,Manual,First,18.6,1197.0,81.83,5.0,11.75,6.22,9,Hyundai,1867.0,1
1418,Hyundai EON Era Plus,Kolkata,2016,11583,Petrol,Manual,First,21.1,814.0,55.2,5.0,11.75,2.75,10,Hyundai,1053.0,1
1420,Mercedes-Benz GLA Class 200 CDI SPORT,Pune,2017,50000,Diesel,Automatic,First,17.9,2143.0,136.0,5.0,25.0,25.0,9,Mercedes-Benz,5000.0,1
1421,Maruti Celerio VXI,Delhi,2014,77000,Petrol,Manual,First,23.1,998.0,67.04,5.0,11.75,2.8,12,Maruti,5923.0,1
1422,Chevrolet Beat LT,Mumbai,2014,54890,Petrol,Manual,Second,17.8,1199.0,76.8,5.0,11.75,2.45,12,Chevrolet,4222.0,0
1423,Honda Jazz 1.2 V AT i VTEC Privilege,Pune,2016,21000,Petrol,Automatic,First,19.0,1199.0,88.7,5.0,11.75,6.35,10,Honda,1909.0,1
1424,BMW 3 Series 320d Highline,Mumbai,2009,58557,Diesel,Automatic,Third,16.07,1995.0,181.0,5.0,11.75,8.0,17,BMW,3253.0,0
1425,Renault Duster 110PS Diesel RxL,Bangalore,2014,70000,Diesel,Manual,First,19.01,1461.0,108.45,5.0,11.75,8.25,12,Renault,5385.0,1
1426,Ford Figo 2015-2019 1.5P Titanium AT,Mumbai,2017,16000,Petrol,Automatic,First,17.01,1499.0,110.4,5.0,11.75,5.95,9,Ford,1600.0,1
1427,Toyota Innova Crysta 2.4 VX MT,Kochi,2018,8899,Diesel,Manual,First,13.68,2393.0,147.8,7.0,22.86,19.92,8,Toyota,989.0,1
1428,Chevrolet Beat Diesel LS,Kochi,2016,83629,Diesel,Manual,First,25.44,936.0,56.3,5.0,11.75,3.15,10,Chevrolet,7603.0,1
1429,Volkswagen Polo GTI,Chennai,2014,35059,Petrol,Automatic,First,17.21,1798.0,189.0,4.0,11.75,5.75,12,Volkswagen,2697.0,1
1430,Ford Endeavour 3.2 Trend AT 4X4,Kochi,2018,30552,Diesel,Automatic,First,10.91,3198.0,197.2,7.0,32.44,32.44,8,Ford,3395.0,1
1431,Hyundai Verna 1.6 SX CRDI (O) AT,Kochi,2016,44875,Diesel,Automatic,Second,22.32,1582.0,126.32,5.0,11.75,8.01,10,Hyundai,4080.0,0
1432,Ford Figo 2015-2019 1.2P Titanium Opt MT,Coimbatore,2017,25095,Petrol,Manual,First,18.16,1196.0,86.8,5.0,11.75,6.48,9,Ford,2510.0,1
1433,Maruti 800 AC,Jaipur,2007,59000,Petrol,Manual,First,16.1,796.0,37.0,4.0,11.75,0.75,19,Maruti,2950.0,1
1434,Honda City i DTEC V,Kolkata,2014,36000,Diesel,Manual,First,26.0,1498.0,98.6,5.0,11.75,5.0,12,Honda,2769.0,1
1435,Mahindra XUV500 W8 2WD,Mumbai,2012,37000,Diesel,Manual,First,16.0,2179.0,140.0,7.0,11.75,7.75,14,Mahindra,2467.0,1
1436,Ford Figo Diesel ZXI,Chennai,2010,90000,Diesel,Manual,First,20.0,1399.0,68.0,5.0,11.75,2.6,16,Ford,5294.0,1
1437,Ford EcoSport 1.5 Petrol Titanium,Pune,2018,17000,Petrol,Manual,First,17.0,1497.0,121.36,5.0,11.06,9.2,8,Ford,1889.0,1
1438,Hyundai i20 Asta 1.2,Mumbai,2015,42575,Petrol,Manual,First,18.6,1197.0,81.83,5.0,11.75,5.05,11,Hyundai,3548.0,1
1439,Toyota Innova 2.5 G (Diesel) 7 Seater BS IV,Hyderabad,2012,131000,Diesel,Manual,First,12.99,2494.0,100.0,7.0,11.75,9.6,14,Toyota,8733.0,1
1440,Renault Duster 85PS Diesel RxL Optional,Mumbai,2013,74000,Diesel,Manual,First,20.46,1461.0,83.8,5.0,11.75,5.5,13,Renault,5286.0,1
1441,Toyota Innova 2.5 VX (Diesel) 8 Seater,Mumbai,2013,47234,Diesel,Manual,First,12.99,2494.0,100.6,8.0,11.75,9.35,13,Toyota,3374.0,1
1442,Honda City 1.5 S MT,Delhi,2009,231673,Petrol,Manual,First,17.0,1497.0,118.0,5.0,11.75,2.6,17,Honda,12871.0,1
1443,Maruti Alto K10 VXI,Hyderabad,2016,10000,Petrol,Manual,First,24.07,998.0,67.1,5.0,4.53,3.5,10,Maruti,909.0,1
1444,Nissan Micra Active XL Petrol,Kochi,2016,49389,Petrol,Manual,First,19.49,1198.0,67.04,5.0,11.75,4.26,10,Nissan,4490.0,1
1445,Maruti Celerio VXI AT,Chennai,2016,12000,Petrol,Automatic,Second,23.1,998.0,67.04,5.0,11.75,4.25,10,Maruti,1091.0,0
1446,Mercedes-Benz New C-Class 200 Kompressor,Hyderabad,2010,65000,Petrol,Manual,Second,11.7,1796.0,178.0,5.0,11.75,11.75,16,Mercedes-Benz,3824.0,0
1447,Ford Fiesta Diesel Style,Chennai,2013,177000,Diesel,Manual,First,23.5,1498.0,88.7,5.0,11.75,3.5,13,Ford,12643.0,1
1448,Hyundai Verna 1.6 VTVT S,Jaipur,2015,89000,Petrol,Manual,First,17.01,1591.0,121.3,5.0,11.75,7.5,11,Hyundai,7417.0,1
1449,Hyundai i20 1.4 Asta (AT),Chennai,2009,72000,Petrol,Automatic,Third,15.0,1396.0,100.0,5.0,11.75,3.25,17,Hyundai,4000.0,0
1450,Maruti Swift Dzire VXi,Chennai,2012,49000,Petrol,Manual,First,17.5,1298.0,85.8,5.0,11.75,4.9,14,Maruti,3267.0,1
1451,Mercedes-Benz New C-Class C 220CDIBE Avantgarde Command,Hyderabad,2014,51355,Diesel,Automatic,First,14.84,2143.0,170.0,5.0,27.0,27.0,12,Mercedes-Benz,3950.0,1
1452,Hyundai Elite i20 Petrol Asta,Kochi,2017,13460,Petrol,Manual,First,18.6,1197.0,81.86,5.0,11.75,8.91,9,Hyundai,1346.0,1
1453,Hyundai Verna 1.6 VTVT EX AT,Kochi,2014,35642,Petrol,Automatic,First,17.01,1591.0,121.4,5.0,11.75,6.69,12,Hyundai,2742.0,1
1454,Chevrolet Cruze LTZ,Kochi,2014,52895,Diesel,Manual,First,17.3,1998.0,163.7,5.0,11.75,6.02,12,Chevrolet,4069.0,1
1455,Toyota Corolla Altis 1.8 G,Mumbai,2010,93000,Petrol,Manual,First,14.28,1798.0,138.03,5.0,19.39,4.5,16,Toyota,5471.0,1
1456,Maruti A-Star Vxi,Pune,2011,70000,Petrol,Manual,First,19.0,998.0,66.1,5.0,11.75,2.0,15,Maruti,4375.0,1
1457,Nissan Micra Diesel XV Premium,Kolkata,2012,32048,Diesel,Manual,First,23.08,1461.0,63.1,5.0,11.75,2.4,14,Nissan,2137.0,1
1458,Tata Nano LX,Pune,2013,4700,Petrol,Manual,First,25.4,624.0,37.48,4.0,11.75,1.2,13,Tata,336.0,1
1459,Maruti Swift Dzire Tour LDI,Delhi,2014,71800,Diesel,Manual,First,23.4,1248.0,74.0,5.0,11.75,2.9,12,Maruti,5523.0,1
1460,Land Rover Range Rover Sport 2005 2012 Sport,Coimbatore,2008,69078,Petrol,Manual,First,0.0,1497.0,98.6,5.0,40.88,40.88,18,Land,3636.0,1
1461,Audi Q3 2.0 TDI Quattro,Ahmedabad,2016,45000,Diesel,Automatic,First,17.32,1968.0,184.0,5.0,27.0,27.0,10,Audi,4091.0,1
1462,Honda Amaze VX i-DTEC,Chennai,2016,15388,Diesel,Manual,First,25.8,1498.0,98.6,5.0,11.75,7.5,10,Honda,1399.0,1
1463,Chevrolet Optra 1.6 LS,Mumbai,2004,98798,Petrol,Manual,First,14.7,1599.0,104.0,5.0,11.75,1.5,22,Chevrolet,4296.0,1
1464,Audi Q5 2.0 TDI Premium Plus,Hyderabad,2016,43000,Diesel,Automatic,First,14.16,1968.0,174.3,5.0,39.5,39.5,10,Audi,3909.0,1
1465,Maruti Ritz VDi,Hyderabad,2012,85112,Diesel,Manual,First,23.2,1248.0,73.94,5.0,11.75,3.39,14,Maruti,5674.0,1
1466,Mahindra Scorpio S6 7 Seater,Kochi,2018,37804,Diesel,Manual,First,15.4,2179.0,120.0,7.0,12.4,12.4,8,Mahindra,4200.0,1
1467,Maruti Ciaz ZDi SHVS,Chennai,2014,45000,Diesel,Manual,First,28.09,1248.0,88.5,5.0,11.75,6.85,12,Maruti,3462.0,1
1468,Toyota Corolla Altis Aero D 4D J,Pune,2011,116000,Diesel,Manual,Second,21.43,1364.0,138.0,5.0,11.75,5.75,15,Toyota,7250.0,0
1469,Tata Indica V2 eLS,Chennai,2015,100073,Diesel,Manual,Second,25.0,1396.0,69.0,5.0,11.75,2.0,11,Tata,8339.0,0
1470,Maruti 800 Std BSIII,Jaipur,2006,165000,Petrol,Manual,First,16.1,796.0,37.0,4.0,11.75,0.9,20,Maruti,7857.0,1
1471,Volkswagen Polo 1.2 MPI Highline,Kolkata,2015,22000,Petrol,Manual,First,16.47,1198.0,74.0,5.0,11.75,3.8,11,Volkswagen,1833.0,1
1472,Hyundai Elantra 2.0 SX Option AT,Delhi,2017,9500,Petrol,Automatic,First,14.62,1999.0,149.92,5.0,21.77,16.35,9,Hyundai,950.0,1
1473,Toyota Fortuner 4x2 4 Speed AT,Hyderabad,2012,152000,Diesel,Automatic,First,11.5,2982.0,169.0,7.0,16.5,16.5,14,Toyota,10133.0,1
1474,Maruti Baleno Zeta 1.2,Coimbatore,2019,17705,Petrol,Manual,First,21.4,1197.0,83.1,5.0,11.75,8.7,7,Maruti,2213.0,1
1475,Maruti Baleno Zeta 1.2,Mumbai,2016,12000,Petrol,Manual,First,21.4,1197.0,83.1,5.0,11.75,6.1,10,Maruti,1091.0,1
1476,Mini Cooper Countryman D,Hyderabad,2013,51000,Diesel,Automatic,First,23.8,1998.0,112.0,5.0,21.94,21.94,13,Mini,3643.0,1
1477,Mercedes-Benz S Class 2005 2013 320 CDI,Chennai,2009,42000,Diesel,Automatic,Second,13.0,2987.0,210.0,5.0,22.0,22.0,17,Mercedes-Benz,2333.0,0
1478,Maruti Alto K10 LXI,Delhi,2015,51000,Petrol,Manual,First,20.92,998.0,67.1,5.0,3.91,2.65,11,Maruti,4250.0,1
1479,Maruti Swift VXI Optional,Kochi,2017,42527,Petrol,Manual,First,20.4,1197.0,81.8,5.0,11.75,5.27,9,Maruti,4253.0,1
1480,Chevrolet Sail LT ABS,Kolkata,2014,45000,Diesel,Manual,First,22.1,1248.0,74.0,5.0,11.75,2.48,12,Chevrolet,3462.0,1
1481,Toyota Innova 2.5 G (Diesel) 8 Seater BS IV,Kolkata,2011,70000,Diesel,Manual,First,12.8,2494.0,102.0,8.0,11.75,6.0,15,Toyota,4375.0,1
1482,Toyota Fortuner 3.0 Diesel,Mumbai,2009,92000,Diesel,Manual,First,11.5,2982.0,171.0,7.0,11.75,8.9,17,Toyota,5111.0,1
1483,BMW 3 Series 320d Sport Line,Hyderabad,2012,57156,Diesel,Automatic,Second,18.88,1995.0,184.0,5.0,18.0,18.0,14,BMW,3810.0,0
1484,Skoda Octavia Ambition 1.4 TSI MT,Coimbatore,2016,53211,Petrol,Manual,First,16.8,1395.0,138.02,5.0,11.75,11.64,10,Skoda,4837.0,1
1485,Toyota Fortuner 3.0 Diesel,Kolkata,2019,80000,Diesel,Manual,First,11.5,2982.0,171.0,7.0,11.75,8.99,7,Toyota,10000.0,1
1486,Volkswagen Jetta 2007-2011 1.9 Highline TDI,Bangalore,2009,74000,Diesel,Automatic,First,15.5,1896.0,105.0,5.0,11.75,5.25,17,Volkswagen,4111.0,1
1487,Hyundai i20 1.4 CRDi Asta,Kolkata,2011,37000,Diesel,Manual,First,23.0,1396.0,90.0,5.0,11.75,2.95,15,Hyundai,2312.0,1
1488,Tata Manza Club Class Quadrajet90 LX,Mumbai,2013,64000,Diesel,Manual,Second,21.02,1248.0,88.76,5.0,11.75,2.65,13,Tata,4571.0,0
1489,Volkswagen Vento Petrol Highline,Pune,2013,57197,Petrol,Manual,First,15.04,1598.0,103.6,5.0,11.75,4.0,13,Volkswagen,4086.0,1
1490,Hyundai Creta 1.6 SX Automatic Diesel,Chennai,2016,55000,Diesel,Automatic,First,17.6,1582.0,126.2,5.0,18.35,12.5,10,Hyundai,5000.0,1
1491,Maruti Ritz VXI,Mumbai,2014,33000,Petrol,Manual,First,21.1,1197.0,85.8,5.0,11.75,3.25,12,Maruti,2538.0,1
1492,Honda CR-V 2.0L 2WD MT,Delhi,2008,70000,Petrol,Manual,First,13.1,1997.0,141.1,5.0,11.75,4.0,18,Honda,3684.0,1
1493,Mahindra XUV500 W8 2WD,Delhi,2012,75000,Diesel,Manual,Second,15.1,2179.0,140.0,7.0,11.75,6.25,14,Mahindra,5000.0,0
1494,Volkswagen Ameo 1.5 TDI Comfortline,Jaipur,2016,58095,Diesel,Manual,First,21.66,1498.0,108.62,5.0,9.19,5.8,10,Volkswagen,5281.0,1
1495,Tata Zest Revotron 1.2 XT,Kolkata,2015,7445,Petrol,Manual,First,17.57,1193.0,88.7,5.0,8.09,5.0,11,Tata,620.0,1
1496,Jaguar XJ 3.0L Portfolio LWB,Kochi,2016,17652,Diesel,Automatic,First,12.9,2993.0,270.88,5.0,58.73,58.73,10,Jaguar,1605.0,1
1497,Toyota Corolla Altis 1.8 VL CVT,Kochi,2018,28321,Petrol,Automatic,First,14.28,1798.0,138.03,5.0,23.25,17.49,8,Toyota,3147.0,1
1498,Maruti A-Star Vxi,Pune,2011,69000,Petrol,Manual,Second,19.0,998.0,66.1,5.0,11.75,1.95,15,Maruti,4312.0,0
1499,Honda Accord VTi-L (AT),Mumbai,2007,80000,Petrol,Automatic,First,11.1,2354.0,142.0,5.0,11.75,3.0,19,Honda,4000.0,1
1500,Hyundai i20 Asta (o),Delhi,2014,42365,Petrol,Manual,First,17.0,1197.0,80.0,5.0,11.75,5.5,12,Hyundai,3259.0,1
1501,Toyota Fortuner 4x2 AT,Delhi,2013,123000,Diesel,Automatic,First,12.55,2982.0,168.5,7.0,16.5,16.5,13,Toyota,8786.0,1
1502,Mercedes-Benz New C-Class C 200 CGI Avantgarde,Mumbai,2011,40000,Petrol,Automatic,Second,11.74,1796.0,186.0,5.0,14.5,14.5,15,Mercedes-Benz,2500.0,0
1503,Maruti Baleno Alpha 1.3,Hyderabad,2016,30112,Diesel,Manual,First,27.39,1248.0,74.0,5.0,11.75,7.79,10,Maruti,2737.0,1
1504,Maruti Ertiga VDI,Kochi,2017,43775,Diesel,Manual,First,20.77,1248.0,88.76,7.0,11.215,8.27,9,Maruti,4378.0,1
1505,Land Rover Range Rover Sport SE,Kochi,2019,26013,Diesel,Automatic,First,12.65,2993.0,255.0,5.0,139.0,97.07,7,Land,3252.0,1
1506,Chevrolet Optra Magnum 1.6 LT ABS BS3,Mumbai,2012,56000,Petrol,Manual,First,12.9,1598.0,102.5,5.0,11.75,2.15,14,Chevrolet,3733.0,1
1507,Honda Civic 2006-2010 1.8 V AT,Hyderabad,2008,95000,Petrol,Automatic,Second,12.9,1799.0,130.0,5.0,11.75,3.0,18,Honda,5000.0,0
1508,BMW X3 xDrive20d,Coimbatore,2014,41089,Diesel,Automatic,First,16.09,1995.0,184.0,5.0,28.79,28.79,12,BMW,3161.0,1
1509,Skoda Laura Ambition 2.0 TDI CR AT,Mumbai,2011,41988,Diesel,Automatic,First,20.0,1968.0,138.1,5.0,11.75,5.45,15,Skoda,2624.0,1
1510,Maruti Swift Dzire VDI,Delhi,2013,72486,Diesel,Manual,First,23.4,1248.0,74.0,5.0,11.75,3.95,13,Maruti,5178.0,1
1511,Volvo V40 Cross Country D3,Pune,2013,92000,Diesel,Automatic,First,23.3,1984.0,150.0,5.0,16.0,16.0,13,Volvo,6571.0,1
1512,Maruti Swift Dzire ZXi,Delhi,2013,40000,Petrol,Manual,First,17.5,1298.0,85.8,5.0,11.75,4.25,13,Maruti,2857.0,1
1513,Land Rover Range Rover 2.2L Pure,Bangalore,2014,56000,Diesel,Automatic,First,12.7,2179.0,187.7,5.0,34.5,34.5,12,Land,4308.0,1
1514,Honda Accord 2.4 AT,Mumbai,2008,125000,Petrol,Automatic,Third,11.7,2354.0,177.6,5.0,11.75,2.6,18,Honda,6579.0,0
1515,Toyota Innova 2.5 G (Diesel) 8 Seater,Kochi,2017,29219,Diesel,Manual,First,12.99,2494.0,100.6,8.0,13.48,13.48,9,Toyota,2922.0,1
1516,Toyota Fortuner 4x4 MT,Hyderabad,2018,39927,Diesel,Manual,First,12.55,2982.0,168.5,7.0,32.1,32.1,8,Toyota,4436.0,1
1517,Honda Jazz 1.2 E i VTEC,Kochi,2018,38593,Petrol,Manual,First,18.7,1199.0,88.7,5.0,11.75,6.17,8,Honda,4288.0,1
1518,Honda City 1.5 V MT,Kolkata,2015,32000,Petrol,Manual,First,17.0,1497.0,118.0,5.0,11.75,5.5,11,Honda,2667.0,1
1519,Maruti Dzire AMT ZDI Plus,Hyderabad,2017,28226,Diesel,Automatic,First,28.4,1248.0,73.75,5.0,11.52,9.15,9,Maruti,2823.0,1
1520,Nissan Sunny 2011-2014 Diesel XL,Pune,2014,95000,Diesel,Manual,First,21.64,1461.0,84.8,5.0,11.75,4.5,12,Nissan,7308.0,1
1521,Toyota Innova 2.5 G (Diesel) 8 Seater,Chennai,2014,194000,Diesel,Manual,First,12.99,2494.0,100.6,8.0,11.75,10.5,12,Toyota,14923.0,1
1522,Honda Brio S MT,Coimbatore,2016,14821,Petrol,Manual,First,19.4,1198.0,86.8,5.0,11.75,5.37,10,Honda,1347.0,1
1523,Volkswagen Vento Petrol Trendline,Bangalore,2012,52000,Petrol,Manual,First,15.04,1598.0,103.6,5.0,11.75,5.45,14,Volkswagen,3467.0,1
1524,Mahindra XUV500 W4,Mumbai,2016,33000,Diesel,Manual,First,16.0,2179.0,140.0,7.0,11.75,9.25,10,Mahindra,3000.0,1
1525,Ford EcoSport 1.5 Diesel Titanium Plus,Chennai,2016,29200,Diesel,Manual,First,23.0,1498.0,98.96,5.0,13.23,7.7,10,Ford,2655.0,1
1526,Skoda Yeti Ambition 4X2,Hyderabad,2012,99754,Diesel,Manual,First,17.72,1968.0,108.49,5.0,11.75,7.99,14,Skoda,6650.0,1
1527,Hyundai i10 Sportz,Chennai,2012,49000,Petrol,Manual,First,20.36,1197.0,78.9,5.0,11.75,3.0,14,Hyundai,3267.0,1
1528,Toyota Innova 2.5 G (Diesel) 8 Seater BS IV,Hyderabad,2005,299322,Diesel,Manual,First,12.8,2494.0,102.0,8.0,11.75,4.0,21,Toyota,13606.0,1
1529,Tata Zest Quadrajet 1.3 XT,Coimbatore,2018,38310,Diesel,Manual,First,20.65,1248.0,88.7,5.0,10.06,6.69,8,Tata,4257.0,1
1530,Maruti Swift VDI,Delhi,2014,56000,Diesel,Manual,First,22.9,1248.0,74.0,5.0,7.92,4.25,12,Maruti,4308.0,1
1531,Skoda Rapid 1.5 TDI AT Style,Kolkata,2017,31300,Diesel,Automatic,First,21.72,1498.0,108.4,5.0,15.34,10.5,9,Skoda,3130.0,1
1532,Toyota Innova Crysta 2.4 VX MT 8S,Coimbatore,2019,11241,Diesel,Manual,First,13.68,2393.0,147.8,8.0,24.01,22.55,7,Toyota,1405.0,1
1533,Hyundai Verna 1.6 SX VTVT,Pune,2014,48000,Petrol,Manual,Second,17.01,1591.0,121.3,5.0,11.75,5.2,12,Hyundai,3692.0,0
1534,Honda City i VTEC VX Option,Coimbatore,2019,23882,Petrol,Manual,First,17.4,1497.0,117.3,5.0,11.87,11.87,7,Honda,2985.0,1
1535,Honda City i DTEC SV,Hyderabad,2014,65000,Diesel,Manual,First,26.0,1498.0,98.6,5.0,11.75,6.99,12,Honda,5000.0,1
1536,Volkswagen Vento Diesel Highline,Jaipur,2011,50000,Diesel,Manual,First,20.54,1598.0,103.6,5.0,11.75,5.0,15,Volkswagen,3125.0,1
1537,Audi Q5 2008-2012 3.0 TDI,Chennai,2014,25000,Diesel,Automatic,First,12.19,2967.0,236.0,5.0,44.0,44.0,12,Audi,1923.0,1
1538,Maruti Alto 800 LXI,Chennai,2015,21000,Petrol,Manual,First,22.74,796.0,47.3,5.0,11.75,2.79,11,Maruti,1750.0,1
1539,Tata Manza ELAN Quadrajet BS IV,Pune,2012,148000,Diesel,Manual,Second,21.12,1248.0,88.8,5.0,11.75,2.9,14,Tata,9867.0,0
1540,Hyundai Creta 1.6 SX Plus Dual Tone Petrol,Delhi,2016,68000,Petrol,Manual,First,15.29,1591.0,121.3,5.0,11.75,9.85,10,Hyundai,6182.0,1
1541,Mercedes-Benz GL-Class 2007 2012 350 CDI Luxury,Bangalore,2014,52000,Diesel,Automatic,First,12.0,2987.0,224.0,7.0,49.0,49.0,12,Mercedes-Benz,4000.0,1
1542,Mahindra Thar CRDe,Jaipur,2016,19000,Diesel,Manual,First,16.55,2498.0,105.0,6.0,11.39,9.25,10,Mahindra,1727.0,1
1543,Hyundai Verna 1.6 CRDI,Mumbai,2011,74000,Diesel,Manual,Second,22.32,1582.0,126.3,5.0,11.75,3.75,15,Hyundai,4625.0,0
1544,Ford Aspire Titanium Diesel,Coimbatore,2017,30279,Diesel,Manual,First,26.1,1498.0,99.0,5.0,9.79,7.29,9,Ford,3028.0,1
1545,Mini Cooper 3 DOOR D,Mumbai,2016,20000,Diesel,Automatic,First,20.7,1496.0,113.98,4.0,35.0,23.5,10,Mini,1818.0,1
1546,Maruti Omni 8 Seater BSIV,Hyderabad,2013,34834,Petrol,Manual,First,14.0,796.0,35.0,5.0,11.75,2.6,13,Maruti,2488.0,1
1547,Mahindra Verito 1.5 D4 BSIV,Pune,2015,90000,Diesel,Manual,Second,21.03,1461.0,65.0,5.0,9.26,3.1,11,Mahindra,7500.0,0
1548,Mercedes-Benz E-Class 2009-2013 E250 CDI Elegance,Coimbatore,2016,38730,Diesel,Automatic,First,14.21,2143.0,203.0,5.0,29.98,29.98,10,Mercedes-Benz,3521.0,1
1549,Renault Duster 110PS Diesel RxZ,Kochi,2016,57390,Diesel,Manual,First,19.01,1461.0,108.45,5.0,15.01,6.73,10,Renault,5217.0,1
1550,Maruti Swift Dzire Tour LDI,Kolkata,2016,100000,Diesel,Manual,First,23.4,1248.0,74.0,5.0,11.75,3.5,10,Maruti,9091.0,1
1551,Volkswagen Polo Petrol Highline 1.2L,Kolkata,2011,50000,Petrol,Manual,First,16.47,1198.0,73.9,5.0,11.75,2.35,15,Volkswagen,3125.0,1
1552,Mahindra XUV500 W10 2WD,Coimbatore,2017,64961,Diesel,Manual,First,16.0,2179.0,140.0,7.0,16.13,16.13,9,Mahindra,6496.0,1
1553,Volkswagen Polo 1.2 MPI Highline,Coimbatore,2014,72465,Petrol,Manual,First,16.47,1198.0,74.0,5.0,11.75,5.9,12,Volkswagen,5574.0,1
1554,Maruti Ritz VXI,Hyderabad,2012,68776,Petrol,Manual,First,21.1,1197.0,85.8,5.0,11.75,3.9,14,Maruti,4585.0,1
1556,Toyota Innova 2.5 GX 7 STR BSIV,Delhi,2012,68000,Diesel,Manual,First,12.8,2494.0,102.0,7.0,11.75,6.95,14,Toyota,4533.0,1
1557,Honda City i DTec SV,Delhi,2015,33000,Diesel,Manual,First,26.0,1498.0,98.6,5.0,11.75,7.0,11,Honda,2750.0,1
1558,Volkswagen Ameo 1.2 MPI Highline,Coimbatore,2017,22389,Petrol,Manual,First,17.0,1198.0,73.75,5.0,8.68,7.23,9,Volkswagen,2239.0,1
1559,Maruti SX4 ZDI Leather,Mumbai,2012,90000,Diesel,Manual,First,21.5,1248.0,88.8,5.0,11.75,3.81,14,Maruti,6000.0,1
1560,Maruti Swift ZXI,Chennai,2012,42000,Petrol,Manual,Third,18.6,1197.0,85.8,5.0,11.75,4.5,14,Maruti,2800.0,0
1561,Hyundai Creta 1.6 CRDi SX,Pune,2017,38767,Diesel,Manual,First,19.67,1582.0,126.2,5.0,12.6,12.6,9,Hyundai,3877.0,1
1562,Audi Q7 35 TDI Quattro Technology,Bangalore,2015,21000,Diesel,Automatic,First,12.07,2967.0,241.4,7.0,48.0,48.0,11,Audi,1750.0,1
1563,Maruti Alto LXi BSIII,Coimbatore,2010,59136,Petrol,Manual,First,19.7,796.0,46.3,5.0,11.75,2.96,16,Maruti,3479.0,1
1564,Honda Amaze SX i-DTEC,Kolkata,2014,36000,Diesel,Manual,First,25.8,1498.0,98.6,5.0,11.75,3.25,12,Honda,2769.0,1
1565,Volkswagen Passat Diesel Highline 2.0 TDI,Chennai,2011,95000,Diesel,Automatic,Second,18.33,1968.0,167.7,5.0,11.75,8.5,15,Volkswagen,5938.0,0
1566,Hyundai Elantra CRDi SX AT,Mumbai,2013,51000,Diesel,Automatic,First,19.5,1582.0,126.24,5.0,11.75,8.75,13,Hyundai,3643.0,1
1567,Maruti Wagon R VXI BS IV,Kochi,2011,36411,Petrol,Manual,First,18.9,998.0,67.1,5.0,11.75,3.08,15,Maruti,2276.0,1
1568,Land Rover Discovery Sport TD4 HSE 7S,Mumbai,2017,40000,Diesel,Automatic,First,12.81,1999.0,148.31,7.0,66.39,41.5,9,Land,4000.0,1
1569,Honda City i VTEC SV,Pune,2016,27300,Petrol,Manual,First,17.8,1497.0,117.3,5.0,11.75,7.0,10,Honda,2482.0,1
1570,Mercedes-Benz New C-Class C 200 Avantgarde Edition C,Kochi,2011,29813,Petrol,Automatic,Second,14.74,1991.0,181.03,5.0,11.75,11.5,15,Mercedes-Benz,1863.0,0
1571,Maruti Wagon R LX BS IV,Pune,2011,71000,Petrol,Manual,First,20.51,998.0,67.04,5.0,11.75,2.6,15,Maruti,4438.0,1
1572,Hyundai Verna 1.6 CRDI,Kolkata,2014,32000,Diesel,Manual,First,22.32,1582.0,126.3,5.0,11.75,4.3,12,Hyundai,2462.0,1
1574,Volkswagen Tiguan 2.0 TDI Highline,Jaipur,2017,50510,Diesel,Automatic,First,17.06,1968.0,141.0,5.0,36.45,24.9,9,Volkswagen,5051.0,1
1575,BMW X1 sDrive 20d Exclusive,Pune,2011,102000,Diesel,Automatic,First,15.06,1995.0,177.0,5.0,13.75,13.75,15,BMW,6375.0,1
1576,Hyundai Grand i10 1.2 CRDi Sportz Option,Kolkata,2014,42277,Diesel,Manual,First,24.0,1186.0,73.97,5.0,11.75,3.85,12,Hyundai,3252.0,1
1577,Mercedes-Benz E-Class E250 CDI Avantgrade,Mumbai,2014,46000,Diesel,Automatic,First,13.0,2143.0,201.1,5.0,23.25,23.25,12,Mercedes-Benz,3538.0,1
1579,Hyundai Grand i10 Asta Option,Bangalore,2015,50000,Petrol,Manual,First,18.9,1197.0,82.0,5.0,11.75,5.75,11,Hyundai,4167.0,1
1580,Hyundai i10 Magna 1.2,Mumbai,2008,62000,Petrol,Manual,Second,20.36,1197.0,78.9,5.0,11.75,1.65,18,Hyundai,3263.0,0
1581,Volkswagen Jetta 2012-2014 2.0L TDI Comfortline,Mumbai,2012,78000,Diesel,Manual,First,19.33,1968.0,138.1,5.0,11.75,6.5,14,Volkswagen,5200.0,1
1582,Skoda Yeti Elegance,Chennai,2011,79000,Diesel,Manual,First,17.67,1968.0,138.08,5.0,11.75,7.5,15,Skoda,4938.0,1
1583,Audi Q7 45 TDI Quattro Premium Plus,Kochi,2019,6773,Diesel,Automatic,First,14.75,2967.0,245.0,7.0,91.38,72.94,7,Audi,847.0,1
1584,Toyota Fortuner 3.0 Diesel,Chennai,2010,135000,Diesel,Manual,Second,11.5,2982.0,171.0,7.0,11.75,11.0,16,Toyota,7941.0,0
1585,Maruti Wagon R VXI Minor ABS,Kochi,2013,36716,Petrol,Manual,First,18.9,1061.0,67.0,5.0,11.75,3.02,13,Maruti,2623.0,1
1586,Hyundai EON Era,Coimbatore,2013,65060,Petrol,Manual,First,21.1,814.0,55.2,5.0,11.75,3.32,13,Hyundai,4647.0,1
1587,Honda Brio S MT,Delhi,2013,33000,Petrol,Manual,First,19.4,1198.0,86.8,5.0,11.75,3.24,13,Honda,2357.0,1
1588,Maruti Alto 800 VXI,Kolkata,2015,11110,Petrol,Manual,First,22.74,796.0,47.3,5.0,11.75,2.35,11,Maruti,926.0,1
1589,Mahindra Bolero ZLX,Jaipur,2013,63000,Diesel,Manual,First,15.96,2523.0,62.1,7.0,11.15,5.5,13,Mahindra,4500.0,1
1590,Honda City i VTEC SV,Mumbai,2015,27030,Petrol,Manual,First,17.8,1497.0,117.3,5.0,11.75,6.75,11,Honda,2252.0,1
1591,Skoda Rapid 1.6 MPI Elegance Black Package,Mumbai,2015,19600,Petrol,Manual,First,15.0,1598.0,103.52,5.0,11.75,6.15,11,Skoda,1633.0,1
1592,Maruti Swift VVT VXI,Pune,2016,27755,Petrol,Manual,First,22.0,1197.0,81.8,5.0,11.75,5.45,10,Maruti,2523.0,1
1593,Hyundai EON Magna Plus,Hyderabad,2013,20000,Petrol,Manual,Second,21.1,814.0,55.2,5.0,11.75,2.3,13,Hyundai,1429.0,0
1594,Maruti Swift Dzire ZXI,Kochi,2015,24782,Petrol,Manual,First,20.85,1197.0,83.14,5.0,11.75,6.21,11,Maruti,2065.0,1
1595,Nissan Micra XV CVT,Coimbatore,2014,47303,Petrol,Automatic,First,19.34,1198.0,76.0,5.0,9.49,5.21,12,Nissan,3639.0,1
1596,Audi Q7 4.2 FSI quattro,Delhi,2008,71000,Petrol,Automatic,First,8.3,4134.0,250.0,7.0,11.99,11.99,18,Audi,3737.0,1
1597,Maruti Swift Vdi BSIII,Pune,2010,135000,Diesel,Manual,First,17.8,1248.0,75.0,5.0,11.75,3.1,16,Maruti,7941.0,1
1598,Tata Xenon XT EX 4X2,Jaipur,2017,1000,Diesel,Manual,First,13.49,2179.0,138.03,5.0,11.75,7.5,9,Tata,100.0,1
1599,Volkswagen Polo 1.5 TDI Comfortline,Kolkata,2016,29000,Diesel,Manual,First,20.14,1498.0,88.8,5.0,9.56,4.0,10,Volkswagen,2636.0,1
1600,Honda City i VTEC SV,Kochi,2016,36367,Petrol,Manual,First,17.8,1497.0,117.3,5.0,11.75,7.73,10,Honda,3306.0,1
1601,Honda City i VTEC V,Bangalore,2015,38000,Petrol,Manual,First,17.4,1497.0,117.3,5.0,11.75,7.8,11,Honda,3167.0,1
1602,Maruti 800 AC BSIII,Hyderabad,2011,83969,Petrol,Manual,First,16.1,796.0,37.0,4.0,11.75,1.3,15,Maruti,5248.0,1
1603,Volkswagen Polo 1.5 TDI Trendline,Jaipur,2014,82621,Diesel,Manual,First,20.14,1498.0,88.8,5.0,11.75,4.42,12,Volkswagen,6355.0,1
1604,Chevrolet Captiva LTZ VCDi,Pune,2009,89000,Diesel,Automatic,First,12.5,1991.0,147.9,7.0,11.75,4.0,17,Chevrolet,4944.0,1
1605,Mahindra XUV500 W10 2WD,Kolkata,2016,54000,Diesel,Manual,First,16.0,2179.0,140.0,7.0,13.0,13.0,10,Mahindra,4909.0,1
1606,Honda Amaze VX i-DTEC,Kochi,2015,61691,Diesel,Manual,First,25.8,1498.0,98.6,5.0,11.75,5.38,11,Honda,5141.0,1
1607,Hyundai i20 1.2 Sportz Option,Chennai,2011,32200,Petrol,Manual,Second,17.0,1197.0,80.0,5.0,11.75,3.25,15,Hyundai,2012.0,0
1608,Maruti Wagon R AMT VXI,Jaipur,2016,68630,Petrol,Automatic,First,20.51,998.0,67.0,5.0,11.75,3.87,10,Maruti,6239.0,1
1609,Volkswagen Jetta 2013-2015 2.0L TDI Highline AT,Mumbai,2014,61000,Diesel,Automatic,Second,16.96,1968.0,138.03,5.0,11.75,8.25,12,Volkswagen,4692.0,0
1610,Maruti Ciaz 1.4 Zeta,Mumbai,2018,32644,Petrol,Manual,First,20.73,1373.0,91.1,5.0,11.75,9.28,8,Maruti,3627.0,1
1611,Mahindra Scorpio 2009-2014 VLX 4WD AT 7S BSIV,Delhi,2012,85000,Diesel,Automatic,First,11.79,2179.0,120.0,7.0,11.75,6.25,14,Mahindra,5667.0,1
1612,Chevrolet Aveo U-VA 1.2 LS,Mumbai,2008,75000,Petrol,Manual,Second,15.26,1150.0,74.9,5.0,11.75,1.15,18,Chevrolet,3947.0,0
1613,Maruti Ciaz ZXi Option,Kochi,2016,40347,Petrol,Manual,First,20.73,1373.0,91.2,5.0,11.75,7.8,10,Maruti,3668.0,1
1614,Hyundai i20 1.4 CRDi Asta,Hyderabad,2012,60788,Diesel,Manual,First,23.0,1396.0,90.0,5.0,11.75,4.5,14,Hyundai,4053.0,1
1615,Honda Jazz 1.2 SV i VTEC,Kochi,2018,18664,Petrol,Manual,First,18.7,1199.0,88.7,5.0,11.75,7.56,8,Honda,2074.0,1
1616,Mahindra XUV500 W10 2WD,Coimbatore,2017,57847,Diesel,Manual,First,16.0,2179.0,140.0,7.0,16.08,16.08,9,Mahindra,5785.0,1
1617,Hyundai i20 1.2 Sportz,Bangalore,2012,52237,Petrol,Manual,First,17.0,1197.0,80.0,5.0,11.75,4.5,14,Hyundai,3482.0,1
1618,Hyundai Verna 1.6 SX,Chennai,2012,128000,Diesel,Manual,First,22.32,1582.0,126.32,5.0,11.75,5.0,14,Hyundai,8533.0,1
1619,Hyundai i10 Era 1.1,Delhi,2011,54000,Petrol,Manual,First,19.81,1086.0,68.05,5.0,11.75,2.2,15,Hyundai,3375.0,1
1620,Maruti Celerio VXI AT,Bangalore,2014,49800,Petrol,Automatic,First,23.1,998.0,67.04,5.0,11.75,4.0,12,Maruti,3831.0,1
1621,Skoda Fabia 1.2 TDI Ambition,Kolkata,2012,98000,Diesel,Manual,First,20.86,1199.0,73.9,5.0,11.75,2.51,14,Skoda,6533.0,1
1622,Maruti Swift VDI BSIV,Delhi,2015,60095,Diesel,Manual,First,25.2,1248.0,74.0,5.0,11.75,4.75,11,Maruti,5008.0,1
1623,Hyundai i10 Magna(O) with Sun Roof,Pune,2008,68000,Petrol,Manual,Second,16.0,1086.0,66.7,5.0,11.75,2.0,18,Hyundai,3579.0,0
1624,Hyundai i10 Magna 1.2,Jaipur,2010,81402,Petrol,Manual,Second,20.36,1197.0,78.9,5.0,11.75,2.1,16,Hyundai,4788.0,0
1625,Ford Ecosport 1.5 Ti VCT AT Titanium,Mumbai,2013,38000,Petrol,Automatic,First,16.5,1499.0,110.0,5.0,11.75,6.25,13,Ford,2714.0,1
1626,Mercedes-Benz E-Class 2009-2013 E350 CDI Avantgarde,Kochi,2011,92239,Diesel,Automatic,Second,11.5,2987.0,210.0,5.0,11.75,10.6,15,Mercedes-Benz,5765.0,0
1627,Maruti Swift VDI BSIV,Ahmedabad,2017,49224,Diesel,Manual,First,25.2,1248.0,74.0,5.0,11.75,6.0,9,Maruti,4922.0,1
1628,Maruti 800 Std BSIII,Jaipur,2004,12000,Petrol,Manual,Second,16.1,796.0,37.0,4.0,11.75,0.45,22,Maruti,522.0,0
1629,Maruti Swift Lxi BSIII,Pune,2010,54898,Petrol,Manual,Third,16.1,1298.0,88.2,5.0,11.75,2.5,16,Maruti,3229.0,0
1630,Hyundai Creta 1.6 SX Plus Dual Tone Petrol,Mumbai,2018,2500,Petrol,Manual,First,15.29,1591.0,121.3,5.0,12.75,12.75,8,Hyundai,278.0,1
1631,BMW X1 M Sport sDrive 20d,Kochi,2017,32838,Diesel,Automatic,First,17.05,1995.0,190.0,5.0,50.97,30.29,9,BMW,3284.0,1
1632,Ford Ikon 1.3 Flair,Hyderabad,2006,27076,Petrol,Manual,First,13.8,1299.0,70.0,5.0,11.75,1.6,20,Ford,1289.0,1
1633,Ford Ecosport 1.5 DV5 MT Titanium Optional,Kochi,2017,75445,Diesel,Manual,First,22.7,1498.0,89.84,5.0,11.75,7.54,9,Ford,7544.0,1
1634,Maruti Ciaz VXi Plus,Kochi,2015,46601,Petrol,Manual,First,20.73,1373.0,91.1,5.0,11.75,6.84,11,Maruti,3883.0,1
1635,Volkswagen Passat Diesel Highline 2.0 TDI,Kolkata,2012,72000,Diesel,Automatic,First,18.33,1968.0,167.7,5.0,11.75,6.0,14,Volkswagen,4800.0,1
1636,Honda Jazz 1.5 VX i DTEC,Pune,2017,27000,Diesel,Manual,First,27.3,1498.0,98.6,5.0,11.75,8.0,9,Honda,2700.0,1
1637,Audi A4 35 TDI Premium,Coimbatore,2016,68193,Diesel,Automatic,First,17.11,1968.0,174.33,5.0,24.74,24.74,10,Audi,6199.0,1
1638,Hyundai Grand i10 CRDi Sportz Celebration Edition,Kochi,2017,34429,Diesel,Manual,First,24.0,1120.0,70.0,5.0,11.75,5.5,9,Hyundai,3443.0,1
1639,Mercedes-Benz GL-Class 2007 2012 350 CDI Luxury,Delhi,2013,46000,Diesel,Automatic,First,12.0,2987.0,224.0,7.0,36.0,36.0,13,Mercedes-Benz,3286.0,1
1640,Toyota Innova 2.5 G (Diesel) 7 Seater,Coimbatore,2013,80544,Diesel,Manual,First,12.99,2494.0,100.6,7.0,11.79,11.79,13,Toyota,5753.0,1
1641,Nissan Sunny 2011-2014 XL,Jaipur,2011,42000,Petrol,Manual,Second,16.95,1498.0,97.7,5.0,11.75,3.0,15,Nissan,2625.0,0
1642,Skoda Laura Ambiente 2.0 TDI CR AT,Bangalore,2011,94821,Diesel,Automatic,Second,20.0,1968.0,138.1,5.0,11.75,6.75,15,Skoda,5926.0,0
1643,Chevrolet Aveo 1.4 LS,Jaipur,2006,100000,Petrol,Manual,First,14.49,1399.0,92.7,5.0,11.75,1.4,20,Chevrolet,4762.0,1
1644,Honda Mobilio V i DTEC,Mumbai,2014,57000,Diesel,Manual,First,24.2,1498.0,98.6,7.0,11.75,5.75,12,Honda,4385.0,1
1645,Maruti Ritz VDi,Hyderabad,2010,79894,Diesel,Manual,First,21.1,1248.0,73.9,5.0,11.75,3.4,16,Maruti,4700.0,1
1646,Volkswagen Polo Petrol Highline 1.2L,Coimbatore,2011,44748,Petrol,Manual,Second,16.47,1198.0,73.9,5.0,11.75,4.89,15,Volkswagen,2797.0,0
1647,Nissan Terrano XL,Mumbai,2013,31000,Petrol,Manual,First,13.24,1598.0,102.5,5.0,11.75,4.95,13,Nissan,2214.0,1
1648,Maruti A-Star AT Vxi Aktiv,Coimbatore,2013,60587,Petrol,Automatic,Second,16.98,998.0,66.1,5.0,11.75,3.49,13,Maruti,4328.0,0
1650,Honda City 1.5 S MT,Pune,2014,43772,Petrol,Manual,First,17.0,1497.0,118.0,5.0,11.75,6.35,12,Honda,3367.0,1
1651,Hyundai Grand i10 AT Asta,Coimbatore,2017,23576,Petrol,Automatic,First,18.9,1197.0,82.0,5.0,11.75,7.08,9,Hyundai,2358.0,1
1652,Jaguar XE 2.0L Diesel Prestige,Hyderabad,2017,4000,Diesel,Automatic,First,13.6,1999.0,177.0,5.0,53.41,38.0,9,Jaguar,400.0,1
1653,Mahindra Scorpio VLX,Kolkata,2012,62000,Diesel,Manual,First,12.05,2179.0,120.0,8.0,11.75,6.25,14,Mahindra,4133.0,1
1654,Mercedes-Benz New C-Class C 200 Kompressor Elegance AT,Mumbai,2011,36000,Petrol,Automatic,First,11.74,1796.0,186.0,5.0,11.75,10.15,15,Mercedes-Benz,2250.0,1
1655,Skoda Superb Elegance 1.8 TSI AT,Delhi,2014,80000,Petrol,Automatic,First,13.7,1798.0,157.75,5.0,11.75,10.75,12,Skoda,6154.0,1
1656,Chevrolet Cruze LTZ AT,Pune,2012,137008,Diesel,Automatic,First,18.1,1991.0,147.9,4.0,11.75,4.65,14,Chevrolet,9134.0,1
1657,Mahindra Scorpio VLX,Delhi,2010,61001,Diesel,Manual,First,12.05,2179.0,120.0,8.0,11.75,4.75,16,Mahindra,3588.0,1
1658,Hyundai Verna 1.6 SX VTVT (O),Coimbatore,2015,52191,Petrol,Manual,First,17.1,1591.0,121.3,5.0,11.75,7.78,11,Hyundai,4349.0,1
1659,Hyundai i20 1.4 Asta CRDi with AVN,Hyderabad,2016,77076,Diesel,Manual,First,23.0,1396.0,90.0,5.0,11.75,6.75,10,Hyundai,7007.0,1
1660,Honda City ZX CVT,Hyderabad,2008,56000,Petrol,Automatic,First,16.4,1497.0,78.0,5.0,11.75,2.99,18,Honda,2947.0,1
1661,Hyundai i10 Magna,Kolkata,2013,21000,Petrol,Manual,First,20.36,1197.0,78.9,5.0,11.75,2.35,13,Hyundai,1500.0,1
1662,Honda Amaze S i-Dtech,Delhi,2013,89429,Diesel,Manual,First,25.8,1498.0,98.6,5.0,11.75,3.65,13,Honda,6388.0,1
1663,Maruti Wagon R LXI,Delhi,2012,45631,Petrol,Manual,Second,22.5,998.0,67.04,5.0,4.59,2.74,14,Maruti,3042.0,0
1664,Honda Brio S MT,Jaipur,2013,53959,Petrol,Manual,First,19.4,1198.0,86.8,5.0,11.75,3.5,13,Honda,3854.0,1
1665,Hyundai i20 1.2 Sportz Option,Kochi,2014,55804,Petrol,Manual,First,17.0,1197.0,80.0,5.0,11.75,4.76,12,Hyundai,4293.0,1
1666,Volkswagen Vento 2013-2015 1.6 Comfortline,Kochi,2016,25899,Petrol,Manual,First,15.04,1598.0,103.2,5.0,11.75,6.2,10,Volkswagen,2354.0,1
1667,Skoda Octavia Rider 1.9 TDI MT,Pune,2008,82000,Diesel,Manual,Second,18.7,1896.0,66.0,5.0,11.75,2.35,18,Skoda,4316.0,0
1668,Mercedes-Benz E-Class 2015-2017 E250 CDI Avantgarde,Mumbai,2014,52000,Diesel,Automatic,First,13.0,2143.0,204.0,5.0,24.5,24.5,12,Mercedes-Benz,4000.0,1
1669,Renault Duster Petrol RxL,Pune,2013,20000,Petrol,Manual,First,13.24,1598.0,102.57,5.0,11.75,6.0,13,Renault,1429.0,1
1670,Hyundai EON Sportz,Hyderabad,2017,31829,Petrol,Manual,First,21.1,814.0,55.2,5.0,11.75,3.65,9,Hyundai,3183.0,1
1671,Maruti Swift VXI,Coimbatore,2016,18094,Petrol,Manual,Second,18.6,1197.0,85.8,5.0,6.995,6.26,10,Maruti,1645.0,0
1673,Audi Q5 3.0 TDI Quattro Technology,Mumbai,2015,11964,Diesel,Automatic,First,13.22,2967.0,241.4,5.0,32.95,32.95,11,Audi,997.0,1
1674,Hyundai i20 1.2 Spotz,Coimbatore,2018,22684,Petrol,Manual,First,18.6,1197.0,81.83,5.0,11.75,7.8,8,Hyundai,2520.0,1
1675,Honda Brio S MT,Bangalore,2014,43521,Petrol,Manual,First,19.4,1198.0,86.8,5.0,11.75,4.25,12,Honda,3348.0,1
1676,Maruti Swift Dzire ZXi,Kochi,2014,49386,Petrol,Manual,First,17.5,1298.0,85.8,5.0,11.75,4.86,12,Maruti,3799.0,1
1677,Hyundai Grand i10 1.2 Kappa Magna,Delhi,2017,12248,Petrol,Manual,First,18.9,1197.0,81.86,5.0,6.54,4.9,9,Hyundai,1225.0,1
1678,Mahindra Xylo E8 ABS BS IV,Coimbatore,2014,67771,Diesel,Manual,First,11.68,2498.0,112.0,8.0,11.75,7.06,12,Mahindra,5213.0,1
1679,Volkswagen Polo GTI,Delhi,2015,60007,Petrol,Automatic,First,17.21,1798.0,189.0,4.0,11.75,4.5,11,Volkswagen,5001.0,1
1680,Maruti Alto K10 VXI,Coimbatore,2011,48624,Petrol,Manual,First,24.07,998.0,67.1,5.0,4.7,3.22,15,Maruti,3039.0,1
1681,Volkswagen Polo Diesel Comfortline 1.2L,Kolkata,2014,30000,Diesel,Manual,First,22.07,1199.0,73.9,5.0,11.75,3.25,12,Volkswagen,2308.0,1
1682,Hyundai Grand i10 Sportz,Delhi,2016,81605,Petrol,Manual,First,18.9,1197.0,82.0,5.0,11.75,4.53,10,Hyundai,7419.0,1
1683,Mercedes-Benz New C-Class C 220 CDI Elegance AT,Coimbatore,2017,32642,Diesel,Automatic,First,14.84,2143.0,170.0,5.0,34.78,34.78,9,Mercedes-Benz,3264.0,1
1684,Hyundai Verna 1.6 SX VTVT AT,Pune,2014,34200,Petrol,Automatic,First,15.74,1591.0,121.3,5.0,11.75,6.5,12,Hyundai,2631.0,1
1685,Fiat Punto EVO 1.2 Emotion,Chennai,2010,72204,Petrol,Manual,First,15.7,1172.0,67.0,5.0,11.75,2.25,16,Fiat,4247.0,1
1686,Toyota Innova 2.5 VX (Diesel) 8 Seater BS IV,Pune,2011,156347,Diesel,Manual,Second,12.99,2494.0,100.0,8.0,11.75,8.0,15,Toyota,9772.0,0
1687,Mahindra TUV 300 2015-2019 mHAWK100 T8 AMT,Kochi,2017,47357,Diesel,Automatic,First,18.49,1493.0,100.0,7.0,11.75,8.37,9,Mahindra,4736.0,1
1688,Volkswagen Polo 1.5 TDI Comfortline,Coimbatore,2015,61738,Diesel,Manual,First,20.14,1498.0,88.8,5.0,9.56,5.39,11,Volkswagen,5145.0,1
1689,BMW 5 Series 520d Luxury Line,Kochi,2018,32586,Diesel,Automatic,First,22.48,1995.0,190.0,5.0,67.87,37.3,8,BMW,3621.0,1
1690,Mercedes-Benz GLE 350d,Coimbatore,2018,40129,Diesel,Automatic,First,11.57,2987.0,254.79,5.0,95.13,70.8,8,Mercedes-Benz,4459.0,1
1691,Mercedes-Benz M-Class ML 350 CDI,Mumbai,2012,51000,Diesel,Automatic,First,11.74,2987.0,254.8,5.0,22.25,22.25,14,Mercedes-Benz,3400.0,1
1692,Hyundai Grand i10 1.2 Kappa Sportz,Kochi,2018,10393,Petrol,Manual,First,18.9,1197.0,81.86,5.0,6.62,6.03,8,Hyundai,1155.0,1
1693,Skoda Superb Elegance 1.8 TSI AT,Mumbai,2011,46000,Petrol,Automatic,First,13.7,1798.0,157.75,5.0,11.75,4.9,15,Skoda,2875.0,1
1694,Hyundai i10 Sportz AT,Chennai,2013,21000,Petrol,Automatic,First,16.95,1197.0,78.9,5.0,11.75,3.96,13,Hyundai,1500.0,1
1695,Hyundai i20 1.4 CRDi Asta,Hyderabad,2011,113562,Diesel,Manual,First,23.0,1396.0,90.0,5.0,11.75,4.6,15,Hyundai,7098.0,1
1696,Mahindra Scorpio VLX,Mumbai,2011,100010,Diesel,Manual,Second,12.05,2179.0,120.0,8.0,11.75,5.5,15,Mahindra,6251.0,0
1697,Honda Brio V MT,Mumbai,2013,63107,Petrol,Manual,First,19.4,1198.0,86.8,5.0,11.75,3.25,13,Honda,4508.0,1
1698,Hyundai i20 1.2 Magna Executive,Jaipur,2017,58500,Petrol,Manual,First,18.6,1197.0,81.83,5.0,11.75,6.25,9,Hyundai,5850.0,1
1699,Ford Endeavour 4x2 XLT Limited Edition,Pune,2007,90000,Diesel,Manual,Fourth & Above,10.9,2499.0,143.0,7.0,11.75,3.0,19,Ford,4500.0,0
1700,Hyundai Verna CRDi SX,Chennai,2011,108242,Diesel,Manual,First,16.8,1493.0,110.0,5.0,11.75,4.25,15,Hyundai,6765.0,1
1701,Toyota Fortuner 3.0 Diesel,Pune,2011,146300,Diesel,Manual,First,11.5,2982.0,171.0,7.0,12.25,12.25,15,Toyota,9144.0,1
1702,BMW X1 sDrive20d,Pune,2011,62943,Diesel,Automatic,Second,17.05,1995.0,184.0,5.0,11.75,10.95,15,BMW,3934.0,0
1703,Toyota Fortuner 4x2 AT,Delhi,2013,65000,Diesel,Automatic,First,12.55,2982.0,168.5,7.0,16.5,16.5,13,Toyota,4643.0,1
1704,Honda Amaze V CVT Petrol,Pune,2018,1700,Petrol,Automatic,First,19.0,1199.0,88.76,5.0,9.44,7.8,8,Honda,189.0,1
1705,Hyundai i10 Era 1.1,Kochi,2013,34697,Petrol,Manual,First,19.81,1086.0,68.05,5.0,11.75,3.7,13,Hyundai,2478.0,1
1706,Hyundai i20 1.2 Sportz,Hyderabad,2012,58000,Petrol,Manual,First,17.0,1197.0,80.0,5.0,11.75,4.0,14,Hyundai,3867.0,1
1707,BMW 3 Series 320d GT Luxury Line,Mumbai,2015,32500,Diesel,Automatic,First,19.59,1995.0,187.74,5.0,26.75,26.75,11,BMW,2708.0,1
1708,Audi Q3 35 TDI Quattro Premium Plus,Coimbatore,2016,58661,Diesel,Automatic,First,15.17,1968.0,181.0,5.0,48.64,28.03,10,Audi,5333.0,1
1709,Maruti Swift VXI Optional,Kochi,2017,37124,Petrol,Manual,First,20.4,1197.0,81.8,5.0,11.75,5.44,9,Maruti,3712.0,1
1710,Maruti Baleno Delta Automatic,Delhi,2017,44000,Petrol,Automatic,First,21.4,1197.0,83.1,5.0,11.75,6.2,9,Maruti,4400.0,1
1711,Hyundai Accent GLE,Kolkata,2005,45200,Petrol,Manual,First,13.2,1495.0,94.0,5.0,11.75,0.9,21,Hyundai,2055.0,1
1712,Maruti Ritz LXi,Mumbai,2016,11000,Petrol,Manual,First,18.5,1197.0,85.8,5.0,11.75,3.95,10,Maruti,1000.0,1
1713,Tata Nano Lx,Pune,2011,65000,Petrol,Manual,Second,26.0,624.0,35.0,4.0,11.75,0.44,15,Tata,4062.0,0
1714,Ford Figo Diesel EXI,Ahmedabad,2012,55005,Diesel,Manual,First,20.0,1399.0,68.0,5.0,11.75,2.75,14,Ford,3667.0,1
1715,Volkswagen Passat Diesel Highline 2.0 TDI,Hyderabad,2011,81650,Diesel,Automatic,First,18.33,1968.0,167.7,5.0,11.75,7.5,15,Volkswagen,5103.0,1
1716,Fiat Linea Emotion Pack (Diesel),Chennai,2010,160000,Diesel,Manual,Second,19.0,1248.0,93.0,5.0,11.75,2.5,16,Fiat,9412.0,0
1717,Mahindra Xylo D4,Hyderabad,2015,169000,Diesel,Manual,First,14.95,2489.0,93.7,7.0,11.69,5.0,11,Mahindra,14083.0,1
1718,Maruti Wagon R VXI,Hyderabad,2013,67263,Petrol,Manual,First,18.9,998.0,67.1,5.0,5.44,3.6,13,Maruti,4804.0,1
1719,Toyota Etios G Safety,Kochi,2012,44223,Petrol,Manual,First,17.6,1496.0,88.7,5.0,11.75,3.99,14,Toyota,2948.0,1
1720,Hyundai Grand i10 Sportz,Coimbatore,2015,36840,Petrol,Manual,First,18.9,1197.0,82.0,5.0,11.75,5.64,11,Hyundai,3070.0,1
1721,Toyota Innova 2.5 VX (Diesel) 8 Seater BS IV,Pune,2014,160000,Diesel,Manual,First,12.99,2494.0,100.0,8.0,12.0,12.0,12,Toyota,12308.0,1
1722,Tata Indica V2 DLS TC,Kolkata,2008,133000,Diesel,Manual,First,16.8,1405.0,62.0,5.0,11.75,0.7,18,Tata,7000.0,1
1723,BMW 3 Series 320d Sport Line,Mumbai,2015,69123,Diesel,Automatic,First,18.88,1995.0,184.0,5.0,19.0,19.0,11,BMW,5760.0,1
1724,Ford Endeavour 3.2 Titanium AT 4X4,Delhi,2017,38000,Diesel,Automatic,First,10.91,3198.0,197.0,7.0,30.48,30.48,9,Ford,3800.0,1
1725,Maruti Ciaz Zeta,Mumbai,2017,5500,Petrol,Manual,First,21.56,1462.0,103.25,5.0,11.11,8.2,9,Maruti,550.0,1
1726,Ford Figo 1.5D Titanium Plus MT,Kolkata,2015,1001,Diesel,Manual,First,25.83,1498.0,99.0,5.0,11.75,7.55,11,Ford,83.0,1
1727,Chevrolet Aveo U-VA 1.2 LS,Pune,2007,59000,Petrol,Manual,Third,15.26,1150.0,74.9,5.0,11.75,0.99,19,Chevrolet,2950.0,0
1728,Honda City 1.5 V AT,Delhi,2011,78256,Petrol,Automatic,First,16.8,1497.0,118.0,5.0,11.75,4.15,15,Honda,4891.0,1
1729,Nissan Sunny XL,Chennai,2016,90000,Petrol,Manual,First,16.95,1498.0,97.6,5.0,11.75,6.2,10,Nissan,8182.0,1
1730,Maruti Swift Dzire VXI,Kolkata,2016,18000,Petrol,Manual,First,19.1,1197.0,85.8,5.0,11.75,4.4,10,Maruti,1636.0,1
1731,Ford Figo Diesel Titanium,Kolkata,2012,60000,Diesel,Manual,First,20.0,1399.0,68.0,5.0,11.75,2.1,14,Ford,4000.0,1
1732,Fiat Grande Punto 1.3 Emotion (Diesel),Jaipur,2011,130000,Diesel,Manual,First,20.3,1248.0,75.0,5.0,11.75,2.2,15,Fiat,8125.0,1
1733,Hyundai Elite i20 Petrol Asta,Coimbatore,2018,32851,Petrol,Manual,First,18.6,1197.0,81.86,5.0,11.75,8.34,8,Hyundai,3650.0,1
1734,Maruti Swift Dzire VDI,Kolkata,2014,32000,Diesel,Manual,First,23.4,1248.0,74.0,5.0,11.75,4.35,12,Maruti,2462.0,1
1735,Ford Ecosport 1.5 DV5 MT Titanium,Hyderabad,2014,62700,Diesel,Manual,First,22.7,1498.0,89.84,5.0,11.75,6.8,12,Ford,4823.0,1
1736,Maruti Swift Dzire VDi,Jaipur,2010,71000,Diesel,Manual,First,19.3,1248.0,73.9,5.0,11.75,3.3,16,Maruti,4176.0,1
1737,Hyundai Grand i10 Sportz,Kochi,2016,19947,Petrol,Manual,First,18.9,1197.0,82.0,5.0,11.75,5.04,10,Hyundai,1813.0,1
1738,Ford Endeavour 3.0L 4X4 AT,Hyderabad,2012,91000,Diesel,Automatic,First,11.4,2953.0,153.86,7.0,11.75,9.2,14,Ford,6067.0,1
1739,Volkswagen Polo Diesel Highline 1.2L,Hyderabad,2014,74000,Diesel,Manual,First,22.07,1199.0,73.9,5.0,11.75,5.7,12,Volkswagen,5692.0,1
1740,Mahindra TUV 300 2015-2019 mHAWK100 T8,Kochi,2018,55594,Diesel,Manual,First,18.49,1493.0,100.0,7.0,11.75,8.48,8,Mahindra,6177.0,1
1741,BMW X6 xDrive 40d,Hyderabad,2013,58000,Diesel,Automatic,First,11.2,2993.0,306.0,4.0,48.0,48.0,13,BMW,4143.0,1
1742,Renault Duster 110PS Diesel RxZ,Hyderabad,2012,110224,Diesel,Manual,First,19.01,1461.0,108.45,5.0,15.01,6.1,14,Renault,7348.0,1
1743,Maruti Wagon R LXI,Ahmedabad,2010,21002,Petrol,Manual,First,22.5,998.0,67.04,5.0,4.74,2.75,16,Maruti,1235.0,1
1744,Maruti Ertiga SHVS VDI,Pune,2017,121000,Diesel,Manual,First,24.52,1248.0,88.5,7.0,11.75,8.0,9,Maruti,12100.0,1
1745,Maruti Alto LXi BSIII,Jaipur,2010,73513,Petrol,Manual,First,19.7,796.0,46.3,5.0,11.75,1.85,16,Maruti,4324.0,1
1746,Maruti Wagon R AMT VXI Option,Jaipur,2015,34000,Petrol,Automatic,First,20.51,998.0,67.0,5.0,11.75,3.85,11,Maruti,2833.0,1
1747,Maruti Eeco 7 Seater Standard,Coimbatore,2017,28371,Petrol,Manual,First,15.1,1196.0,73.0,7.0,4.98,4.74,9,Maruti,2837.0,1
1748,Renault Duster 110PS Diesel RxL,Kochi,2013,74755,Diesel,Manual,First,19.6,1461.0,108.45,5.0,11.75,5.63,13,Renault,5340.0,1
1749,Maruti Zen Estilo 1.1 LX BSIII,Kochi,2011,25805,Petrol,Manual,First,18.2,1061.0,64.0,5.0,11.75,2.62,15,Maruti,1613.0,1
1750,Renault Duster Petrol RxL,Kochi,2015,82603,Petrol,Manual,First,13.06,1598.0,102.53,5.0,11.75,4.9,11,Renault,6884.0,1
1751,Honda Civic 2006-2010 1.8 S MT,Chennai,2006,110000,Petrol,Manual,First,13.5,1799.0,130.0,5.0,11.75,2.65,20,Honda,5238.0,1
1752,Mahindra XUV500 W8 2WD,Delhi,2012,88000,Diesel,Manual,First,16.0,2179.0,140.0,7.0,11.75,5.99,14,Mahindra,5867.0,1
1753,Mahindra Verito 1.5 D6 BSIV,Chennai,2011,110000,Diesel,Manual,Second,21.0,1461.0,64.1,5.0,11.75,2.4,15,Mahindra,6875.0,0
1754,Renault KWID Climber 1.0 MT,Delhi,2017,15000,Petrol,Manual,First,21.7,999.0,67.0,5.0,4.98,4.25,9,Renault,1500.0,1
1755,Porsche Cayenne Diesel,Mumbai,2013,70000,Diesel,Automatic,First,15.15,2967.0,240.0,5.0,40.0,40.0,13,Porsche,5000.0,1
1756,Maruti Swift DDiS VDI,Pune,2008,150000,Diesel,Manual,Second,28.4,1248.0,74.0,5.0,11.75,2.7,18,Maruti,7895.0,0
1757,Datsun GO T Option,Hyderabad,2016,19000,Petrol,Manual,First,20.63,1198.0,67.0,5.0,11.75,2.99,10,Datsun,1727.0,1
1758,Hyundai i20 1.2 Magna,Chennai,2011,37442,Petrol,Manual,First,18.5,1197.0,80.0,5.0,11.75,3.4,15,Hyundai,2340.0,1
1759,BMW 5 Series 2013-2017 520d Luxury Line,Coimbatore,2016,63111,Diesel,Automatic,Second,18.12,1995.0,190.0,5.0,30.8,30.8,10,BMW,5737.0,0
1760,Maruti Ertiga ZDI,Mumbai,2012,88000,Diesel,Manual,First,20.77,1248.0,88.8,7.0,12.34,5.85,14,Maruti,5867.0,1
1761,Hyundai Grand i10 Magna,Jaipur,2014,42355,Petrol,Manual,First,18.9,1197.0,82.0,5.0,11.75,4.0,12,Hyundai,3258.0,1
1762,BMW 3 Series 330i,Coimbatore,2011,75871,Petrol,Automatic,First,9.43,2996.0,254.0,5.0,14.12,14.12,15,BMW,4742.0,1
1763,Chevrolet Cruze LTZ,Mumbai,2011,65000,Diesel,Manual,First,17.9,1998.0,163.7,5.0,11.75,4.55,15,Chevrolet,4062.0,1
1764,Mercedes-Benz M-Class ML 350 4Matic,Pune,2015,69000,Diesel,Automatic,First,0.0,2987.0,165.0,5.0,38.0,38.0,11,Mercedes-Benz,5750.0,1
1765,Maruti Ritz LDi,Jaipur,2011,79232,Diesel,Manual,First,21.1,1248.0,73.9,5.0,11.75,2.9,15,Maruti,4952.0,1
1766,Mercedes-Benz New C-Class C 200 Kompressor Elegance AT,Pune,2007,220000,Petrol,Automatic,Second,11.74,1796.0,186.0,5.0,11.75,6.0,19,Mercedes-Benz,11000.0,0
1767,Hyundai i20 1.2 Magna Executive,Kochi,2016,28470,Petrol,Manual,First,18.6,1197.0,81.83,5.0,11.75,6.95,10,Hyundai,2588.0,1
1768,Hyundai EON 1.0 Kappa Magna Plus Optional,Kolkata,2014,9759,Petrol,Manual,First,20.3,998.0,68.05,5.0,11.75,2.75,12,Hyundai,751.0,1
1769,Maruti Swift VDI,Pune,2014,75216,Diesel,Manual,First,22.9,1248.0,74.0,5.0,7.92,5.1,12,Maruti,5786.0,1
1770,Hyundai i20 Sportz 1.2,Chennai,2017,8000,Petrol,Manual,First,18.6,1197.0,81.83,5.0,11.75,6.75,9,Hyundai,800.0,1
1771,Maruti Ritz ZXi,Mumbai,2014,59451,Petrol,Manual,First,18.5,1197.0,85.8,5.0,11.75,3.69,12,Maruti,4573.0,1
1772,Maruti Swift VDI,Hyderabad,2013,53996,Diesel,Manual,First,22.9,1248.0,74.0,5.0,7.92,5.45,13,Maruti,3857.0,1
1773,Honda WRV i-VTEC VX,Kochi,2018,15135,Petrol,Manual,First,17.5,1199.0,88.7,5.0,10.57,9.29,8,Honda,1682.0,1
1774,Hyundai Xcent 1.2 Kappa AT S Option,Chennai,2015,53000,Petrol,Automatic,Second,16.9,1197.0,81.86,5.0,11.75,4.0,11,Hyundai,4417.0,0
1775,Honda Amaze E i-Vtech,Kolkata,2013,40000,Petrol,Manual,First,18.0,1198.0,86.7,5.0,11.75,2.9,13,Honda,2857.0,1
1776,Hyundai Verna 1.6 SX VTVT (O),Pune,2013,21107,Petrol,Manual,First,17.1,1591.0,121.3,5.0,11.75,5.25,13,Hyundai,1508.0,1
1777,Honda City V MT,Mumbai,2014,56000,Petrol,Manual,First,16.8,1497.0,116.3,5.0,11.75,5.75,12,Honda,4308.0,1
1778,Hyundai Creta 1.6 SX Plus Dual Tone Petrol,Coimbatore,2017,19623,Petrol,Manual,First,15.29,1591.0,121.3,5.0,13.12,13.12,9,Hyundai,1962.0,1
1779,Mahindra XUV500 W8 2WD,Kochi,2014,70963,Diesel,Manual,First,15.1,2179.0,140.0,7.0,11.75,7.83,12,Mahindra,5459.0,1
1781,Toyota Innova 2.5 V Diesel 7-seater,Mumbai,2013,51450,Diesel,Manual,First,12.8,2494.0,102.0,7.0,11.75,10.4,13,Toyota,3675.0,1
1782,Maruti Swift VDI,Pune,2012,75000,Diesel,Manual,First,22.9,1248.0,74.0,5.0,7.92,4.35,14,Maruti,5000.0,1
1783,Maruti Wagon R VXI AMT,Coimbatore,2017,37832,Petrol,Automatic,First,22.5,998.0,67.0,5.0,6.33,5.23,9,Maruti,3783.0,1
1784,Hyundai Grand i10 1.2 Kappa Asta,Coimbatore,2016,43041,Petrol,Manual,First,18.9,1197.0,81.86,5.0,8.1,6.01,10,Hyundai,3913.0,1
1785,Honda Amaze VX i-DTEC,Hyderabad,2014,97236,Diesel,Manual,First,25.8,1498.0,98.6,5.0,11.75,4.4,12,Honda,7480.0,1
1786,BMW 3 Series 320d Highline,Chennai,2010,83000,Diesel,Automatic,First,16.07,1995.0,181.0,5.0,12.75,12.75,16,BMW,4882.0,1
1787,Ford Figo Petrol Titanium,Delhi,2011,65000,Petrol,Manual,First,15.6,1196.0,70.0,5.0,11.75,2.4,15,Ford,4062.0,1
1788,Volkswagen Ameo 1.2 MPI Trendline,Kochi,2018,46007,Petrol,Manual,First,17.0,1198.0,73.75,5.0,11.75,5.71,8,Volkswagen,5112.0,1
1789,Ford Ecosport 1.5 DV5 MT Trend,Kochi,2015,65925,Diesel,Manual,Second,22.7,1498.0,89.84,5.0,11.75,5.49,11,Ford,5494.0,0
1790,Honda City 1.3 EXI,Pune,2004,73500,Petrol,Manual,Second,13.0,1343.0,90.0,5.0,11.75,1.3,22,Honda,3196.0,0
1791,Mahindra XUV500 W6 2WD,Kolkata,2014,55000,Diesel,Manual,First,16.0,2179.0,140.0,7.0,11.75,8.5,12,Mahindra,4231.0,1
1792,Toyota Fortuner 4x2 Manual,Delhi,2012,115000,Diesel,Manual,First,13.0,2982.0,168.5,7.0,12.99,12.99,14,Toyota,7667.0,1
1793,Hyundai Grand i10 1.2 Kappa Magna,Kolkata,2017,31184,Petrol,Manual,First,18.9,1197.0,81.86,5.0,6.4,5.0,9,Hyundai,3118.0,1
1794,Maruti Dzire AMT ZDI Plus,Pune,2017,41747,Diesel,Automatic,First,28.4,1248.0,73.75,5.0,11.26,9.0,9,Maruti,4175.0,1
1795,Maruti Swift VDI,Kochi,2016,38143,Diesel,Manual,First,22.9,1248.0,74.0,5.0,7.92,5.22,10,Maruti,3468.0,1
1796,Volkswagen Polo Petrol Highline 1.2L,Pune,2012,19030,Petrol,Manual,First,16.47,1198.0,73.9,5.0,11.75,3.8,14,Volkswagen,1269.0,1
1797,Toyota Etios Liva 1.2 VX Dual Tone,Coimbatore,2019,20877,Petrol,Manual,First,18.16,1197.0,78.9,5.0,7.59,7.27,7,Toyota,2610.0,1
1798,Maruti Swift VXI,Mumbai,2016,23555,Petrol,Manual,First,22.0,1197.0,81.8,5.0,7.0,5.1,10,Maruti,2141.0,1
1799,Mercedes-Benz E-Class 2009-2013 E250 CDI Elegance,Bangalore,2013,29000,Diesel,Automatic,First,14.21,2143.0,203.0,5.0,29.0,29.0,13,Mercedes-Benz,2071.0,1
1800,Maruti Wagon R VXI,Pune,2013,61000,Petrol,Manual,First,18.9,998.0,67.1,5.0,5.44,2.9,13,Maruti,4357.0,1
1801,Tata Nano Lx BSIV,Kochi,2012,4187,Petrol,Manual,First,26.0,624.0,35.0,4.0,11.75,1.38,14,Tata,279.0,1
1802,Skoda Laura 1.8 TSI Ambiente,Bangalore,2011,46000,Petrol,Manual,First,13.4,1798.0,157.8,5.0,11.75,5.5,15,Skoda,2875.0,1
1803,Volkswagen Polo GT TSI,Mumbai,2016,28000,Petrol,Automatic,First,17.21,1197.0,103.5,5.0,11.26,7.25,10,Volkswagen,2545.0,1
1804,Hyundai Verna 1.6 SX,Coimbatore,2014,83558,Diesel,Manual,First,22.32,1582.0,126.32,5.0,11.75,6.98,12,Hyundai,6428.0,1
1805,Tata Bolt Quadrajet XE,Hyderabad,2017,40000,Diesel,Manual,First,22.95,1248.0,74.0,5.0,7.43,5.25,9,Tata,4000.0,1
1806,Hyundai EON D Lite Plus,Kolkata,2013,36000,Petrol,Manual,First,21.1,814.0,55.2,5.0,11.75,1.95,13,Hyundai,2571.0,1
1807,Audi A4 2.0 TDI 177 Bhp Premium Plus,Bangalore,2014,21000,Diesel,Automatic,First,17.11,1968.0,174.33,5.0,24.5,24.5,12,Audi,1615.0,1
1808,Toyota Innova 2.5 GX (Diesel) 7 Seater,Kochi,2013,62162,Diesel,Manual,First,12.99,2494.0,100.0,7.0,11.75,8.31,13,Toyota,4440.0,1
1809,Mercedes-Benz M-Class ML 350 CDI,Hyderabad,2012,83000,Diesel,Automatic,First,11.74,2987.0,254.8,5.0,36.0,36.0,14,Mercedes-Benz,5533.0,1
1810,Hyundai Xcent 1.1 CRDi S,Pune,2015,58000,Diesel,Manual,First,24.4,1120.0,71.0,5.0,11.75,5.5,11,Hyundai,4833.0,1
1811,Honda Accord 2.4 AT,Kochi,2011,62332,Petrol,Automatic,First,11.7,2354.0,177.6,5.0,11.75,5.89,15,Honda,3896.0,1
1812,Volkswagen Vento 1.5 TDI Highline,Kochi,2016,50867,Diesel,Manual,First,20.34,1498.0,103.2,5.0,14.2,7.95,10,Volkswagen,4624.0,1
1813,Hyundai i20 Sportz Petrol,Mumbai,2010,73000,Petrol,Manual,First,17.0,1197.0,80.0,5.0,11.75,2.75,16,Hyundai,4294.0,1
1814,Hyundai Elantra CRDi SX,Jaipur,2012,98008,Diesel,Manual,First,22.7,1582.0,126.24,5.0,11.75,6.25,14,Hyundai,6534.0,1
1815,Ford Figo Diesel Titanium,Hyderabad,2015,36000,Diesel,Manual,First,20.0,1399.0,68.05,5.0,11.75,4.95,11,Ford,3000.0,1
1816,Hyundai i20 1.2 Magna Executive,Kochi,2019,27339,Petrol,Manual,First,18.6,1197.0,81.83,5.0,11.75,6.27,7,Hyundai,3417.0,1
1817,Hyundai Verna 1.6 CRDi SX,Kolkata,2017,25000,Diesel,Manual,First,23.9,1582.0,126.2,5.0,11.75,8.65,9,Hyundai,2500.0,1
1818,Hyundai Grand i10 Asta,Kolkata,2014,37000,Petrol,Manual,First,18.9,1197.0,82.0,5.0,11.75,3.5,12,Hyundai,2846.0,1
1819,Audi Q5 2.0 TDI,Hyderabad,2015,56000,Diesel,Automatic,First,14.16,1968.0,174.3,5.0,35.0,35.0,11,Audi,4667.0,1
1820,Maruti Swift Dzire ZXi,Kolkata,2015,27000,Petrol,Manual,First,17.5,1298.0,85.8,5.0,11.75,4.45,11,Maruti,2250.0,1
1821,Hyundai i20 Magna,Kolkata,2012,37000,Petrol,Manual,First,18.5,1197.0,80.0,5.0,11.75,2.65,14,Hyundai,2467.0,1
1822,Mahindra KUV 100 mFALCON D75 K4 Plus 5str,Kolkata,2017,10500,Diesel,Manual,First,25.32,1198.0,77.0,5.0,11.75,4.7,9,Mahindra,1050.0,1
1823,Hyundai Elantra 1.6 SX Option AT,Ahmedabad,2014,49000,Diesel,Automatic,First,18.23,1582.0,126.2,5.0,22.43,8.9,12,Hyundai,3769.0,1
1824,Jeep Compass 2.0 Limited Option Black,Mumbai,2017,7000,Diesel,Manual,First,17.1,1956.0,170.0,5.0,24.02,17.45,9,Jeep,700.0,1
1825,Maruti Vitara Brezza VDi Option,Coimbatore,2017,71256,Diesel,Manual,First,24.3,1248.0,88.5,5.0,11.75,9.58,9,Maruti,7126.0,1
1826,Toyota Corolla Altis 1.8 GL,Kochi,2012,83184,Petrol,Manual,First,14.28,1798.0,138.03,5.0,21.69,6.22,14,Toyota,5546.0,1
1827,Mahindra XUV500 W8 2WD,Kolkata,2013,87284,Diesel,Manual,First,15.1,2179.0,140.0,7.0,11.75,7.8,13,Mahindra,6235.0,1
1828,BMW X1 xDrive 20d xLine,Mumbai,2016,7000,Diesel,Automatic,First,20.68,1995.0,190.0,5.0,27.75,27.75,10,BMW,636.0,1
1829,Hyundai i20 Magna 1.4 CRDi,Pune,2015,29000,Diesel,Manual,Second,22.54,1396.0,88.73,5.0,11.75,7.0,11,Hyundai,2417.0,0
1830,Mercedes-Benz GLE 350d,Coimbatore,2017,33552,Diesel,Automatic,First,11.57,2987.0,254.79,5.0,95.13,64.87,9,Mercedes-Benz,3355.0,1
1831,Chevrolet Cruze LTZ,Bangalore,2013,64000,Diesel,Manual,Second,17.3,1998.0,163.7,5.0,11.75,6.5,13,Chevrolet,4571.0,0
1832,Hyundai i20 1.2 Magna,Jaipur,2011,82000,Petrol,Manual,Second,18.5,1197.0,80.0,5.0,11.75,2.7,15,Hyundai,5125.0,0
1833,Honda Brio S MT,Mumbai,2012,70000,Petrol,Manual,Second,19.4,1198.0,86.8,5.0,11.75,2.5,14,Honda,4667.0,0
1834,Nissan Evalia 2013 XL,Hyderabad,2013,166194,Diesel,Manual,First,19.3,1461.0,84.8,7.0,11.75,3.9,13,Nissan,11871.0,1
1835,Volkswagen Polo Petrol Trendline 1.2L,Delhi,2015,58000,Petrol,Manual,First,16.47,1198.0,73.9,5.0,11.75,3.95,11,Volkswagen,4833.0,1
1836,Hyundai i10 Sportz 1.2,Chennai,2010,77000,Petrol,Manual,Second,20.36,1197.0,78.9,5.0,11.75,2.1,16,Hyundai,4529.0,0
1837,Chevrolet Cruze LTZ AT,Pune,2009,73204,Diesel,Automatic,Third,18.1,1991.0,147.9,4.0,11.75,3.5,17,Chevrolet,4067.0,0
1838,Hyundai i10 Era,Hyderabad,2007,70000,Petrol,Manual,Second,19.81,1086.0,68.05,5.0,11.75,2.0,19,Hyundai,3500.0,0
1839,Maruti Ertiga VDI,Delhi,2014,79870,Diesel,Manual,First,20.77,1248.0,88.76,7.0,11.215,5.35,12,Maruti,6144.0,1
1840,Honda Amaze S i-Dtech,Delhi,2013,90000,Diesel,Manual,First,25.8,1498.0,98.6,5.0,11.75,3.8,13,Honda,6429.0,1
1841,Mercedes-Benz A Class A180 Sport,Mumbai,2016,17000,Petrol,Automatic,First,15.5,1595.0,122.0,5.0,34.63,17.25,10,Mercedes-Benz,1545.0,1
1842,Hyundai Grand i10 1.2 Kappa Magna,Kochi,2018,46493,Petrol,Manual,First,18.9,1197.0,81.86,5.0,6.32,5.53,8,Hyundai,5166.0,1
1843,Hyundai i10 Sportz 1.2,Pune,2009,68000,Petrol,Manual,Third,20.36,1197.0,78.9,5.0,11.75,1.95,17,Hyundai,3778.0,0
1844,Maruti Swift DDiS ZDI Plus,Hyderabad,2017,2000,Diesel,Manual,First,28.4,1248.0,74.0,5.0,11.75,8.2,9,Maruti,200.0,1
1845,Honda City 1.3 EXI,Pune,1999,140000,Petrol,Manual,First,13.0,1343.0,90.0,5.0,11.75,0.9,27,Honda,5000.0,1
1846,Toyota Innova 2.5 GX (Diesel) 7 Seater,Pune,2013,255000,Diesel,Manual,Third,12.99,2494.0,100.6,7.0,11.75,6.5,13,Toyota,18214.0,0
1847,Mini Cooper Countryman D High,Coimbatore,2014,45535,Diesel,Automatic,First,23.8,1998.0,112.0,5.0,19.41,19.41,12,Mini,3503.0,1
1848,Fiat Linea T-Jet Active,Coimbatore,2016,39228,Petrol,Manual,First,15.7,1368.0,112.4,5.0,11.75,6.58,10,Fiat,3566.0,1
1849,Chevrolet Aveo 1.4 LT,Mumbai,2011,57000,Petrol,Manual,Second,14.49,1399.0,92.7,5.0,11.75,2.1,15,Chevrolet,3562.0,0
1850,Hyundai i10 Era 1.1,Chennai,2008,85445,Petrol,Manual,Second,19.81,1086.0,68.05,5.0,11.75,2.0,18,Hyundai,4497.0,0
1851,Hyundai Xcent 1.1 CRDi Base,Delhi,2015,54000,Diesel,Manual,First,24.4,1120.0,71.0,5.0,11.75,3.7,11,Hyundai,4500.0,1
1852,Maruti Celerio VXI AT,Mumbai,2014,53000,Petrol,Automatic,First,23.1,998.0,67.04,5.0,11.75,3.8,12,Maruti,4077.0,1
1853,Hyundai i10 Sportz,Jaipur,2014,60000,Petrol,Manual,First,20.36,1197.0,78.9,5.0,11.75,3.25,12,Hyundai,4615.0,1
1854,Renault Duster 85PS Diesel RxL,Coimbatore,2015,65668,Diesel,Manual,First,19.87,1461.0,83.8,5.0,11.75,5.53,11,Renault,5472.0,1
1855,BMW 3 Series 320d,Ahmedabad,2011,100000,Diesel,Automatic,Second,22.69,1995.0,190.0,5.0,43.31,10.9,15,BMW,6250.0,0
1856,Hyundai Grand i10 Sportz,Kolkata,2018,1800,Petrol,Manual,First,18.9,1197.0,82.0,5.0,11.75,5.1,8,Hyundai,200.0,1
1858,Chevrolet Spark 1.0 LS,Pune,2009,44200,Petrol,Manual,Second,18.0,995.0,62.0,5.0,11.75,1.6,17,Chevrolet,2456.0,0
1859,Honda City i VTEC VX Option,Ahmedabad,2018,14000,Petrol,Manual,First,17.4,1497.0,117.3,5.0,11.75,11.25,8,Honda,1556.0,1
1860,Volkswagen Vento Diesel Highline,Chennai,2013,720000,Diesel,Manual,First,20.54,1598.0,103.6,5.0,11.75,5.9,13,Volkswagen,51429.0,1
1861,Toyota Fortuner 4x2 4 Speed AT,Delhi,2012,73000,Diesel,Automatic,First,11.5,2982.0,169.0,7.0,14.4,14.4,14,Toyota,4867.0,1
1862,Honda City 1.5 S MT,Delhi,2011,68000,Petrol,Manual,First,17.0,1497.0,118.0,5.0,11.75,3.6,15,Honda,4250.0,1
1863,BMW 5 Series 2013-2017 520d Luxury Line,Jaipur,2017,19543,Diesel,Automatic,First,18.12,1995.0,190.0,5.0,40.5,40.5,9,BMW,1954.0,1
1864,Audi Q5 30 TDI quattro Premium Plus,Bangalore,2014,38000,Diesel,Automatic,Second,14.16,1968.0,174.3,5.0,38.95,38.95,12,Audi,2923.0,0
1865,Maruti Ritz LDi,Delhi,2014,32805,Diesel,Manual,First,23.2,1248.0,73.94,5.0,11.75,3.6,12,Maruti,2523.0,1
1866,Volkswagen Vento 1.5 TDI Highline AT,Kochi,2016,44782,Diesel,Automatic,First,21.21,1498.0,103.2,5.0,15.86,7.12,10,Volkswagen,4071.0,1
1867,Honda City i DTEC SV,Kochi,2016,55700,Diesel,Manual,First,26.0,1498.0,98.6,5.0,11.75,7.52,10,Honda,5064.0,1
1868,Audi A4 New 2.0 TDI Multitronic,Delhi,2012,60000,Diesel,Automatic,Second,15.2,1968.0,140.8,5.0,11.75,10.35,14,Audi,4000.0,0
1869,Skoda Rapid 1.6 MPI Elegance,Hyderabad,2014,56000,Petrol,Manual,First,15.0,1598.0,103.52,5.0,11.75,7.0,12,Skoda,4308.0,1
1870,Toyota Fortuner 3.0 Diesel,Delhi,2011,60000,Diesel,Manual,First,11.5,2982.0,171.0,7.0,11.75,10.85,15,Toyota,3750.0,1
1871,Chevrolet Optra Magnum 2.0 LT BS3,Mumbai,2010,78563,Diesel,Manual,First,16.52,1991.0,123.7,5.0,11.75,2.35,16,Chevrolet,4621.0,1
1872,Maruti Eeco 7 Seater Standard,Mumbai,2014,34669,Petrol,Manual,First,15.1,1196.0,73.0,7.0,4.71,2.9,12,Maruti,2667.0,1
1873,Maruti Ciaz ZXi,Delhi,2017,17000,Petrol,Manual,First,20.73,1373.0,91.1,5.0,11.75,7.65,9,Maruti,1700.0,1
1874,Maruti Ciaz VDi Plus SHVS,Delhi,2016,66000,Diesel,Manual,First,28.09,1248.0,88.5,5.0,11.75,6.4,10,Maruti,6000.0,1
1875,Toyota Innova 2.5 LE 2014 Diesel 7 Seater,Pune,2014,102418,Diesel,Manual,First,12.99,2494.0,100.6,7.0,11.75,10.1,12,Toyota,7878.0,1
1876,Maruti Swift Dzire VXI,Kolkata,2014,48800,Petrol,Manual,First,19.1,1197.0,85.8,5.0,11.75,4.25,12,Maruti,3754.0,1
1877,Toyota Innova Crysta 2.8 GX AT,Kochi,2019,10601,Diesel,Automatic,First,11.36,2755.0,171.5,7.0,20.74,19.65,7,Toyota,1325.0,1
1878,Tata Indica V2 eLX,Pune,2017,8200,Diesel,Manual,First,25.0,1396.0,69.0,5.0,11.75,4.4,9,Tata,820.0,1
1879,Hyundai i20 Magna,Jaipur,2012,100000,Petrol,Manual,First,18.5,1197.0,82.85,5.0,11.75,3.25,14,Hyundai,6667.0,1
1880,Ford Fiesta 1.4 Duratorq ZXI,Pune,2012,78000,Diesel,Manual,First,17.8,1399.0,68.0,5.0,11.75,2.8,14,Ford,5200.0,1
1881,Chevrolet Enjoy 1.3 TCDi LS 8,Kolkata,2015,50000,Diesel,Manual,First,18.2,1248.0,73.74,8.0,11.75,4.3,11,Chevrolet,4167.0,1
1882,Ford Fiesta 1.4 Duratorq EXI,Chennai,2006,89327,Diesel,Manual,Third,17.8,1399.0,68.0,5.0,11.75,1.55,20,Ford,4254.0,0
1883,Honda CR-V 2.4 MT,Chennai,2007,98000,Petrol,Manual,Second,10.8,2354.0,152.0,5.0,11.75,4.7,19,Honda,4900.0,0
1884,Honda Jazz 1.2 VX i VTEC,Kochi,2017,24700,Petrol,Manual,First,18.7,1199.0,88.7,5.0,11.75,7.07,9,Honda,2470.0,1
1885,Mercedes-Benz GLS 350d Grand Edition,Delhi,2018,6000,Diesel,Automatic,First,11.0,2987.0,258.0,7.0,102.0,79.0,8,Mercedes-Benz,667.0,1
1886,Hyundai Grand i10 1.2 Kappa Sportz,Delhi,2018,9434,Petrol,Manual,First,18.9,1197.0,81.86,5.0,6.71,5.75,8,Hyundai,1048.0,1
1887,Maruti Ritz VXi,Mumbai,2012,29000,Petrol,Manual,First,18.5,1197.0,85.8,5.0,11.75,3.25,14,Maruti,1933.0,1
1888,Volkswagen Ameo 1.5 TDI Highline AT,Coimbatore,2017,22440,Diesel,Automatic,First,22.0,1498.0,108.495,5.0,11.75,8.89,9,Volkswagen,2244.0,1
1889,Honda City i VTEC SV,Mumbai,2015,73070,Petrol,Manual,First,17.4,1497.0,117.3,5.0,11.75,5.9,11,Honda,6089.0,1
1890,Honda Jazz 1.2 S i VTEC,Kolkata,2016,21771,Petrol,Manual,First,18.7,1199.0,88.7,5.0,11.75,4.95,10,Honda,1979.0,1
1891,Maruti Swift Ldi BSIV,Delhi,2014,62000,Diesel,Manual,First,17.8,1248.0,75.0,5.0,11.75,3.75,12,Maruti,4769.0,1
1892,Hyundai Creta 1.6 CRDi AT SX Plus,Kochi,2017,37024,Diesel,Automatic,First,17.01,1582.0,126.2,5.0,11.75,10.97,9,Hyundai,3702.0,1
1893,Audi A7 2011-2015 3.0 TDI Quattro,Kochi,2014,60336,Diesel,Automatic,Second,14.4,2967.0,241.4,5.0,24.94,24.94,12,Audi,4641.0,0
1894,Hyundai EON D Lite Plus,Kolkata,2014,26008,Petrol,Manual,First,21.1,814.0,55.2,5.0,11.75,1.97,12,Hyundai,2001.0,1
1895,Ford Figo Diesel EXI,Jaipur,2010,90000,Diesel,Manual,Second,20.0,1399.0,68.0,5.0,11.75,1.4,16,Ford,5294.0,0
1896,Volkswagen Ameo 1.2 MPI Highline,Coimbatore,2018,35569,Petrol,Manual,First,17.0,1198.0,73.75,5.0,8.68,7.27,8,Volkswagen,3952.0,1
1897,Renault Scala Diesel RxL,Kolkata,2013,40000,Diesel,Manual,First,21.64,1461.0,84.8,5.0,11.75,4.0,13,Renault,2857.0,1
1898,Honda Jazz 1.2 V i VTEC,Kolkata,2015,45000,Petrol,Manual,First,18.7,1199.0,88.7,5.0,11.75,4.75,11,Honda,3750.0,1
1899,Hyundai i20 1.2 Sportz,Delhi,2015,42000,Petrol,Manual,First,17.0,1197.0,80.0,5.0,11.75,5.1,11,Hyundai,3500.0,1
1900,Audi A4 3.0 TDI Quattro Premium,Coimbatore,2012,46913,Diesel,Automatic,First,14.94,2967.0,241.4,5.0,16.11,16.11,14,Audi,3128.0,1
1901,Mahindra Ssangyong Rexton RX7,Delhi,2014,62000,Diesel,Automatic,First,11.18,2696.0,184.0,7.0,11.75,10.55,12,Mahindra,4769.0,1
1902,Toyota Fortuner 2.8 2WD AT,Ahmedabad,2017,15000,Diesel,Automatic,First,12.9,2755.0,174.5,7.0,34.45,30.0,9,Toyota,1500.0,1
1903,Skoda Octavia Classic 1.9 TDI MT,Kolkata,2002,69000,Diesel,Manual,First,18.7,1896.0,66.0,5.0,11.75,1.6,24,Skoda,2760.0,1
1904,Mercedes-Benz New C-Class 250 CDI Classic,Hyderabad,2012,41367,Diesel,Automatic,First,15.8,2148.0,170.0,5.0,18.49,18.49,14,Mercedes-Benz,2758.0,1
1905,Maruti Ciaz 1.4 Zeta,Kochi,2018,15982,Petrol,Manual,First,20.73,1373.0,91.1,5.0,11.75,9.96,8,Maruti,1776.0,1
1906,Maruti Swift ZDi,Hyderabad,2013,99595,Diesel,Manual,Second,22.9,1248.0,74.0,5.0,11.75,4.75,13,Maruti,7114.0,0
1907,Toyota Qualis FS B3,Bangalore,2002,63000,Diesel,Manual,Third,13.1,2446.0,75.0,10.0,11.75,3.65,24,Toyota,2520.0,0
1908,BMW 5 Series 2007-2010 525d Sedan,Delhi,2012,49000,Diesel,Automatic,Second,16.73,2495.0,218.0,5.0,15.5,15.5,14,BMW,3267.0,0
1909,Mitsubishi Pajero 2.8 SFX BSIII Dual Tone,Kochi,2013,48272,Diesel,Manual,First,10.5,2835.0,116.9,6.0,11.82,11.82,13,Mitsubishi,3448.0,1
1910,Toyota Corolla H2,Delhi,2008,63000,Petrol,Manual,First,13.4,1794.0,125.0,5.0,11.75,2.05,18,Toyota,3316.0,1
1912,Maruti Omni E MPI STD BS IV,Mumbai,2013,11734,Petrol,Manual,First,16.8,796.0,34.2,8.0,11.75,2.25,13,Maruti,838.0,1
1913,Audi A6 2011-2015 2.0 TDI,Kochi,2014,62012,Diesel,Automatic,First,17.68,1968.0,174.33,5.0,20.12,20.12,12,Audi,4770.0,1
1915,Honda Jazz 1.5 S i DTEC,Coimbatore,2016,45449,Diesel,Manual,First,27.3,1498.0,98.6,5.0,11.75,7.48,10,Honda,4132.0,1
1916,Mercedes-Benz E-Class 200 Kompressor Elegance,Mumbai,2004,85000,Petrol,Automatic,Second,10.5,1796.0,157.7,5.0,11.75,5.5,22,Mercedes-Benz,3696.0,0
1917,Honda City 1.5 EXI,Jaipur,2005,88000,Petrol,Manual,Second,13.0,1493.0,100.0,5.0,11.75,1.7,21,Honda,4000.0,0
1918,Audi A4 2.0 TDI,Kochi,2013,45330,Diesel,Automatic,First,16.55,1968.0,147.51,5.0,13.19,13.19,13,Audi,3238.0,1
1919,Maruti Swift Dzire VXI,Mumbai,2012,88000,Petrol,Manual,First,19.1,1197.0,85.8,5.0,11.75,3.85,14,Maruti,5867.0,1
1920,Maruti Dzire VDI,Delhi,2016,45376,Diesel,Manual,First,28.4,1248.0,73.75,5.0,8.58,5.75,10,Maruti,4125.0,1
1921,Mahindra XUV500 W8 4WD,Pune,2014,81000,Diesel,Manual,First,15.1,2179.0,140.0,7.0,11.75,9.0,12,Mahindra,6231.0,1
1922,Chevrolet Beat LT,Kochi,2012,83381,Petrol,Manual,First,18.6,1199.0,79.4,5.0,11.75,2.21,14,Chevrolet,5559.0,1
1923,Ford EcoSport 1.5 Diesel Titanium Plus,Kochi,2017,78526,Diesel,Manual,First,23.0,1498.0,98.96,5.0,12.67,8.09,9,Ford,7853.0,1
1924,BMW 5 Series 2013-2017 530d M Sport,Coimbatore,2017,27313,Diesel,Automatic,First,14.69,2993.0,258.0,5.0,48.63,48.63,9,BMW,2731.0,1
1925,Audi Q5 30 TDI quattro Premium Plus,Coimbatore,2015,42747,Diesel,Automatic,Second,14.16,1968.0,174.3,5.0,39.47,39.47,11,Audi,3562.0,0
1926,BMW X1 sDrive 20d xLine,Coimbatore,2015,42265,Diesel,Automatic,Second,20.68,1995.0,190.0,5.0,48.18,22.24,11,BMW,3522.0,0
1927,Hyundai i10 Magna AT,Mumbai,2009,21000,Petrol,Automatic,First,19.2,1197.0,80.0,5.0,11.75,2.6,17,Hyundai,1167.0,1
1928,Hyundai Creta 1.6 CRDi AT SX Plus,Ahmedabad,2016,55100,Diesel,Automatic,First,17.01,1582.0,126.2,5.0,12.0,12.0,10,Hyundai,5009.0,1
1929,Audi A4 2.0 TDI 177 Bhp Premium Plus,Chennai,2014,70000,Diesel,Automatic,First,17.11,1968.0,174.33,5.0,18.0,18.0,12,Audi,5385.0,1
1930,Mercedes-Benz S Class 2005 2013 S 350 L,Mumbai,2007,55000,Petrol,Automatic,Third,10.13,3498.0,364.9,5.0,11.75,9.99,19,Mercedes-Benz,2750.0,0
1931,Hyundai i10 Magna,Kolkata,2012,58235,Petrol,Manual,First,20.36,1197.0,78.9,5.0,11.75,2.45,14,Hyundai,3882.0,1
1932,Ford EcoSport 1.5 Diesel Titanium,Mumbai,2017,26000,Diesel,Manual,First,23.0,1498.0,98.96,5.0,11.89,8.99,9,Ford,2600.0,1
1933,Volkswagen Vento Diesel Highline,Kolkata,2011,35000,Diesel,Manual,First,20.54,1598.0,103.6,5.0,11.75,3.15,15,Volkswagen,2188.0,1
1934,Maruti Dzire ZDI Plus,Jaipur,2017,24000,Diesel,Manual,First,28.4,1248.0,73.75,5.0,10.48,8.2,9,Maruti,2400.0,1
1935,Mahindra Scorpio 1.99 S10,Ahmedabad,2016,98000,Diesel,Manual,First,15.4,1997.0,120.0,7.0,11.75,11.5,10,Mahindra,8909.0,1
1936,Hyundai i20 Asta 1.4 CRDi,Coimbatore,2016,44487,Diesel,Manual,First,22.54,1396.0,88.73,5.0,11.75,7.3,10,Hyundai,4044.0,1
1937,Maruti Alto LXi,Chennai,2008,65000,Petrol,Manual,First,19.7,796.0,46.3,5.0,11.75,1.59,18,Maruti,3421.0,1
1938,Hyundai i10 Magna,Delhi,2015,34951,Petrol,Manual,Second,20.36,1197.0,78.9,5.0,11.75,3.15,11,Hyundai,2913.0,0
1939,Mahindra Scorpio S6 7 Seater,Kolkata,2015,52373,Diesel,Manual,Second,15.4,2179.0,120.0,7.0,11.75,8.5,11,Mahindra,4364.0,0
1940,Skoda Fabia 1.2L Diesel Classic,Hyderabad,2010,66285,Diesel,Manual,First,19.5,1199.0,75.0,5.0,11.75,3.0,16,Skoda,3899.0,1
1941,BMW X5 xDrive 30d,Mumbai,2012,66000,Diesel,Automatic,First,15.3,2993.0,258.0,5.0,21.0,21.0,14,BMW,4400.0,1
1942,Honda Jazz 1.5 S i DTEC,Hyderabad,2016,43000,Diesel,Manual,First,27.3,1498.0,98.6,5.0,11.75,7.75,10,Honda,3909.0,1
1943,Mercedes-Benz E-Class 2009-2013 E 220 CDI Avantgarde,Mumbai,2013,45200,Diesel,Automatic,First,10.0,2148.0,170.0,5.0,23.0,23.0,13,Mercedes-Benz,3229.0,1
1944,Mahindra XUV500 AT W10 FWD,Mumbai,2016,41000,Diesel,Automatic,First,16.0,2179.0,140.0,7.0,13.75,13.75,10,Mahindra,3727.0,1
1945,Honda City i VTEC CVT SV,Kochi,2017,39430,Petrol,Automatic,First,18.0,1497.0,117.3,5.0,11.75,8.29,9,Honda,3943.0,1
1946,Maruti Swift VDI,Coimbatore,2014,83274,Diesel,Manual,First,22.9,1248.0,74.0,5.0,7.92,5.79,12,Maruti,6406.0,1
1947,Mercedes-Benz New C-Class 220 CDI AT,Coimbatore,2017,32324,Diesel,Automatic,First,14.84,2143.0,170.0,5.0,30.5,30.5,9,Mercedes-Benz,3232.0,1
1948,Honda City 1.5 S MT,Mumbai,2011,49999,Petrol,Manual,First,17.0,1497.0,118.0,5.0,11.75,3.8,15,Honda,3125.0,1
1949,Tata Sumo EX,Bangalore,2014,66000,Diesel,Manual,First,15.3,2956.0,83.8,7.0,11.75,4.45,12,Tata,5077.0,1
1950,Hyundai i20 Magna,Delhi,2012,54000,Petrol,Manual,First,18.5,1197.0,82.85,5.0,11.75,3.3,14,Hyundai,3600.0,1
1951,Fiat Linea 1.3 Dynamic,Jaipur,2009,80000,Diesel,Manual,Second,20.4,1248.0,91.2,5.0,11.75,1.75,17,Fiat,4444.0,0
1952,Honda Civic 2006-2010 1.8 V AT,Bangalore,2011,72000,Petrol,Automatic,Second,12.9,1799.0,130.0,5.0,11.75,5.5,15,Honda,4500.0,0
1953,Hyundai Creta 1.6 SX Plus Diesel,Pune,2017,44865,Diesel,Manual,First,19.67,1582.0,126.2,5.0,13.35,13.35,9,Hyundai,4486.0,1
1954,Audi A3 35 TDI Technology,Delhi,2017,22000,Diesel,Automatic,Second,20.38,1968.0,143.0,5.0,22.5,22.5,9,Audi,2200.0,0
1955,Hyundai Verna VTVT 1.6 SX Option,Delhi,2013,57478,Petrol,Manual,Second,17.0,1591.0,121.3,5.0,13.59,5.25,13,Hyundai,4106.0,0
1956,Hyundai i20 1.4 CRDi Magna,Hyderabad,2011,75000,Diesel,Manual,First,21.9,1396.0,90.0,5.0,11.75,3.75,15,Hyundai,4688.0,1
1957,Honda Mobilio S i DTEC,Kochi,2015,50624,Diesel,Manual,First,24.2,1498.0,98.6,7.0,11.75,6.32,11,Honda,4219.0,1
1958,Hyundai Verna 1.6 SX CRDI (O) AT,Bangalore,2018,75000,Diesel,Automatic,First,22.32,1582.0,126.32,5.0,11.75,7.75,8,Hyundai,8333.0,1
1959,Ford Fiesta 1.6 ZXI Duratec,Chennai,2006,87000,Petrol,Manual,Second,15.3,1596.0,101.0,5.0,11.75,1.37,20,Ford,4143.0,0
1960,Hyundai i10 Sportz 1.2,Mumbai,2010,62000,Petrol,Manual,First,20.36,1197.0,78.9,5.0,11.75,2.1,16,Hyundai,3647.0,1
1961,Maruti Vitara Brezza ZDi,Hyderabad,2016,41372,Diesel,Manual,First,24.3,1248.0,88.5,5.0,11.02,9.3,10,Maruti,3761.0,1
1962,Toyota Innova 2.5 VX (Diesel) 7 Seater,Ahmedabad,2015,70000,Diesel,Manual,First,12.99,2494.0,100.6,7.0,12.0,12.0,11,Toyota,5833.0,1
1963,Mercedes-Benz GLA Class 200 d Sport,Pune,2017,35000,Diesel,Automatic,First,17.9,2143.0,136.0,5.0,41.94,23.5,9,Mercedes-Benz,3500.0,1
1964,Maruti Alto LXi BSIII,Hyderabad,2006,71993,Petrol,Manual,First,19.7,796.0,46.3,5.0,11.75,1.8,20,Maruti,3428.0,1
1965,Mercedes-Benz New C-Class C 220 CDI Elegance AT,Chennai,2013,62000,Diesel,Automatic,Second,14.84,2143.0,170.0,5.0,12.5,12.5,13,Mercedes-Benz,4429.0,0
1966,Maruti Swift LDI,Delhi,2015,51000,Diesel,Manual,First,22.9,1248.0,74.0,5.0,7.13,4.74,11,Maruti,4250.0,1
1967,Hyundai Grand i10 Sportz,Kochi,2016,26038,Petrol,Manual,First,18.9,1197.0,82.0,5.0,11.75,5.43,10,Hyundai,2367.0,1
1968,Toyota Fortuner 4x4 AT,Kochi,2018,37713,Diesel,Automatic,Second,12.55,2982.0,168.5,7.0,31.62,31.62,8,Toyota,4190.0,0
1969,Toyota Innova 2.0 GX 8 STR,Kolkata,2011,78088,Petrol,Manual,First,12.4,1998.0,132.0,8.0,11.75,6.3,15,Toyota,4880.0,1
1970,Ford EcoSport 1.5 TDCi Titanium,Kochi,2017,30453,Diesel,Manual,First,22.77,1498.0,98.59,5.0,11.75,8.45,9,Ford,3045.0,1
1971,Ford Figo 1.2P Titanium MT,Pune,2016,54000,Petrol,Manual,First,18.16,1196.0,86.8,5.0,11.75,5.0,10,Ford,4909.0,1
1972,Toyota Fortuner 3.0 Diesel,Chennai,2011,190000,Diesel,Manual,First,11.5,2982.0,171.0,7.0,13.0,13.0,15,Toyota,11875.0,1
1973,Maruti Swift Dzire VXI,Hyderabad,2012,65097,Petrol,Manual,First,19.1,1197.0,85.8,5.0,11.75,4.7,14,Maruti,4340.0,1
1974,BMW 7 Series 740Li,Coimbatore,2018,28060,Petrol,Automatic,First,12.05,2979.0,320.0,5.0,93.67,93.67,8,BMW,3118.0,1
1975,Skoda Superb 1.8 TSI MT,Pune,2012,282000,Petrol,Manual,First,13.14,1798.0,160.0,5.0,11.75,3.3,14,Skoda,18800.0,1
1976,Maruti Wagon R LXI Minor,Jaipur,2009,111000,Petrol,Manual,Second,18.9,1061.0,67.0,5.0,11.75,1.51,17,Maruti,6167.0,0
1977,Renault Duster 110PS Diesel RxZ,Kochi,2013,63295,Diesel,Manual,First,19.01,1461.0,108.45,5.0,15.01,6.09,13,Renault,4521.0,1
1978,Maruti Ciaz VXi Plus,Mumbai,2015,35770,Petrol,Manual,First,20.73,1373.0,91.1,5.0,11.75,5.95,11,Maruti,2981.0,1
1979,Hyundai Elantra CRDi SX,Hyderabad,2012,125928,Diesel,Manual,First,22.7,1582.0,126.24,5.0,11.75,9.0,14,Hyundai,8395.0,1
1980,Skoda Rapid 1.5 TDI AT Elegance,Kolkata,2015,45000,Diesel,Automatic,First,21.66,1498.0,103.52,5.0,11.75,4.25,11,Skoda,3750.0,1
1981,Mercedes-Benz New C-Class C 220 CDI Elegance AT,Hyderabad,2013,21000,Diesel,Automatic,First,14.84,2143.0,170.0,5.0,23.5,23.5,13,Mercedes-Benz,1500.0,1
1982,Honda Accord 2.4 A/T,Mumbai,2011,54774,Petrol,Automatic,First,11.7,2354.0,177.6,5.0,11.75,6.35,15,Honda,3423.0,1
1983,Maruti Celerio VXI,Chennai,2014,41123,Petrol,Manual,First,23.1,998.0,67.04,5.0,11.75,3.4,12,Maruti,3163.0,1
1984,BMW 7 Series 740Li,Bangalore,2017,17465,Petrol,Automatic,First,12.05,2979.0,320.0,5.0,93.0,93.0,9,BMW,1746.0,1
1985,BMW 3 Series 320d Sport,Chennai,2014,48000,Diesel,Automatic,First,22.69,1995.0,190.0,5.0,21.6,21.6,12,BMW,3692.0,1
1986,Volkswagen Vento Diesel Trendline,Chennai,2011,173000,Diesel,Manual,First,20.54,1598.0,103.6,5.0,11.75,4.0,15,Volkswagen,10812.0,1
1987,Maruti Swift Dzire Tour LDI,Pune,2018,12000,Diesel,Manual,First,23.4,1248.0,74.0,5.0,11.75,5.5,8,Maruti,1333.0,1
1988,Land Rover Freelander 2 SE,Mumbai,2012,34000,Diesel,Automatic,First,12.39,2179.0,147.51,5.0,19.25,19.25,14,Land,2267.0,1
1989,Hyundai i20 1.4 CRDi Magna,Hyderabad,2012,71360,Diesel,Manual,First,21.9,1396.0,90.0,5.0,11.75,3.95,14,Hyundai,4757.0,1
1990,Maruti Dzire VDI,Mumbai,2012,74000,Diesel,Manual,Second,28.4,1248.0,73.75,5.0,8.94,4.25,14,Maruti,4933.0,0
1991,Jeep Compass 2.0 Longitude,Kochi,2018,28937,Diesel,Manual,First,17.1,1956.0,170.0,5.0,21.38,17.02,8,Jeep,3215.0,1
1992,Maruti Ertiga VDI,Hyderabad,2012,82085,Diesel,Manual,First,20.77,1248.0,88.76,7.0,11.215,6.5,14,Maruti,5472.0,1
1993,Ford Figo Petrol ZXI,Bangalore,2011,68465,Petrol,Manual,First,15.6,1196.0,70.0,5.0,11.75,2.95,15,Ford,4279.0,1
1994,Toyota Corolla Altis 1.4 DG,Coimbatore,2013,63854,Diesel,Manual,First,21.43,1364.0,86.79,5.0,19.27,7.12,13,Toyota,4561.0,1
1995,Maruti Vitara Brezza ZDi Plus AMT Dual Tone,Chennai,2018,3000,Diesel,Automatic,First,24.3,1248.0,88.5,5.0,12.88,11.25,8,Maruti,333.0,1
1996,Honda City 1.5 S MT,Delhi,2009,65055,Petrol,Manual,First,17.0,1497.0,118.0,5.0,11.75,2.75,17,Honda,3614.0,1
1997,Mahindra Scorpio S10 4WD,Hyderabad,2015,120000,Diesel,Manual,First,15.4,2179.0,120.0,7.0,12.0,12.0,11,Mahindra,10000.0,1
1998,Hyundai Xcent 1.2 VTVT SX,Mumbai,2014,64241,Petrol,Manual,First,20.14,1197.0,81.86,5.0,8.27,3.67,12,Hyundai,4942.0,1
2000,Mahindra Renault Logan 1.4 GLX Petrol,Pune,2008,2200,Petrol,Manual,First,15.7,1390.0,75.0,5.0,11.75,2.3,18,Mahindra,116.0,1
2001,Skoda Octavia 1.9 TDI,Pune,2008,88123,Diesel,Manual,First,18.7,1896.0,66.0,5.0,11.75,2.2,18,Skoda,4638.0,1
2002,Mercedes-Benz GL-Class 2007 2012 350 CDI Luxury,Pune,2014,79000,Diesel,Automatic,First,12.0,2987.0,224.0,7.0,41.0,41.0,12,Mercedes-Benz,6077.0,1
2003,BMW X1 sDrive 20d xLine,Bangalore,2016,28143,Diesel,Automatic,First,20.68,1995.0,190.0,5.0,48.18,28.5,10,BMW,2558.0,1
2004,Volkswagen Vento 2013-2015 1.6 Comfortline,Mumbai,2015,23001,Petrol,Manual,First,15.04,1598.0,103.2,5.0,11.75,5.49,11,Volkswagen,1917.0,1
2005,Audi A4 2.0 TDI,Ahmedabad,2013,82002,Diesel,Automatic,Second,16.55,1968.0,147.51,5.0,17.5,17.5,13,Audi,5857.0,0
2006,Ford Ikon 1.4 TDCi DuraTorq,Bangalore,2009,75000,Diesel,Manual,First,13.8,1399.0,68.0,5.0,11.75,1.99,17,Ford,4167.0,1
2007,Hyundai Verna 1.6 CRDi EX MT,Kochi,2016,37451,Diesel,Manual,First,22.32,1582.0,126.3,5.0,11.75,6.64,10,Hyundai,3405.0,1
2008,Toyota Innova Crysta 2.4 VX MT,Hyderabad,2017,67000,Diesel,Manual,First,13.68,2393.0,147.8,7.0,22.87,16.5,9,Toyota,6700.0,1
2009,Hyundai Grand i10 Asta Option,Pune,2016,25000,Petrol,Manual,First,18.9,1197.0,82.0,5.0,11.75,5.0,10,Hyundai,2273.0,1
2010,Volkswagen Ameo 1.2 MPI Comfortline,Mumbai,2017,12000,Petrol,Manual,First,17.0,1198.0,73.75,5.0,11.75,5.4,9,Volkswagen,1200.0,1
2011,Renault KWID RXT,Kolkata,2017,25000,Petrol,Manual,First,25.17,799.0,53.3,5.0,11.75,2.99,9,Renault,2500.0,1
2012,Honda City 1.5 S MT,Jaipur,2011,95936,Petrol,Manual,First,17.0,1497.0,118.0,5.0,11.75,4.1,15,Honda,5996.0,1
2013,Hyundai Grand i10 1.2 Kappa Magna AT,Kochi,2018,5354,Petrol,Automatic,First,18.9,1197.0,81.86,5.0,7.37,6.76,8,Hyundai,595.0,1
2014,Volkswagen Polo 1.0 MPI Comfortline,Chennai,2016,42000,Petrol,Manual,Second,18.78,999.0,75.0,5.0,7.33,5.5,10,Volkswagen,3818.0,0
2015,Maruti Swift VDI BSIV,Coimbatore,2014,44282,Diesel,Manual,First,25.2,1248.0,74.0,5.0,11.75,5.99,12,Maruti,3406.0,1
2016,Nissan Sunny 2011-2014 Diesel XV,Delhi,2012,70000,Diesel,Manual,First,21.64,1461.0,84.8,5.0,11.75,2.59,14,Nissan,4667.0,1
2017,Jaguar XF 2.2 Litre Luxury,Mumbai,2013,31400,Diesel,Automatic,First,16.36,2179.0,187.7,5.0,26.75,26.75,13,Jaguar,2243.0,1
2018,Maruti Ciaz ZDi SHVS,Pune,2016,50000,Diesel,Manual,First,28.09,1248.0,88.5,5.0,11.75,8.5,10,Maruti,4545.0,1
2019,Audi Q5 2008-2012 2.0 TDI,Bangalore,2011,53000,Diesel,Automatic,First,12.8,1968.0,167.6,5.0,23.0,23.0,15,Audi,3312.0,1
2020,Ford Figo Petrol ZXI,Pune,2014,21727,Petrol,Manual,First,15.6,1196.0,70.02,5.0,11.75,3.35,12,Ford,1671.0,1
2021,Hyundai Santa Fe 4x4 AT,Bangalore,2012,43000,Diesel,Automatic,Second,11.72,2199.0,194.3,7.0,11.75,10.75,14,Hyundai,2867.0,0
2022,Mahindra Scorpio VLX 2WD AIRBAG BSIV,Kolkata,2013,75000,Diesel,Manual,First,12.05,2179.0,120.0,8.0,11.75,6.29,13,Mahindra,5357.0,1
2023,Renault Duster 110PS Diesel RxL,Bangalore,2014,73557,Diesel,Manual,First,19.6,1461.0,108.45,5.0,11.75,7.75,12,Renault,5658.0,1
2024,Audi A4 New 2.0 TDI Multitronic,Delhi,2012,44555,Diesel,Automatic,First,15.2,1968.0,140.8,5.0,13.5,13.5,14,Audi,2970.0,1
2025,Maruti Eeco 7 Seater Standard,Coimbatore,2013,54885,Petrol,Manual,First,15.1,1196.0,73.0,7.0,4.98,3.75,13,Maruti,3920.0,1
2026,Mahindra Xylo E4,Mumbai,2011,76000,Diesel,Manual,Second,14.0,2498.0,112.0,7.0,11.75,3.75,15,Mahindra,4750.0,0
2027,Maruti Wagon R LXI,Jaipur,2006,101000,Petrol,Manual,Second,18.9,998.0,67.1,5.0,4.890000000000001,1.5,20,Maruti,4810.0,0
2028,Maruti Wagon R LXI BSIII,Chennai,2005,66000,Petrol,Manual,First,14.0,1061.0,64.0,5.0,11.75,1.45,21,Maruti,3000.0,1
2029,Maruti SX4 ZXI MT BSIV,Coimbatore,2013,84360,Petrol,Manual,First,15.5,1586.0,103.3,5.0,11.75,4.12,13,Maruti,6026.0,1
2030,Toyota Innova Crysta 2.4 VX MT,Mumbai,2016,25121,Diesel,Manual,First,13.68,2393.0,147.8,7.0,23.06,17.11,10,Toyota,2284.0,1
2031,Toyota Innova 2.5 G (Diesel) 7 Seater,Pune,2015,100000,Diesel,Manual,Second,12.99,2494.0,100.6,7.0,11.75,10.25,11,Toyota,8333.0,0
2032,Volkswagen Polo Diesel Trendline 1.2L,Kolkata,2011,66035,Diesel,Manual,First,22.07,1199.0,73.9,5.0,11.75,2.49,15,Volkswagen,4127.0,1
2033,Toyota Etios G,Pune,2015,190000,Petrol,Manual,Second,16.78,1496.0,88.73,5.0,11.75,3.85,11,Toyota,15833.0,0
2034,Ford Ecosport 1.5 DV5 MT Titanium,Hyderabad,2014,85670,Diesel,Manual,First,22.7,1498.0,89.84,5.0,11.75,6.25,12,Ford,6590.0,1
2035,Hyundai Grand i10 CRDi Magna,Hyderabad,2015,35000,Diesel,Manual,First,24.0,1120.0,70.0,5.0,11.75,4.88,11,Hyundai,2917.0,1
2036,Honda City i VTEC CVT SV,Mumbai,2016,8000,Petrol,Automatic,First,18.0,1497.0,117.3,5.0,11.75,9.45,10,Honda,727.0,1
2037,Toyota Innova 2.5 G3,Hyderabad,2007,162000,Diesel,Manual,Second,12.8,2494.0,102.0,8.0,11.75,4.8,19,Toyota,8100.0,0
2038,Hyundai EON Era Plus,Kolkata,2012,60000,Petrol,Manual,First,21.1,814.0,55.2,5.0,11.75,1.99,14,Hyundai,4000.0,1
2039,Hyundai i10 Magna 1.2,Hyderabad,2010,70600,Petrol,Manual,First,20.36,1197.0,78.9,5.0,11.75,2.8,16,Hyundai,4153.0,1
2040,Mercedes-Benz E-Class 2009-2013 E 200 CGI Elegance,Bangalore,2011,25000,Petrol,Automatic,Second,12.3,1796.0,185.0,5.0,22.0,22.0,15,Mercedes-Benz,1562.0,0
2041,Mahindra Bolero SLE,Hyderabad,2012,75000,Diesel,Manual,First,15.96,2523.0,62.1,7.0,10.32,4.3,14,Mahindra,5000.0,1
2042,Skoda Laura Ambition 2.0 TDI CR AT,Coimbatore,2014,85071,Diesel,Automatic,First,20.0,1968.0,138.1,5.0,11.75,9.75,12,Skoda,6544.0,1
2043,Maruti Swift ZXI,Ahmedabad,2015,40000,Petrol,Manual,First,20.4,1197.0,81.8,5.0,11.75,5.9,11,Maruti,3333.0,1
2044,Audi A4 2.0 TDI,Delhi,2013,67000,Diesel,Automatic,First,16.55,1968.0,147.51,5.0,14.5,14.5,13,Audi,4786.0,1
2045,Ford Fiesta 1.4 SXi TDCi ABS,Hyderabad,2009,55000,Diesel,Manual,Second,17.8,1399.0,68.0,5.0,11.75,2.4,17,Ford,3056.0,0
2046,Maruti SX4 Vxi BSIII,Mumbai,2008,62000,Petrol,Manual,Second,15.0,1586.0,104.68,5.0,11.75,2.11,18,Maruti,3263.0,0
2047,Hyundai Grand i10 AT Asta,Coimbatore,2017,22526,Petrol,Automatic,First,18.9,1197.0,82.0,5.0,11.75,7.6,9,Hyundai,2253.0,1
2048,Maruti Ritz AT,Hyderabad,2012,57788,Petrol,Automatic,First,17.16,1197.0,85.8,5.0,11.75,3.6,14,Maruti,3853.0,1
2049,Mahindra Scorpio 2.6 CRDe,Jaipur,2013,72000,Diesel,Manual,First,10.5,2179.0,120.0,8.0,11.75,6.0,13,Mahindra,5143.0,1
2050,Mahindra Scorpio S4 7 Seater,Mumbai,2014,83128,Diesel,Manual,First,15.4,2179.0,120.0,7.0,11.75,7.45,12,Mahindra,6394.0,1
2051,Maruti Alto LXi,Chennai,2011,75000,Petrol,Manual,First,19.7,796.0,46.3,5.0,11.75,2.1,15,Maruti,4688.0,1
2052,Renault Duster 110PS Diesel RxZ,Ahmedabad,2013,58000,Diesel,Manual,Second,19.01,1461.0,108.45,5.0,15.01,5.2,13,Renault,4143.0,0
2054,Maruti Ignis 1.2 Alpha,Mumbai,2017,1000,Petrol,Manual,First,20.89,1197.0,81.8,5.0,7.87,6.36,9,Maruti,100.0,1
2055,Toyota Innova 2.5 ZX Diesel 7 Seater,Kochi,2015,59751,Diesel,Manual,First,12.99,2494.0,100.6,7.0,11.75,11.62,11,Toyota,4979.0,1
2056,BMW 7 Series 730Ld Eminence,Kochi,2015,29966,Diesel,Automatic,Second,16.77,2993.0,261.49,5.0,140.0,43.6,11,BMW,2497.0,0
2057,Hyundai Sonata Embera 2.0L CRDi MT,Kolkata,2009,65000,Diesel,Manual,Second,13.6,1991.0,142.0,5.0,11.75,4.9,17,Hyundai,3611.0,0
2058,Renault Duster Adventure Edition,Kochi,2015,75863,Diesel,Manual,First,19.01,1461.0,108.45,5.0,11.75,6.7,11,Renault,6322.0,1
2060,Audi A4 2.0 TDI 177 Bhp Technology Edition,Bangalore,2014,24000,Diesel,Automatic,First,17.11,1968.0,174.33,5.0,25.0,25.0,12,Audi,1846.0,1
2061,Jeep Compass 2.0 Longitude,Coimbatore,2018,33218,Diesel,Manual,First,17.1,1956.0,170.0,5.0,22.46,19.05,8,Jeep,3691.0,1
2062,Hyundai Verna 1.4 VTVT,Kolkata,2015,33425,Petrol,Manual,First,17.43,1396.0,105.5,5.0,11.75,4.5,11,Hyundai,2785.0,1
2063,Honda Amaze VX i-Vtech,Pune,2013,47000,Petrol,Manual,First,18.0,1198.0,86.7,5.0,11.75,4.15,13,Honda,3357.0,1
2064,Hyundai Creta 1.6 CRDi SX Option,Chennai,2015,41000,Diesel,Manual,First,19.67,1582.0,126.2,5.0,11.9,11.9,11,Hyundai,3417.0,1
2065,Hyundai i10 Magna 1.1,Delhi,2011,62000,Petrol,Manual,First,19.81,1086.0,68.05,5.0,11.75,2.1,15,Hyundai,3875.0,1
2066,Mahindra TUV 300 T8,Delhi,2016,47035,Diesel,Manual,First,18.49,1493.0,100.0,7.0,11.75,6.95,10,Mahindra,4276.0,1
2067,Maruti Swift Dzire VXi,Pune,2008,56230,Petrol,Manual,Second,17.5,1298.0,85.8,5.0,11.75,2.4,18,Maruti,2959.0,0
2068,Hyundai Accent GLE 1,Chennai,2007,55000,Petrol,Manual,First,13.2,1495.0,94.0,5.0,11.75,2.65,19,Hyundai,2750.0,1
2069,Mahindra XUV500 W8 2WD,Jaipur,2014,70669,Diesel,Manual,First,15.1,2179.0,140.0,7.0,11.75,9.0,12,Mahindra,5436.0,1
2070,Maruti Alto K10 2010-2014 VXI,Pune,2012,69000,Petrol,Manual,First,20.92,998.0,67.1,5.0,11.75,2.1,14,Maruti,4600.0,1
2071,Chevrolet Beat LT,Pune,2011,65000,Petrol,Manual,Second,18.6,1199.0,79.4,5.0,11.75,2.5,15,Chevrolet,4062.0,0
2072,Audi A6 2.7 TDI,Mumbai,2009,30000,Diesel,Automatic,First,12.4,2698.0,179.5,5.0,11.75,8.95,17,Audi,1667.0,1
2073,Mini Cooper 5 DOOR D,Hyderabad,2017,2000,Diesel,Automatic,First,20.7,1496.0,113.98,5.0,42.48,34.0,9,Mini,200.0,1
2074,Maruti Swift 1.3 LXI,Pune,2011,24255,Petrol,Manual,First,16.1,1497.0,98.6,5.0,11.75,3.15,15,Maruti,1516.0,1
2075,Tata Zest Revotron 1.2T XMS,Chennai,2015,40000,Petrol,Manual,First,17.57,1193.0,88.7,5.0,7.69,4.0,11,Tata,3333.0,1
2076,Honda City i DTEC SV,Kolkata,2014,40000,Diesel,Manual,First,26.0,1498.0,98.6,5.0,11.75,4.45,12,Honda,3077.0,1
2077,Chevrolet Beat LT,Jaipur,2010,26000,Petrol,Manual,First,18.6,1199.0,79.4,5.0,11.75,1.5,16,Chevrolet,1529.0,1
2078,Audi A4 2.0 TDI Multitronic,Jaipur,2011,105000,Diesel,Automatic,Second,16.55,1968.0,140.0,5.0,14.5,14.5,15,Audi,6562.0,0
2079,Ford Aspire Titanium Plus Diesel,Kolkata,2015,2800,Diesel,Manual,First,26.1,1498.0,99.0,5.0,9.4,8.41,11,Ford,233.0,1
2080,Hyundai Verna SX CRDi AT,Mumbai,2014,71000,Diesel,Automatic,Second,19.08,1582.0,126.32,5.0,11.75,5.45,12,Hyundai,5462.0,0
2081,Honda City i VTEC CVT VX,Mumbai,2015,32896,Petrol,Automatic,First,18.0,1497.0,117.3,5.0,11.75,8.9,11,Honda,2741.0,1
2082,Hyundai i10 Sportz 1.2,Hyderabad,2012,45000,Petrol,Manual,First,20.36,1197.0,78.9,5.0,11.75,3.65,14,Hyundai,3000.0,1
2083,BMW X3 xDrive20d Expedition,Bangalore,2015,65000,Diesel,Automatic,Second,18.56,1995.0,190.0,5.0,29.0,29.0,11,BMW,5417.0,0
2084,Audi A4 2.0 TDI,Mumbai,2013,45200,Diesel,Automatic,First,16.55,1968.0,147.51,5.0,13.5,13.5,13,Audi,3229.0,1
2085,Honda CR-V 2.4 AT,Hyderabad,2008,82167,Petrol,Automatic,First,10.1,2354.0,152.0,5.0,11.75,5.4,18,Honda,4325.0,1
2086,Hyundai Grand i10 1.2 Kappa Asta,Coimbatore,2016,37429,Petrol,Manual,First,18.9,1197.0,81.86,5.0,8.1,5.89,10,Hyundai,3403.0,1
2087,Maruti Ciaz ZDi Plus SHVS,Hyderabad,2016,46000,Diesel,Manual,First,28.09,1248.0,88.5,5.0,11.75,8.45,10,Maruti,4182.0,1
2088,Honda City i-VTEC V,Delhi,2011,67031,Petrol,Manual,First,17.4,1497.0,117.3,5.0,11.85,4.0,15,Honda,4189.0,1
2089,BMW 6 Series 640d Coupe,Mumbai,2013,30000,Diesel,Automatic,First,9.52,2993.0,313.0,4.0,45.0,45.0,13,BMW,2143.0,1
2090,Maruti Celerio VXI AMT,Mumbai,2016,47691,Petrol,Automatic,First,23.1,998.0,67.04,5.0,6.08,3.94,10,Maruti,4336.0,1
2091,Renault Koleos 2.0 Diesel,Jaipur,2011,32531,Diesel,Automatic,Second,13.73,1995.0,148.0,5.0,11.75,8.0,15,Renault,2033.0,0
2092,Ford Figo Diesel ZXI,Hyderabad,2013,71336,Diesel,Manual,First,20.0,1399.0,68.0,5.0,11.75,4.1,13,Ford,5095.0,1
2093,Toyota Innova 2.5 V Diesel 7-seater,Chennai,2006,196000,Diesel,Manual,First,12.8,2494.0,102.0,7.0,11.75,6.25,20,Toyota,9333.0,1
2094,Maruti Dzire VDI,Kolkata,2015,28193,Diesel,Manual,First,28.4,1248.0,73.75,5.0,8.36,5.25,11,Maruti,2349.0,1
2095,Mercedes-Benz SLC 43 AMG,Coimbatore,2019,2526,Petrol,Automatic,First,19.0,2996.0,362.07,2.0,106.0,83.96,7,Mercedes-Benz,316.0,1
2096,Hyundai Santro LP zipPlus,Coimbatore,2004,52146,Petrol,Manual,First,0.0,1497.0,98.6,5.0,11.75,1.93,22,Hyundai,2267.0,1
2097,Mercedes-Benz E-Class E 220 d,Hyderabad,2013,85000,Diesel,Automatic,First,16.1,1950.0,194.0,5.0,71.15,21.0,13,Mercedes-Benz,6071.0,1
2098,Hyundai Grand i10 1.2 Kappa Sportz,Ahmedabad,2015,20780,Petrol,Manual,First,18.9,1197.0,81.86,5.0,6.82,4.3,11,Hyundai,1732.0,1
2099,Honda Mobilio S i VTEC,Mumbai,2014,43081,Petrol,Manual,First,17.3,1497.0,117.3,7.0,11.75,5.25,12,Honda,3314.0,1
2100,Porsche Cayenne Turbo S,Mumbai,2010,35000,Petrol,Automatic,Second,11.9,4806.0,550.0,5.0,32.0,32.0,16,Porsche,2059.0,0
2101,Mahindra Quanto C8,Kolkata,2013,36000,Diesel,Manual,First,17.21,1493.0,100.0,7.0,11.75,3.9,13,Mahindra,2571.0,1
2102,Toyota Corolla H5,Mumbai,2007,67000,Petrol,Manual,Third,13.4,1794.0,125.0,5.0,11.75,2.2,19,Toyota,3350.0,0
2103,Mahindra KUV 100 mFALCON D75 K4,Mumbai,2016,34079,Diesel,Manual,First,25.32,1198.0,77.0,6.0,11.75,3.7,10,Mahindra,3098.0,1
2104,BMW 3 Series 2005-2011 325i Sedan,Coimbatore,2010,77849,Petrol,Automatic,Second,10.9,2497.0,215.0,5.0,11.75,11.27,16,BMW,4579.0,0
2105,Maruti Alto 800 LXI,Jaipur,2013,86000,Petrol,Manual,First,22.74,796.0,47.3,5.0,11.75,2.41,13,Maruti,6143.0,1
2106,Audi Q3 35 TDI Quattro Premium,Pune,2015,110000,Diesel,Automatic,First,15.73,1968.0,174.33,5.0,19.0,19.0,11,Audi,9167.0,1
2107,Toyota Etios GD,Hyderabad,2015,116000,Diesel,Manual,Second,23.59,1364.0,67.05,5.0,11.75,5.8,11,Toyota,9667.0,0
2108,Mahindra XUV500 W8 2WD,Coimbatore,2016,41840,Diesel,Manual,First,15.1,2179.0,140.0,7.0,13.52,13.52,10,Mahindra,3804.0,1
2109,Toyota Fortuner 4x2 MT TRD Sportivo,Hyderabad,2015,19317,Diesel,Manual,First,13.0,2982.0,168.7,7.0,24.5,24.5,11,Toyota,1610.0,1
2111,Mercedes-Benz GLE 250d,Kochi,2017,25601,Diesel,Automatic,First,17.9,2143.0,201.15,5.0,78.76,56.73,9,Mercedes-Benz,2560.0,1
2112,Hyundai Creta 1.6 CRDi SX,Jaipur,2015,83950,Diesel,Manual,First,19.67,1582.0,126.2,5.0,11.75,9.95,11,Hyundai,6996.0,1
2113,Honda City 1.5 V AT,Pune,2012,60000,Petrol,Automatic,First,16.8,1497.0,118.0,5.0,11.75,5.5,14,Honda,4000.0,1
2114,Audi A4 35 TDI Premium,Hyderabad,2015,50000,Diesel,Automatic,First,17.11,1968.0,174.33,5.0,25.0,25.0,11,Audi,4167.0,1
2115,Maruti Zen VXI,Kolkata,2009,37000,Petrol,Manual,First,17.3,993.0,60.0,5.0,11.75,1.0,17,Maruti,2056.0,1
2116,Maruti Alto LXi,Hyderabad,2011,76976,Petrol,Manual,Second,19.7,796.0,46.3,5.0,11.75,2.15,15,Maruti,4811.0,0
2117,Maruti Baleno Delta Automatic,Kochi,2018,21684,Petrol,Automatic,First,21.4,1197.0,83.1,5.0,11.75,7.89,8,Maruti,2409.0,1
2118,Mahindra XUV500 W10 2WD,Delhi,2015,62000,Diesel,Manual,First,16.0,2179.0,140.0,7.0,11.75,10.25,11,Mahindra,5167.0,1
2119,Ford Freestyle Titanium Petrol,Mumbai,2007,1261,Petrol,Manual,First,19.0,1194.0,94.68,5.0,8.12,6.0,19,Ford,63.0,1
2120,Hyundai Elite i20 Asta Option,Coimbatore,2017,59450,Petrol,Manual,First,18.6,1197.0,81.86,5.0,9.78,7.53,9,Hyundai,5945.0,1
2121,Mercedes-Benz New C-Class C 220d Avantgarde Edition C,Coimbatore,2018,24465,Diesel,Automatic,First,19.27,2143.0,167.62,5.0,39.45,39.45,8,Mercedes-Benz,2718.0,1
2122,Honda City i VTEC SV,Delhi,2014,55000,Petrol,Manual,First,17.8,1497.0,117.3,5.0,11.75,5.84,12,Honda,4231.0,1
2123,Ford EcoSport 1.5 Ti VCT MT Titanium BE,Mumbai,2017,2000,Petrol,Manual,First,18.88,1499.0,110.4,5.0,11.75,8.65,9,Ford,200.0,1
2124,Maruti Baleno Alpha 1.2,Kochi,2017,25040,Petrol,Manual,First,21.4,1197.0,83.1,5.0,11.75,7.74,9,Maruti,2504.0,1
2125,Hyundai i10 Sportz,Bangalore,2008,84000,Petrol,Manual,First,20.36,1197.0,78.9,5.0,11.75,2.5,18,Hyundai,4421.0,1
2126,Toyota Innova 2.5 G (Diesel) 8 Seater BS IV,Pune,2007,170428,Diesel,Manual,Second,12.8,2494.0,102.0,8.0,11.75,5.7,19,Toyota,8521.0,0
2127,Maruti Baleno Delta,Mumbai,2016,12573,Petrol,Manual,First,21.4,1197.0,83.1,5.0,7.36,5.8,10,Maruti,1143.0,1
2128,Audi Q7 3.0 TDI Quattro Technology,Hyderabad,2012,88000,Diesel,Automatic,First,12.07,2967.0,241.4,7.0,36.5,36.5,14,Audi,5867.0,1
2129,Hyundai Santa Fe 2WD AT,Delhi,2012,86000,Diesel,Automatic,Second,13.01,2199.0,194.3,7.0,11.75,9.5,14,Hyundai,5733.0,0
2131,Honda City 1.5 V MT Exclusive,Mumbai,2013,45000,Petrol,Manual,First,17.0,1497.0,118.0,5.0,11.75,4.55,13,Honda,3214.0,1
2132,Hyundai i20 1.4 CRDi Magna,Jaipur,2012,51000,Diesel,Manual,First,21.9,1396.0,90.0,5.0,11.75,3.9,14,Hyundai,3400.0,1
2133,Mahindra Bolero SLE BSIII,Pune,2007,92000,Diesel,Manual,First,13.6,2523.0,63.0,7.0,11.75,2.7,19,Mahindra,4600.0,1
2134,Toyota Fortuner 2.8 2WD AT,Pune,2017,29000,Diesel,Automatic,First,12.9,2755.0,174.5,7.0,38.11,31.0,9,Toyota,2900.0,1
2135,BMW 3 Series 2005-2011 325i Sedan,Bangalore,2009,70521,Petrol,Automatic,Second,10.9,2497.0,215.0,5.0,11.75,10.3,17,BMW,3918.0,0
2136,BMW 3 Series 320d Sedan,Kolkata,2010,51000,Diesel,Automatic,First,16.07,1995.0,181.0,5.0,11.75,7.75,16,BMW,3000.0,1
2137,Maruti Wagon R LXI,Hyderabad,2012,52618,Petrol,Manual,First,18.9,998.0,67.1,5.0,4.890000000000001,3.2,14,Maruti,3508.0,1
2138,Maruti Ertiga ZDI,Delhi,2013,68000,Diesel,Manual,First,25.47,1248.0,88.5,7.0,11.75,4.85,13,Maruti,4857.0,1
2139,Land Rover Range Rover Evoque 2.0 TD4 Pure,Kochi,2016,29022,Diesel,Automatic,Second,15.68,1999.0,177.0,5.0,34.08,34.08,10,Land,2638.0,0
2140,Maruti Ertiga SHVS VDI,Chennai,2017,80000,Diesel,Manual,First,24.52,1248.0,88.5,7.0,11.75,8.1,9,Maruti,8000.0,1
2141,Tata Indigo CS eVX,Chennai,2016,78000,Diesel,Manual,Second,25.0,1396.0,69.01,5.0,11.75,2.35,10,Tata,7091.0,0
2142,Maruti Alto K10 LXI,Pune,2012,100000,Petrol,Manual,First,20.92,998.0,67.1,5.0,3.91,1.8,14,Maruti,6667.0,1
2143,Hyundai EON D Lite Plus,Coimbatore,2015,31412,Petrol,Manual,First,21.1,814.0,55.2,5.0,11.75,3.42,11,Hyundai,2618.0,1
2144,Ford Endeavour 3.0L 4X4 AT,Mumbai,2010,78000,Diesel,Automatic,Second,11.4,2953.0,153.86,7.0,11.75,5.34,16,Ford,4588.0,0
2145,Ford Endeavour 2.2 Titanium AT 4X2,Hyderabad,2018,14000,Diesel,Automatic,First,12.62,2198.0,158.0,7.0,31.99,31.99,8,Ford,1556.0,1
2146,Volkswagen Vento Diesel Highline,Bangalore,2011,80000,Diesel,Manual,First,20.54,1598.0,103.6,5.0,11.75,4.75,15,Volkswagen,5000.0,1
2147,Maruti Ciaz AT ZXi,Mumbai,2014,46738,Petrol,Automatic,First,19.12,1373.0,91.1,5.0,11.75,6.1,12,Maruti,3595.0,1
2148,Hyundai EON D Lite Plus,Coimbatore,2013,54884,Petrol,Manual,Second,21.1,814.0,55.2,5.0,11.75,3.69,13,Hyundai,3920.0,0
2149,Audi Q5 2.0 TDI Premium Plus,Delhi,2012,74500,Diesel,Automatic,Second,14.16,1968.0,174.3,5.0,15.0,15.0,14,Audi,4967.0,0
2150,Mahindra XUV500 W10 AWD,Coimbatore,2016,67472,Diesel,Manual,First,16.0,2179.0,140.0,7.0,14.5,14.5,10,Mahindra,6134.0,1
2151,Maruti Swift VDI,Hyderabad,2013,84000,Diesel,Manual,First,28.4,1248.0,74.0,5.0,8.44,5.65,13,Maruti,6000.0,1
2152,Maruti Ritz VDi,Kolkata,2011,77400,Diesel,Manual,First,21.1,1248.0,73.9,5.0,11.75,2.5,15,Maruti,4838.0,1
2153,Mercedes-Benz New C-Class C 250 CDI Avantgarde,Mumbai,2017,14470,Diesel,Automatic,First,19.71,2143.0,201.15,5.0,38.5,38.5,9,Mercedes-Benz,1447.0,1
2154,Renault Duster 110PS Diesel RxZ,Kolkata,2014,52108,Diesel,Manual,First,19.01,1461.0,108.45,5.0,15.01,5.49,12,Renault,4008.0,1
2155,Maruti Swift Dzire VXI,Kolkata,2013,40000,Petrol,Manual,First,19.1,1197.0,85.8,5.0,11.75,3.55,13,Maruti,2857.0,1
2156,Toyota Innova 2.5 VX (Diesel) 7 Seater,Jaipur,2014,105044,Diesel,Manual,First,12.99,2494.0,100.6,7.0,11.75,10.75,12,Toyota,8080.0,1
2157,Hyundai Creta 1.6 SX Option,Delhi,2016,24347,Petrol,Manual,First,15.8,1591.0,121.3,5.0,16.06,11.0,10,Hyundai,2213.0,1
2158,Maruti SX4 ZDI,Ahmedabad,2014,58000,Diesel,Manual,First,21.79,1248.0,88.73,5.0,11.75,4.5,12,Maruti,4462.0,1
2159,Mahindra XUV500 W8 2WD,Kochi,2014,49663,Diesel,Manual,First,15.1,2179.0,140.0,7.0,11.75,8.42,12,Mahindra,3820.0,1
2160,Honda City i-VTEC CVT VX,Mumbai,2017,17000,Petrol,Automatic,First,18.0,1497.0,117.3,5.0,15.29,11.6,9,Honda,1700.0,1
2161,Jaguar XF 2.2 Litre Luxury,Kochi,2016,13418,Diesel,Automatic,First,16.36,2179.0,187.7,5.0,33.63,33.63,10,Jaguar,1220.0,1
2162,Ford Fiesta 1.4 SXi TDCi ABS,Pune,2008,117080,Diesel,Manual,Third,17.8,1399.0,68.0,5.0,11.75,2.25,18,Ford,6162.0,0
2163,BMW 5 Series 523i Sedan,Mumbai,2010,74000,Petrol,Automatic,First,10.8,2497.0,150.0,5.0,12.95,12.95,16,BMW,4353.0,1
2165,Audi A6 2011-2015 2.0 TDI Premium Plus,Coimbatore,2014,66882,Diesel,Automatic,First,17.68,1968.0,174.33,5.0,25.02,25.02,12,Audi,5145.0,1
2166,Honda Brio 1.2 VX MT,Kochi,2014,41460,Petrol,Manual,First,18.5,1198.0,86.8,5.0,6.63,3.95,12,Honda,3189.0,1
2167,Honda City 1.5 V AT,Mumbai,2011,57000,Petrol,Automatic,First,16.8,1497.0,118.0,5.0,11.75,4.4,15,Honda,3562.0,1
2168,Volkswagen Polo Petrol Comfortline 1.2L,Bangalore,2015,34010,Petrol,Manual,Third,16.47,1198.0,73.9,5.0,11.75,4.95,11,Volkswagen,2834.0,0
2169,Mahindra Scorpio SLE BSIII,Pune,2010,96813,Diesel,Manual,Second,12.05,2179.0,120.0,8.0,11.75,5.5,16,Mahindra,5695.0,0
2170,Honda City V MT,Mumbai,2011,84000,Petrol,Manual,First,16.8,1497.0,116.3,5.0,11.75,3.25,15,Honda,5250.0,1
2171,Skoda Rapid 1.6 MPI Elegance,Kochi,2013,50004,Petrol,Manual,First,15.0,1598.0,103.5,5.0,11.75,4.02,13,Skoda,3572.0,1
2172,Mahindra XUV500 W6 2WD,Coimbatore,2016,67995,Diesel,Manual,First,16.0,2179.0,140.0,7.0,11.75,11.73,10,Mahindra,6181.0,1
2173,Volkswagen Jetta 2007-2011 2.0 TDI Trendline,Chennai,2012,55000,Diesel,Manual,First,15.0,1896.0,105.0,5.0,11.75,9.5,14,Volkswagen,3667.0,1
2174,Maruti Baleno Alpha Automatic,Hyderabad,2017,14900,Petrol,Automatic,First,21.4,1197.0,83.1,5.0,11.75,8.6,9,Maruti,1490.0,1
2175,Honda Amaze EX i-Dtech,Jaipur,2013,70961,Diesel,Manual,First,25.8,1498.0,98.6,5.0,11.75,4.0,13,Honda,5069.0,1
2176,Volkswagen Vento 1.6 Highline,Mumbai,2015,40194,Petrol,Manual,First,15.04,1598.0,103.2,5.0,11.91,5.55,11,Volkswagen,3350.0,1
2177,Maruti Alto 800 LXI,Hyderabad,2015,96000,Petrol,Manual,First,22.74,796.0,47.3,5.0,11.75,2.5,11,Maruti,8000.0,1
2178,Land Rover Discovery HSE Luxury 3.0 TD6,Mumbai,2017,35000,Diesel,Automatic,First,18.0,2993.0,255.0,7.0,127.0,41.6,9,Land,3500.0,1
2179,Honda City i VTEC CVT VX,Delhi,2015,50000,Petrol,Automatic,First,18.0,1497.0,117.3,5.0,11.75,7.41,11,Honda,4167.0,1
2180,Nissan Terrano XL 110 PS,Mumbai,2014,50000,Diesel,Manual,First,19.01,1461.0,108.5,5.0,11.75,6.5,12,Nissan,3846.0,1
2181,Maruti Alto LXi,Mumbai,2008,26299,Petrol,Manual,First,19.7,796.0,46.3,5.0,11.75,1.2,18,Maruti,1384.0,1
2182,Toyota Fortuner 2.8 4WD MT,Bangalore,2015,150386,Diesel,Manual,First,14.24,2755.0,174.5,7.0,39.6,23.0,11,Toyota,12532.0,1
2183,Hyundai i20 1.4 CRDi Magna,Kolkata,2012,60000,Diesel,Manual,First,21.9,1396.0,90.0,5.0,11.75,2.74,14,Hyundai,4000.0,1
2184,Ford Figo Diesel Titanium,Hyderabad,2013,65000,Diesel,Manual,First,20.0,1399.0,68.0,5.0,11.75,3.9,13,Ford,4643.0,1
2185,Maruti Vitara Brezza ZDi Plus,Ahmedabad,2017,80000,Diesel,Manual,First,24.3,1248.0,88.5,5.0,10.91,8.0,9,Maruti,8000.0,1
2186,Hyundai Verna 1.6 SX,Chennai,2012,92000,Diesel,Manual,Third,22.32,1582.0,126.32,5.0,11.75,4.0,14,Hyundai,6133.0,0
2187,Hyundai Tucson 2.0 Dual VTVT 2WD AT GL,Mumbai,2016,13000,Petrol,Automatic,First,12.95,1999.0,152.88,5.0,25.75,17.75,10,Hyundai,1182.0,1
2188,Maruti Ritz VDi,Coimbatore,2013,73278,Diesel,Manual,First,21.1,1248.0,73.9,5.0,11.75,5.05,13,Maruti,5234.0,1
2189,Audi A4 2.0 TFSI,Mumbai,2011,38000,Petrol,Automatic,First,10.8,1984.0,132.0,5.0,12.0,12.0,15,Audi,2375.0,1
2190,Mercedes-Benz E-Class E250 CDI Launch Edition,Kochi,2016,46936,Diesel,Automatic,First,13.0,2143.0,204.0,5.0,29.6,29.6,10,Mercedes-Benz,4267.0,1
2191,Renault Duster 85PS Diesel RxE,Jaipur,2015,55000,Diesel,Manual,First,19.87,1461.0,83.8,5.0,11.27,6.5,11,Renault,4583.0,1
2192,Honda Amaze S AT i-Vtech,Mumbai,2014,19000,Petrol,Automatic,First,15.5,1198.0,86.7,5.0,11.75,4.75,12,Honda,1462.0,1
2193,Volvo S60 D4 SUMMUM,Coimbatore,2016,42259,Diesel,Automatic,First,9.0,1984.0,181.0,5.0,24.36,24.36,10,Volvo,3842.0,1
2194,Maruti Swift Dzire 1.2 Lxi BSIV,Mumbai,2011,14000,Petrol,Manual,Second,17.5,1197.0,85.8,5.0,11.75,3.2,15,Maruti,875.0,0
2195,Maruti Wagon R VXI,Kolkata,2016,16956,Petrol,Manual,First,22.5,998.0,67.04,5.0,5.29,3.6,10,Maruti,1541.0,1
2196,Maruti Omni MPI STD BSIV,Coimbatore,2017,15473,Petrol,Manual,First,16.8,796.0,34.2,5.0,11.75,3.58,9,Maruti,1547.0,1
2197,Maruti SX4 VDI,Delhi,2011,75000,Diesel,Manual,First,21.5,1248.0,88.8,5.0,11.75,2.5,15,Maruti,4688.0,1
2198,Ford Fiesta Titanium 1.5 TDCi,Ahmedabad,2013,96000,Diesel,Manual,Second,23.5,1498.0,90.0,5.0,11.75,3.5,13,Ford,6857.0,0
2199,Toyota Camry Hybrid,Delhi,2015,25000,Petrol,Automatic,First,19.16,2494.0,158.2,5.0,25.0,25.0,11,Toyota,2083.0,1
2200,Maruti Wagon R VXI,Mumbai,2010,38000,Petrol,Manual,Second,22.5,998.0,67.04,5.0,5.61,1.75,16,Maruti,2235.0,0
2201,Mercedes-Benz E-Class E270 CDI,Bangalore,2005,54000,Diesel,Automatic,First,11.0,2987.0,198.5,5.0,11.75,10.0,21,Mercedes-Benz,2455.0,1
2202,Maruti Baleno Zeta Automatic,Jaipur,2018,4131,Petrol,Automatic,First,21.4,1197.0,83.1,5.0,11.75,7.75,8,Maruti,459.0,1
2203,Honda Jazz 1.2 VX i VTEC,Hyderabad,2016,31700,Petrol,Manual,First,18.7,1199.0,88.7,5.0,11.75,6.45,10,Honda,2882.0,1
2204,Mahindra Scorpio S10 AT 4WD,Pune,2017,66988,Diesel,Automatic,First,15.4,2179.0,120.0,7.0,11.75,10.0,9,Mahindra,6699.0,1
2205,Volkswagen Polo 1.2 MPI Trendline,Mumbai,2014,54230,Petrol,Manual,First,16.47,1198.0,74.0,5.0,11.75,4.5,12,Volkswagen,4172.0,1
2206,Hyundai i20 1.2 Era,Kolkata,2015,35000,Petrol,Manual,First,17.0,1197.0,80.0,5.0,11.75,3.4,11,Hyundai,2917.0,1
2207,Toyota Camry W4 (AT),Mumbai,2010,62714,Petrol,Automatic,First,12.1,2362.0,164.7,5.0,11.75,4.5,16,Toyota,3689.0,1
2208,Maruti Wagon R VXI,Hyderabad,2015,45295,Petrol,Manual,First,18.9,998.0,67.1,5.0,5.44,4.3,11,Maruti,3775.0,1
2209,BMW 5 Series 2013-2017 520d M Sport,Pune,2018,7000,Diesel,Automatic,First,18.12,1995.0,190.0,5.0,46.0,46.0,8,BMW,778.0,1
2210,Maruti Alto K10 VXI AGS,Chennai,2016,57000,Petrol,Automatic,First,24.07,998.0,67.1,5.0,11.75,3.4,10,Maruti,5182.0,1
2211,Mercedes-Benz New C-Class 220 CDI AT,Delhi,2013,40100,Diesel,Automatic,First,14.84,2143.0,170.0,5.0,14.5,14.5,13,Mercedes-Benz,2864.0,1
2212,Maruti Alto 800 2016-2019 LXI,Delhi,2013,56000,Petrol,Manual,First,24.7,796.0,47.3,5.0,11.75,2.1,13,Maruti,4000.0,1
2213,Maruti Swift VXI,Mumbai,2012,15000,Petrol,Manual,First,18.6,1197.0,85.8,5.0,6.995,3.65,14,Maruti,1000.0,1
2214,Chevrolet Sail Hatchback 1.2 LS ABS,Kolkata,2014,14000,Petrol,Manual,First,18.2,1199.0,82.5,5.0,11.75,3.0,12,Chevrolet,1077.0,1
2215,Hyundai i20 Asta 1.4 CRDi (Diesel),Ahmedabad,2009,68000,Diesel,Manual,Second,23.0,1396.0,90.0,5.0,11.75,3.95,17,Hyundai,3778.0,0
2216,Skoda Superb 2.5 TDi AT,Delhi,2012,83000,Diesel,Automatic,First,11.9,2496.0,163.2,5.0,11.75,6.75,14,Skoda,5533.0,1
2217,Toyota Corolla Altis D-4D G,Kochi,2013,81504,Diesel,Manual,First,21.43,1364.0,87.2,5.0,11.75,6.53,13,Toyota,5822.0,1
2218,Toyota Fortuner 4x2 Manual,Hyderabad,2015,73500,Diesel,Manual,First,13.0,2982.0,168.5,7.0,22.0,22.0,11,Toyota,6125.0,1
2219,Skoda Rapid 1.6 MPI AT Elegance,Pune,2013,52900,Petrol,Automatic,First,14.3,1598.0,103.52,5.0,11.75,4.75,13,Skoda,3779.0,1
2220,Honda Brio 1.2 VX AT,Mumbai,2017,20000,Petrol,Automatic,First,16.5,1198.0,86.8,5.0,8.05,5.99,9,Honda,2000.0,1
2221,Volkswagen Polo Petrol Comfortline 1.2L,Jaipur,2011,46000,Petrol,Manual,First,16.47,1198.0,73.9,5.0,11.75,3.05,15,Volkswagen,2875.0,1
2222,Volkswagen Polo Petrol Comfortline 1.2L,Delhi,2010,65000,Petrol,Manual,First,16.47,1198.0,73.9,5.0,11.75,2.4,16,Volkswagen,3824.0,1
2223,Maruti Zen Estilo LXI BSIII,Pune,2007,42000,Petrol,Manual,Third,18.2,998.0,67.1,5.0,11.75,1.3,19,Maruti,2100.0,0
2224,Toyota Etios Cross 1.4L GD,Kochi,2016,36681,Diesel,Manual,First,23.59,1364.0,67.06,5.0,8.82,6.71,10,Toyota,3335.0,1
2225,Mahindra XUV500 W8 2WD,Ahmedabad,2014,67000,Diesel,Manual,Second,15.1,2179.0,140.0,7.0,11.75,7.2,12,Mahindra,5154.0,0
2226,Hyundai Grand i10 AT Asta,Chennai,2016,18000,Petrol,Automatic,First,18.9,1197.0,82.0,5.0,11.75,5.4,10,Hyundai,1636.0,1
2227,Ford Ecosport 1.5 DV5 MT Titanium Optional,Kochi,2015,56409,Diesel,Manual,First,22.7,1498.0,89.84,5.0,11.75,6.63,11,Ford,4701.0,1
2229,Honda City i-VTEC CVT ZX,Coimbatore,2018,20300,Petrol,Automatic,First,18.0,1497.0,117.3,5.0,17.38,14.21,8,Honda,2256.0,1
2230,Honda City 1.5 V MT,Kolkata,2010,45008,Petrol,Manual,First,17.0,1497.0,118.0,5.0,11.75,3.0,16,Honda,2648.0,1
2231,Maruti Celerio ZXI MT,Kochi,2017,21799,Petrol,Manual,First,23.1,998.0,67.04,5.0,5.69,5.11,9,Maruti,2180.0,1
2232,Volkswagen Vento Petrol Highline,Pune,2011,57328,Petrol,Manual,First,15.04,1598.0,103.6,5.0,11.75,3.39,15,Volkswagen,3583.0,1
2233,Toyota Innova Crysta 2.8 ZX AT,Hyderabad,2017,35358,Diesel,Automatic,First,11.36,2755.0,171.5,7.0,26.56,22.99,9,Toyota,3536.0,1
2234,Hyundai i20 Magna,Delhi,2009,46946,Petrol,Manual,Second,18.5,1197.0,80.0,5.0,11.75,2.35,17,Hyundai,2608.0,0
2235,Maruti Ritz VDi,Kolkata,2012,39772,Diesel,Manual,First,23.2,1248.0,73.94,5.0,11.75,2.85,14,Maruti,2651.0,1
2236,Audi A6 2011-2015 2.0 TDI Premium Plus,Delhi,2014,58000,Diesel,Automatic,First,17.68,1968.0,174.33,5.0,18.5,18.5,12,Audi,4462.0,1
2237,Renault Duster Petrol RxL,Bangalore,2014,52000,Petrol,Manual,First,13.24,1598.0,102.57,5.0,11.75,5.99,12,Renault,4000.0,1
2238,Honda Civic 2006-2010 1.8 V MT,Hyderabad,2008,152000,Petrol,Manual,Second,13.5,1799.0,130.0,5.0,11.75,3.0,18,Honda,8000.0,0
2239,Tata Tiago 1.2 Revotron XT,Jaipur,2016,42700,Petrol,Manual,First,23.84,1199.0,84.0,5.0,5.61,3.6,10,Tata,3882.0,1
2240,Audi A4 2.0 TDI,Hyderabad,2014,60000,Diesel,Automatic,First,16.55,1968.0,147.51,5.0,24.0,24.0,12,Audi,4615.0,1
2241,Maruti Swift Dzire VXI,Coimbatore,2015,33195,Petrol,Manual,First,19.1,1197.0,85.8,5.0,11.75,6.26,11,Maruti,2766.0,1
2242,Toyota Fortuner 2.8 4WD MT,Hyderabad,2010,110000,Diesel,Manual,First,14.24,2755.0,174.5,7.0,37.51,13.7,16,Toyota,6471.0,1
2243,Mercedes-Benz M-Class ML 250 CDI,Mumbai,2016,52000,Diesel,Automatic,First,15.26,2143.0,203.2,5.0,35.0,35.0,10,Mercedes-Benz,4727.0,1
2244,Hyundai i20 Magna 1.4 CRDi,Kochi,2015,64399,Diesel,Manual,First,21.9,1396.0,90.0,5.0,11.75,5.02,11,Hyundai,5367.0,1
2245,Maruti Wagon R VXI 1.2,Mumbai,2015,55000,Petrol,Manual,First,21.5,1197.0,81.8,5.0,5.88,3.1,11,Maruti,4583.0,1
2246,Volkswagen Vento Diesel Highline,Bangalore,2012,50000,Diesel,Manual,First,20.54,1598.0,103.6,5.0,11.75,5.5,14,Volkswagen,3333.0,1
2247,Maruti Swift Dzire VXI,Kolkata,2014,33485,Petrol,Manual,First,19.1,1197.0,85.8,5.0,11.75,3.59,12,Maruti,2576.0,1
2248,Fiat Linea Emotion (Diesel),Kolkata,2015,32000,Diesel,Manual,First,20.4,1248.0,91.7,5.0,11.75,4.65,11,Fiat,2667.0,1
2249,Honda City 1.5 V MT,Bangalore,2009,71400,Petrol,Manual,Third,17.0,1497.0,118.0,5.0,11.75,3.8,17,Honda,3967.0,0
2250,Hyundai Creta 1.6 SX Plus Diesel,Hyderabad,2016,41713,Diesel,Manual,First,19.67,1582.0,126.2,5.0,12.5,12.5,10,Hyundai,3792.0,1
2251,Honda City i-DTEC ZX,Hyderabad,2017,46000,Diesel,Manual,First,25.6,1498.0,98.6,5.0,16.95,12.9,9,Honda,4600.0,1
2252,Maruti Omni 8 Seater BSIV,Hyderabad,2015,52950,Petrol,Manual,First,14.0,796.0,35.0,5.0,11.75,2.35,11,Maruti,4412.0,1
2253,Maruti Swift LXI Option,Chennai,2015,29500,Petrol,Manual,First,20.4,1197.0,81.8,5.0,11.75,4.15,11,Maruti,2458.0,1
2254,Mercedes-Benz M-Class ML 350 CDI Corporate,Coimbatore,2012,63888,Diesel,Automatic,First,14.0,2987.0,224.0,5.0,22.58,22.58,14,Mercedes-Benz,4259.0,1
2255,Maruti Alto 800 2016-2019 LXI,Ahmedabad,2016,60000,Petrol,Manual,First,24.7,796.0,47.3,5.0,11.75,2.65,10,Maruti,5455.0,1
2256,Ford Figo Petrol Titanium,Delhi,2010,59196,Petrol,Manual,Second,15.6,1196.0,70.0,5.0,11.75,2.25,16,Ford,3482.0,0
2257,Toyota Innova Crysta 2.4 G MT,Hyderabad,2016,121362,Diesel,Manual,First,13.68,2393.0,147.8,7.0,16.0,16.0,10,Toyota,11033.0,1
2258,BMW 5 Series 2003-2012 520d,Mumbai,2013,78000,Diesel,Automatic,First,18.48,1995.0,177.0,5.0,19.5,19.5,13,BMW,5571.0,1
2259,Hyundai Santa Fe 4WD AT,Bangalore,2015,59000,Diesel,Automatic,First,13.01,2199.0,194.3,7.0,21.0,21.0,11,Hyundai,4917.0,1
2260,BMW 5 Series 520d Luxury Line,Ahmedabad,2012,95000,Diesel,Automatic,Second,22.48,1995.0,190.0,5.0,63.71,17.5,14,BMW,6333.0,0
2261,Ford Fiesta EXi 1.4 TDCi Ltd,Hyderabad,2010,84000,Diesel,Manual,Second,17.8,1399.0,68.0,5.0,11.75,2.41,16,Ford,4941.0,0
2263,Land Rover Range Rover 2.2L Prestige,Coimbatore,2014,64557,Diesel,Automatic,Second,12.7,2179.0,187.7,5.0,29.93,29.93,12,Land,4966.0,0
2264,Toyota Etios Liva V,Pune,2012,24500,Petrol,Manual,Second,18.3,1497.0,98.6,5.0,11.75,2.95,14,Toyota,1633.0,0
2265,Maruti Alto LX,Kolkata,2009,68078,Petrol,Manual,First,19.7,796.0,46.3,5.0,11.75,1.02,17,Maruti,3782.0,1
2266,Toyota Fortuner 3.0 Diesel,Jaipur,2009,149706,Diesel,Manual,First,11.5,2982.0,171.0,7.0,11.75,11.0,17,Toyota,8317.0,1
2268,Ford Ecosport 1.5 Ti VCT MT Titanium,Mumbai,2013,25984,Petrol,Manual,First,15.8,1499.0,110.0,5.0,11.75,5.35,13,Ford,1856.0,1
2269,Maruti Baleno Sigma 1.2,Mumbai,2017,15544,Petrol,Manual,First,21.4,1197.0,83.1,5.0,11.75,5.65,9,Maruti,1554.0,1
2270,Mini Cooper Countryman D High,Mumbai,2015,34000,Diesel,Automatic,First,23.8,1998.0,112.0,5.0,22.0,22.0,11,Mini,2833.0,1
2271,Hyundai Verna 1.6 VTVT EX AT,Mumbai,2013,24000,Petrol,Automatic,First,17.01,1591.0,121.4,5.0,11.75,5.95,13,Hyundai,1714.0,1
2272,Ford Figo Diesel Titanium,Pune,2011,95000,Diesel,Manual,Third,20.0,1399.0,68.0,5.0,11.75,2.35,15,Ford,5938.0,0
2273,Honda Amaze S i-Dtech,Pune,2014,52000,Diesel,Manual,Second,25.8,1498.0,98.6,5.0,11.75,4.1,12,Honda,4000.0,0
2274,Renault Duster 110PS Diesel RxZ,Pune,2012,135000,Diesel,Manual,First,19.01,1461.0,108.45,5.0,15.01,5.4,14,Renault,9000.0,1
2275,Ford EcoSport 1.5 Diesel Titanium,Delhi,2017,39000,Diesel,Manual,First,23.0,1498.0,98.96,5.0,11.47,8.45,9,Ford,3900.0,1
2276,BMW X6 xDrive30d,Jaipur,2013,45306,Diesel,Automatic,Second,11.2,2993.0,241.0,4.0,42.5,42.5,13,BMW,3236.0,0
2277,Toyota Fortuner 2.8 4WD MT,Mumbai,2010,140000,Diesel,Manual,First,14.24,2755.0,174.5,7.0,37.46,10.75,16,Toyota,8235.0,1
2279,Mahindra Ssangyong Rexton RX7,Kochi,2015,67415,Diesel,Automatic,First,11.18,2696.0,184.0,7.0,11.75,11.03,11,Mahindra,5618.0,1
2280,Maruti Celerio VXI,Kolkata,2016,25562,Petrol,Manual,First,23.1,998.0,67.04,5.0,11.75,3.5,10,Maruti,2324.0,1
2281,Hyundai i20 Sportz 1.2,Jaipur,2016,30292,Petrol,Manual,First,18.6,1197.0,81.83,5.0,11.75,6.3,10,Hyundai,2754.0,1
2282,Ford EcoSport 1.0 Ecoboost Titanium Plus,Bangalore,2014,84056,Petrol,Manual,First,18.88,999.0,123.24,5.0,11.75,6.75,12,Ford,6466.0,1
2283,Maruti Ciaz VDi,Jaipur,2017,62691,Diesel,Manual,First,26.21,1248.0,88.5,5.0,11.75,7.5,9,Maruti,6269.0,1
2284,Audi A4 2.0 TDI 177 Bhp Premium Plus,Pune,2013,87000,Diesel,Automatic,First,17.11,1968.0,174.33,5.0,15.5,15.5,13,Audi,6214.0,1
2285,Honda Amaze S i-Vtech,Delhi,2015,52513,Petrol,Manual,First,18.0,1198.0,86.7,5.0,11.75,4.65,11,Honda,4376.0,1
2286,Ford EcoSport 1.5 Ti VCT AT Titanium,Kochi,2016,43983,Petrol,Automatic,First,15.63,1499.0,110.4,5.0,11.75,7.58,10,Ford,3998.0,1
2287,Maruti Alto K10 2010-2014 VXI,Hyderabad,2013,90121,Petrol,Manual,First,20.92,998.0,67.1,5.0,11.75,2.2,13,Maruti,6437.0,1
2288,Audi A6 3.0 TDI quattro,Bangalore,2011,50000,Diesel,Automatic,Third,16.77,2967.0,241.38,5.0,21.0,21.0,15,Audi,3125.0,0
2289,Volkswagen Passat Diesel Highline 2.0 TDI,Kolkata,2011,42500,Diesel,Automatic,First,18.33,1968.0,167.7,5.0,11.75,5.25,15,Volkswagen,2656.0,1
2290,Maruti Swift VDI,Kochi,2016,62192,Diesel,Manual,First,28.4,1248.0,74.0,5.0,7.88,5.22,10,Maruti,5654.0,1
2291,Mahindra Logan Diesel 1.5 DLS,Chennai,2011,128000,Diesel,Manual,Third,19.2,1461.0,65.0,5.0,11.75,2.0,15,Mahindra,8000.0,0
2292,Maruti Ciaz Alpha,Kochi,2018,38394,Petrol,Manual,First,21.56,1462.0,103.25,5.0,11.37,9.18,8,Maruti,4266.0,1
2293,Tata Nano Lx,Coimbatore,2013,37287,Petrol,Manual,First,26.0,624.0,35.0,4.0,11.75,1.74,13,Tata,2663.0,1
2294,Honda City 1.5 V AT,Delhi,2011,60000,Petrol,Automatic,First,16.8,1497.0,118.0,5.0,11.75,4.45,15,Honda,3750.0,1
2295,Ford Figo 2015-2019 1.2P Trend MT,Coimbatore,2017,39419,Petrol,Manual,First,18.16,1196.0,86.8,5.0,11.75,4.95,9,Ford,3942.0,1
2296,Hyundai i20 Sportz 1.4 CRDi,Delhi,2014,55000,Diesel,Manual,First,22.54,1396.0,88.73,5.0,11.75,5.64,12,Hyundai,4231.0,1
2297,Ford EcoSport 1.5 Ti VCT MT Titanium BE,Mumbai,2016,7000,Petrol,Manual,First,18.88,1499.0,110.4,5.0,11.75,6.9,10,Ford,636.0,1
2298,Audi A4 2.0 TDI,Hyderabad,2011,85000,Diesel,Automatic,First,16.55,1968.0,147.51,5.0,13.95,13.95,15,Audi,5312.0,1
2299,BMW 1 Series 118d Sport Line,Hyderabad,2013,51000,Diesel,Automatic,Second,20.58,1995.0,143.0,5.0,17.0,17.0,13,BMW,3643.0,0
2300,Tata Safari DICOR 2.2 LX 4x2,Bangalore,2012,90000,Diesel,Manual,Second,13.93,2179.0,138.03,7.0,11.75,4.6,14,Tata,6000.0,0
2301,Mahindra Scorpio VLX 4WD AIRBAG BSIV,Jaipur,2010,105000,Diesel,Manual,Second,12.05,2179.0,120.0,8.0,11.75,5.21,16,Mahindra,6176.0,0
2302,Hyundai Creta 1.6 SX Plus Dual Tone Petrol,Coimbatore,2017,36458,Petrol,Manual,First,15.29,1591.0,121.3,5.0,12.34,12.34,9,Hyundai,3646.0,1
2303,Honda City ZX VTEC,Chennai,2006,109000,Petrol,Manual,First,16.9,1497.0,100.0,5.0,11.75,1.5,20,Honda,5190.0,1
2304,BMW X1 sDrive 20d Sportline,Delhi,2015,49000,Diesel,Automatic,First,17.05,1995.0,184.0,5.0,22.99,22.99,11,BMW,4083.0,1
2306,Land Rover Range Rover Sport 2005 2012 HSE,Hyderabad,2010,45000,Diesel,Automatic,First,14.7,2993.0,241.4,6.0,40.0,40.0,16,Land,2647.0,1
2307,Maruti Alto LXi BSIII,Chennai,2008,68000,Petrol,Manual,Third,19.7,796.0,46.3,5.0,11.75,1.2,18,Maruti,3579.0,0
2308,Hyundai i10 Asta Sunroof AT,Mumbai,2011,54000,Petrol,Automatic,First,19.2,1197.0,80.0,5.0,11.75,2.9,15,Hyundai,3375.0,1
2309,Hyundai Elantra 2.0 SX Option AT,Delhi,2016,28000,Petrol,Automatic,First,14.62,1999.0,149.92,5.0,21.77,13.9,10,Hyundai,2545.0,1
2310,Maruti Ciaz RS ZDi Plus SHVS,Delhi,2016,38500,Diesel,Manual,Second,28.09,1248.0,88.5,5.0,11.75,7.85,10,Maruti,3500.0,0
2311,BMW X5 xDrive 30d,Coimbatore,2016,17738,Diesel,Automatic,First,15.3,2993.0,258.0,5.0,54.45,54.45,10,BMW,1613.0,1
2312,Chevrolet Tavera LT 9 Str BS IV,Kolkata,2012,67132,Diesel,Manual,First,13.58,2499.0,78.0,9.0,11.75,4.75,14,Chevrolet,4475.0,1
2313,Volkswagen Vento 1.5 TDI Trendline,Mumbai,2011,47000,Diesel,Manual,First,20.64,1498.0,108.5,5.0,11.3,3.25,15,Volkswagen,2938.0,1
2314,Honda City i VTEC V,Mumbai,2015,28005,Petrol,Manual,First,17.8,1497.0,117.3,5.0,11.75,7.1,11,Honda,2334.0,1
2315,Maruti Swift VXI BSIV,Kolkata,2017,13000,Petrol,Manual,First,20.4,1197.0,81.8,5.0,11.75,4.65,9,Maruti,1300.0,1
2316,Volkswagen Jetta 2012-2014 2.0L TDI Comfortline,Kolkata,2012,67000,Diesel,Manual,First,19.33,1968.0,138.1,5.0,11.75,5.0,14,Volkswagen,4467.0,1
2317,Hyundai i20 Sportz 1.2,Delhi,2015,50000,Petrol,Manual,First,18.6,1197.0,81.83,5.0,11.75,4.95,11,Hyundai,4167.0,1
2318,Mahindra XUV500 W8 2WD,Bangalore,2014,55000,Diesel,Manual,First,15.1,2179.0,140.0,7.0,11.75,9.8,12,Mahindra,4231.0,1
2319,Mercedes-Benz E-Class E 350 d,Coimbatore,2019,9312,Diesel,Automatic,First,18.0,2987.0,258.0,5.0,92.5,78.8,7,Mercedes-Benz,1164.0,1
2320,Maruti Celerio LXI,Kolkata,2015,30458,Petrol,Manual,First,23.1,998.0,67.04,5.0,11.75,2.99,11,Maruti,2538.0,1
2321,Volkswagen Vento 1.6 Highline,Mumbai,2014,46000,Petrol,Manual,First,15.04,1598.0,103.2,5.0,11.91,4.45,12,Volkswagen,3538.0,1
2322,Tata Nano XT,Pune,2011,50000,Petrol,Manual,Second,23.9,624.0,37.48,4.0,11.75,0.75,15,Tata,3125.0,0
2324,Ford EcoSport 1.5 TDCi Titanium,Chennai,2014,72563,Diesel,Manual,Second,22.77,1498.0,98.59,5.0,11.75,5.0,12,Ford,5582.0,0
2325,Maruti Swift 1.3 VXI ABS,Pune,2015,67000,Petrol,Manual,First,16.1,1497.0,98.6,5.0,11.75,4.7,11,Maruti,5583.0,1
2326,Hyundai Elantra 2.0 SX Option AT,Coimbatore,2015,58239,Petrol,Automatic,First,14.62,1999.0,149.92,5.0,23.64,9.69,11,Hyundai,4853.0,1
2327,Chevrolet Enjoy 1.3 TCDi LTZ 8,Coimbatore,2015,57934,Diesel,Manual,First,18.2,1248.0,73.74,8.0,11.75,5.5,11,Chevrolet,4828.0,1
2328,BMW X5 xDrive 30d M Sport,Chennai,2017,650000,Diesel,Automatic,First,15.97,2993.0,258.0,5.0,65.0,65.0,9,BMW,65000.0,1
2329,Volkswagen Polo 1.5 TDI Highline,Jaipur,2015,63000,Diesel,Manual,First,20.14,1498.0,88.8,5.0,10.15,5.11,11,Volkswagen,5250.0,1
2330,Skoda Fabia 1.2 MPI Ambition Plus,Mumbai,2012,27014,Petrol,Manual,First,16.25,1198.0,75.0,5.0,11.75,2.19,14,Skoda,1801.0,1
2331,Volkswagen Vento Diesel Comfortline,Chennai,2012,90906,Diesel,Manual,First,20.54,1598.0,103.6,5.0,11.75,4.25,14,Volkswagen,6060.0,1
2332,Mahindra Ssangyong Rexton RX7,Hyderabad,2013,61202,Diesel,Automatic,First,11.18,2696.0,184.0,7.0,14.5,14.5,13,Mahindra,4372.0,1
2333,Nissan Terrano XL D Option,Mumbai,2014,51000,Diesel,Manual,First,19.87,1461.0,83.14,5.0,15.06,5.65,12,Nissan,3923.0,1
2334,Toyota Fortuner 2.8 2WD AT,Ahmedabad,2016,88008,Diesel,Automatic,Second,12.9,2755.0,174.5,7.0,34.45,22.5,10,Toyota,8001.0,0
2335,Maruti Swift 1.3 VXi,Mumbai,2007,55000,Petrol,Manual,Second,16.1,1497.0,98.6,5.0,11.75,1.75,19,Maruti,2750.0,0
2336,Toyota Corolla H4,Jaipur,2004,160000,Petrol,Automatic,Second,11.3,1794.0,125.0,5.0,11.75,1.5,22,Toyota,6957.0,0
2337,Hyundai i10 Sportz,Kochi,2012,42591,Petrol,Manual,First,20.36,1197.0,78.9,5.0,11.75,3.2,14,Hyundai,2839.0,1
2338,Hyundai i20 1.4 CRDi Sportz,Bangalore,2012,67000,Diesel,Manual,First,23.0,1396.0,90.0,5.0,11.75,4.5,14,Hyundai,4467.0,1
2339,Honda Amaze S i-Dtech,Pune,2014,48000,Diesel,Manual,Second,25.8,1498.0,98.6,5.0,11.75,4.5,12,Honda,3692.0,0
2340,Hyundai Verna 1.6 SX CRDI (O) AT,Jaipur,2014,97000,Diesel,Automatic,First,22.32,1582.0,126.32,5.0,11.75,8.0,12,Hyundai,7462.0,1
2341,Mercedes-Benz GLA Class 200 d Sport,Mumbai,2018,10000,Diesel,Automatic,First,17.9,2143.0,136.0,5.0,41.94,28.9,8,Mercedes-Benz,1111.0,1
2342,Volkswagen Polo 1.5 TDI Trendline,Coimbatore,2015,56900,Diesel,Manual,First,20.14,1498.0,88.8,5.0,11.75,4.1,11,Volkswagen,4742.0,1
2344,Maruti Baleno Zeta Automatic,Kochi,2017,36152,Petrol,Automatic,First,21.4,1197.0,83.1,5.0,11.75,7.22,9,Maruti,3615.0,1
2345,Maruti Swift VDI,Hyderabad,2014,85512,Diesel,Manual,First,22.9,1248.0,74.0,5.0,7.92,5.8,12,Maruti,6578.0,1
2346,Mahindra Xylo D2 BSIV,Chennai,2013,234000,Diesel,Manual,Second,14.0,2489.0,95.0,8.0,11.75,3.5,13,Mahindra,16714.0,0
2347,Ford Ecosport 1.5 DV5 MT Trend,Bangalore,2013,36000,Diesel,Manual,Second,22.7,1498.0,89.84,5.0,11.75,6.35,13,Ford,2571.0,0
2348,Mahindra XUV500 W8 2WD,Delhi,2015,36096,Diesel,Manual,First,15.1,2179.0,140.0,7.0,11.75,8.85,11,Mahindra,3008.0,1
2349,Chevrolet Beat LS,Hyderabad,2010,111111,Petrol,Manual,Second,18.6,1199.0,79.4,5.0,11.75,2.0,16,Chevrolet,6536.0,0
2350,Hyundai Verna 1.6 VTVT,Bangalore,2012,73000,Petrol,Manual,First,17.01,1591.0,121.3,5.0,11.75,5.5,14,Hyundai,4867.0,1
2351,Hyundai Grand i10 Asta,Kolkata,2014,44300,Petrol,Manual,Second,18.9,1197.0,82.0,5.0,11.75,2.3,12,Hyundai,3408.0,0
2352,Renault Duster 110PS Diesel RxZ,Bangalore,2014,74500,Diesel,Manual,First,19.01,1461.0,108.45,5.0,15.01,7.95,12,Renault,5731.0,1
2353,Hyundai Xcent 1.2 Kappa S Option,Coimbatore,2016,21495,Petrol,Manual,First,19.1,1197.0,81.86,5.0,11.75,6.16,10,Hyundai,1954.0,1
2354,Hyundai i10 Sportz,Delhi,2012,59000,Petrol,Manual,First,20.36,1197.0,78.9,5.0,11.75,2.85,14,Hyundai,3933.0,1
2355,Mercedes-Benz GLA Class 200 Sport Edition,Delhi,2016,23000,Petrol,Automatic,First,13.7,1991.0,183.0,5.0,25.0,25.0,10,Mercedes-Benz,2091.0,1
2356,Mercedes-Benz New C-Class 220 CDI MT,Coimbatore,2008,50135,Diesel,Manual,First,15.8,2148.0,170.0,5.0,11.75,10.36,18,Mercedes-Benz,2639.0,1
2357,Mercedes-Benz CLA 200 Sport Edition,Delhi,2016,25000,Petrol,Automatic,First,15.04,1991.0,183.0,5.0,26.0,26.0,10,Mercedes-Benz,2273.0,1
2358,Hyundai Verna 1.6 SX CRDi (O),Kolkata,2013,47000,Diesel,Manual,First,22.32,1582.0,126.32,5.0,11.75,4.35,13,Hyundai,3357.0,1
2359,Mahindra Xylo D2 Maxx,Chennai,2016,150000,Diesel,Manual,First,14.95,2489.0,93.7,9.0,11.75,4.5,10,Mahindra,13636.0,1
2360,Maruti Swift Dzire LDI,Delhi,2015,53503,Diesel,Manual,First,26.59,1248.0,74.0,5.0,11.75,5.0,11,Maruti,4459.0,1
2361,Hyundai i10 Sportz,Ahmedabad,2014,47003,Petrol,Manual,First,20.36,1197.0,78.9,5.0,11.75,3.67,12,Hyundai,3616.0,1
2362,Tata Safari Storme Explorer Edition,Delhi,2014,80000,Diesel,Manual,First,14.0,2179.0,138.1,7.0,11.75,6.0,12,Tata,6154.0,1
2363,Hyundai Grand i10 Asta,Coimbatore,2018,20492,Petrol,Manual,First,18.9,1197.0,82.0,5.0,11.75,6.34,8,Hyundai,2277.0,1
2364,Mini Cooper Convertible S,Chennai,2012,17000,Petrol,Automatic,Second,16.82,1998.0,189.08,4.0,44.28,22.0,14,Mini,1133.0,0
2365,Toyota Corolla H5,Delhi,2006,79000,Petrol,Manual,Second,13.4,1794.0,125.0,5.0,11.75,1.67,20,Toyota,3762.0,0
2366,Toyota Corolla Altis G MT,Kolkata,2014,27000,Petrol,Manual,First,14.28,1798.0,138.03,5.0,11.75,7.95,12,Toyota,2077.0,1
2367,Maruti Grand Vitara 2.4 MT,Kochi,2018,28786,Petrol,Manual,First,10.4,2393.0,163.5,5.0,11.75,9.74,8,Maruti,3198.0,1
2368,Mahindra XUV500 W8 1.99 mHawk,Chennai,2011,143354,Diesel,Manual,Second,16.0,1997.0,140.0,7.0,11.75,6.0,15,Mahindra,8960.0,0
2370,Mini Cooper 3 DOOR S,Mumbai,2013,21000,Petrol,Automatic,First,17.44,1998.0,189.08,4.0,39.57,21.5,13,Mini,1500.0,1
2372,Maruti Ritz VDi,Jaipur,2009,73000,Diesel,Manual,Second,21.1,1248.0,73.9,5.0,11.75,2.35,17,Maruti,4056.0,0
2373,Volkswagen Polo Diesel Comfortline 1.2L,Delhi,2012,74000,Diesel,Manual,Second,22.07,1199.0,73.9,5.0,11.75,2.65,14,Volkswagen,4933.0,0
2374,Hyundai i10 Magna,Kochi,2011,65423,Petrol,Manual,First,20.36,1197.0,78.9,5.0,11.75,3.16,15,Hyundai,4089.0,1
2375,Maruti A-Star Vxi,Jaipur,2009,65000,Petrol,Manual,Second,19.0,998.0,66.1,5.0,11.75,2.05,17,Maruti,3611.0,0
2377,Maruti Wagon R Stingray LXI,Hyderabad,2014,55277,Petrol,Manual,First,20.51,998.0,67.04,5.0,11.75,3.9,12,Maruti,4252.0,1
2378,Honda Mobilio S i DTEC,Coimbatore,2017,50808,Diesel,Manual,Second,24.2,1498.0,98.6,7.0,11.75,6.68,9,Honda,5081.0,0
2379,Hyundai EON Era Plus,Jaipur,2017,52000,Petrol,Manual,Second,21.1,814.0,55.2,5.0,11.75,3.5,9,Hyundai,5200.0,0
2380,Skoda Rapid 1.6 MPI AT Ambition,Mumbai,2017,32000,Petrol,Automatic,First,14.84,1598.0,103.52,5.0,13.7,8.11,9,Skoda,3200.0,1
2381,Maruti Ciaz VDi Plus SHVS,Delhi,2017,25000,Diesel,Manual,First,28.09,1248.0,88.5,5.0,11.75,8.3,9,Maruti,2500.0,1
2382,Mercedes-Benz M-Class ML 250 CDI,Coimbatore,2016,23218,Diesel,Automatic,First,15.26,2143.0,203.2,5.0,45.61,45.61,10,Mercedes-Benz,2111.0,1
2383,Skoda Laura Elegance 2.0 TDI CR AT,Pune,2010,84000,Diesel,Automatic,First,20.0,1968.0,138.1,5.0,11.75,4.45,16,Skoda,4941.0,1
2384,Maruti Vitara Brezza VDi Option,Delhi,2017,40000,Diesel,Manual,First,24.3,1248.0,88.5,5.0,11.75,7.85,9,Maruti,4000.0,1
2386,Hyundai Grand i10 CRDi Sportz,Kolkata,2014,25135,Diesel,Manual,First,24.0,1120.0,70.0,5.0,11.75,3.75,12,Hyundai,1933.0,1
2387,Maruti Ertiga VDI,Delhi,2017,65000,Diesel,Manual,First,25.47,1248.0,88.5,7.0,11.16,7.65,9,Maruti,6500.0,1
2388,Hyundai i20 1.2 Sportz,Ahmedabad,2013,40000,Petrol,Manual,First,17.0,1197.0,80.0,5.0,11.75,4.9,13,Hyundai,2857.0,1
2389,Mahindra XUV500 AT W10 FWD,Coimbatore,2018,24500,Diesel,Automatic,First,16.0,2179.0,140.0,7.0,16.52,16.52,8,Mahindra,2722.0,1
2390,Skoda Superb Elegance 1.8 TSI AT,Kochi,2016,56674,Petrol,Automatic,First,13.7,1798.0,157.75,5.0,14.05,14.05,10,Skoda,5152.0,1
2391,Maruti Ciaz VXi Plus,Kochi,2016,51950,Petrol,Manual,First,20.73,1373.0,91.1,5.0,11.75,6.75,10,Maruti,4723.0,1
2392,Hyundai Creta 1.6 CRDi SX,Kolkata,2016,51000,Diesel,Manual,First,19.67,1582.0,126.2,5.0,11.75,9.2,10,Hyundai,4636.0,1
2394,Honda City 1.5 S MT,Chennai,2008,114750,Petrol,Manual,Second,17.0,1497.0,118.0,5.0,11.75,2.75,18,Honda,6039.0,0
2395,Ford Endeavour 2.2 Trend MT 4X4,Hyderabad,2016,107890,Diesel,Manual,First,13.5,2198.0,157.7,7.0,20.5,20.5,10,Ford,9808.0,1
2396,Hyundai i20 2015-2017 1.4 Magna ABS,Pune,2012,64000,Diesel,Manual,First,21.9,1396.0,90.0,5.0,11.75,4.25,14,Hyundai,4267.0,1
2397,Ford EcoSport 1.5 Petrol Trend,Kolkata,2016,21460,Petrol,Manual,First,17.0,1497.0,121.36,5.0,9.47,6.0,10,Ford,1951.0,1
2398,Hyundai i20 1.2 Sportz,Coimbatore,2015,29634,Petrol,Manual,Second,17.0,1197.0,80.0,5.0,11.75,6.0,11,Hyundai,2470.0,0
2399,Maruti Swift VXI BSIII,Ahmedabad,2008,52000,Petrol,Manual,First,16.1,1298.0,88.2,5.0,11.75,2.41,18,Maruti,2737.0,1
2400,Honda Jazz V CVT,Hyderabad,2015,33000,Petrol,Automatic,First,19.0,1199.0,88.7,5.0,10.17,7.25,11,Honda,2750.0,1
2401,Volvo XC90 2007-2015 D5 AWD,Kochi,2014,89230,Diesel,Manual,First,11.1,2400.0,200.0,7.0,23.65,23.65,12,Volvo,6864.0,1
2402,Maruti Baleno Alpha 1.2,Delhi,2016,27000,Petrol,Manual,First,21.4,1197.0,83.1,5.0,11.75,6.5,10,Maruti,2455.0,1
2403,Mercedes-Benz GLA Class 200 CDI SPORT,Kochi,2017,72524,Diesel,Automatic,Second,17.9,2143.0,136.0,5.0,18.06,18.06,9,Mercedes-Benz,7252.0,0
2404,Renault KWID RXT,Hyderabad,2016,73000,Petrol,Manual,First,25.17,799.0,53.3,5.0,11.75,3.2,10,Renault,6636.0,1
2405,Ford Figo 2015-2019 1.2P Titanium Opt MT,Coimbatore,2017,21740,Petrol,Manual,First,18.16,1196.0,86.8,5.0,11.75,6.42,9,Ford,2174.0,1
2406,Toyota Fortuner 4x2 Manual,Jaipur,2015,59000,Diesel,Manual,First,13.0,2982.0,168.5,7.0,23.0,23.0,11,Toyota,4917.0,1
2407,Honda City 1.5 S MT,Chennai,2013,83432,Petrol,Manual,First,17.0,1497.0,118.0,5.0,11.75,5.9,13,Honda,5959.0,1
2408,Mahindra Scorpio S2 7 Seater,Pune,2014,87200,Diesel,Manual,First,15.4,2523.0,75.0,7.0,11.75,7.75,12,Mahindra,6708.0,1
2409,BMW 3 Series 320d,Hyderabad,2012,88000,Diesel,Automatic,First,13.2,1995.0,170.0,5.0,47.87,15.0,14,BMW,5867.0,1
2410,Maruti Vitara Brezza ZDi Plus,Jaipur,2017,48324,Diesel,Manual,First,24.3,1248.0,88.5,5.0,11.47,9.0,9,Maruti,4832.0,1
2411,Mercedes-Benz New C-Class C 200 CGI Elegance,Delhi,2011,51000,Petrol,Automatic,First,11.74,1796.0,186.0,5.0,11.75,11.5,15,Mercedes-Benz,3188.0,1
2412,Hyundai Verna 1.6 VTVT,Kolkata,2012,24000,Petrol,Manual,Second,17.01,1591.0,121.3,5.0,11.75,6.2,14,Hyundai,1600.0,0
2413,Hyundai Grand i10 1.2 CRDi Sportz,Kochi,2017,20773,Diesel,Manual,First,24.0,1186.0,73.97,5.0,8.17,5.92,9,Hyundai,2077.0,1
2414,Volkswagen Polo 1.5 TDI Highline,Kolkata,2016,22000,Diesel,Manual,First,20.14,1498.0,88.0,5.0,9.58,6.29,10,Volkswagen,2000.0,1
2415,Honda Amaze S i-Vtech,Kochi,2014,66355,Petrol,Manual,First,18.0,1198.0,86.7,5.0,11.75,4.12,12,Honda,5104.0,1
2416,Honda CR-V 2.4 AT,Pune,2007,115800,Petrol,Automatic,Third,10.1,2354.0,152.0,5.0,11.75,3.8,19,Honda,5790.0,0
2417,Hyundai Santro Xing GL Plus,Ahmedabad,2014,41125,Petrol,Manual,First,17.92,1086.0,62.1,5.0,11.75,2.7,12,Hyundai,3163.0,1
2418,Mercedes-Benz B Class B200 CDI,Coimbatore,2017,43812,Diesel,Automatic,First,15.0,2143.0,107.3,5.0,20.28,20.28,9,Mercedes-Benz,4381.0,1
2419,Honda Amaze S i-Vtech,Delhi,2014,69876,Petrol,Manual,First,18.0,1198.0,86.7,5.0,11.75,3.9,12,Honda,5375.0,1
2420,Toyota Fortuner 4x2 AT,Pune,2014,102000,Diesel,Automatic,Second,12.55,2982.0,168.5,7.0,16.5,16.5,12,Toyota,7846.0,0
2421,Hyundai Verna 1.6 VTVT,Pune,2011,68000,Petrol,Manual,First,17.01,1591.0,121.3,5.0,11.75,3.7,15,Hyundai,4250.0,1
2422,Jaguar XJ 3.0L Portfolio,Delhi,2016,12000,Diesel,Automatic,First,10.5,2993.0,271.23,4.0,79.0,79.0,10,Jaguar,1091.0,1
2423,BMW 3 Series 320d,Mumbai,2013,25000,Diesel,Automatic,First,22.69,1995.0,190.0,5.0,47.87,17.99,13,BMW,1786.0,1
2424,Hyundai i20 Magna 1.4 CRDi (Diesel),Jaipur,2013,51873,Diesel,Manual,First,21.9,1396.0,88.76,5.0,11.75,3.9,13,Hyundai,3705.0,1
2425,Ford Figo Diesel EXI Option,Chennai,2012,72500,Diesel,Manual,First,18.5,1399.0,68.0,5.0,11.75,3.12,14,Ford,4833.0,1
2426,Maruti Wagon R LXI BSIII,Pune,2007,83000,Petrol,Manual,First,14.0,1061.0,64.0,5.0,11.75,1.65,19,Maruti,4150.0,1
2427,Hyundai Xcent 1.2 Kappa S Option,Kolkata,2015,39871,Petrol,Manual,First,19.1,1197.0,81.86,5.0,11.75,3.5,11,Hyundai,3323.0,1
2428,Mahindra Xylo H4,Chennai,2015,82000,Diesel,Manual,Second,14.02,2179.0,118.3,7.0,11.67,4.85,11,Mahindra,6833.0,0
2429,Mercedes-Benz New C-Class C 220d Avantgarde Edition C,Coimbatore,2018,23152,Diesel,Automatic,First,19.27,2143.0,167.62,5.0,39.22,39.22,8,Mercedes-Benz,2572.0,1
2430,Hyundai i10 Magna,Kolkata,2007,71600,Petrol,Manual,Second,20.36,1197.0,78.9,5.0,11.75,2.0,19,Hyundai,3580.0,0
2431,Toyota Fortuner 3.0 Diesel,Mumbai,2010,122000,Diesel,Manual,Second,11.5,2982.0,171.0,7.0,11.75,10.45,16,Toyota,7176.0,0
2432,Toyota Camry Hybrid,Chennai,2016,29277,Petrol,Automatic,First,19.16,2494.0,158.2,5.0,27.0,27.0,10,Toyota,2662.0,1
2433,Ford Figo Diesel ZXI,Kolkata,2011,60000,Diesel,Manual,First,20.0,1399.0,68.0,5.0,11.75,2.25,15,Ford,3750.0,1
2434,Hyundai Xcent 1.2 Kappa S Option,Kolkata,2014,42000,Petrol,Manual,First,19.1,1197.0,81.86,5.0,11.75,3.45,12,Hyundai,3231.0,1
2435,Hyundai i20 Sportz 1.2,Kochi,2016,61823,Petrol,Manual,First,18.6,1197.0,81.83,5.0,11.75,6.14,10,Hyundai,5620.0,1
2438,Maruti Dzire VDI,Hyderabad,2011,110000,Diesel,Manual,First,28.4,1248.0,73.75,5.0,9.14,4.0,15,Maruti,6875.0,1
2439,Honda City 1.5 S MT,Kolkata,2010,38446,Petrol,Manual,First,17.0,1497.0,118.0,5.0,11.75,2.59,16,Honda,2262.0,1
2440,Maruti Baleno Delta 1.3,Delhi,2017,33000,Diesel,Manual,First,27.39,1248.0,74.0,5.0,11.75,6.96,9,Maruti,3300.0,1
2442,Hyundai EON Era Plus,Jaipur,2016,70000,Petrol,Manual,First,21.1,814.0,55.2,5.0,11.75,3.0,10,Hyundai,6364.0,1
2443,Volkswagen Polo 1.5 TDI Highline,Delhi,2012,68038,Diesel,Manual,First,20.14,1498.0,88.0,5.0,9.96,3.6,14,Volkswagen,4536.0,1
2444,Chevrolet Beat Diesel LS,Coimbatore,2014,55012,Diesel,Manual,Second,25.44,936.0,57.6,5.0,11.75,3.7,12,Chevrolet,4232.0,0
2445,BMW 5 Series 520d Luxury Line,Ahmedabad,2013,55000,Diesel,Automatic,First,22.48,1995.0,190.0,5.0,63.71,21.75,13,BMW,3929.0,1
2446,Mercedes-Benz GLC 220d 4MATIC Sport,Mumbai,2017,25000,Diesel,Automatic,First,17.9,2143.0,170.0,5.0,64.14,45.0,9,Mercedes-Benz,2500.0,1
2447,Maruti Alto K10 VXI,Coimbatore,2011,46808,Petrol,Manual,Second,24.07,998.0,67.1,5.0,4.7,3.19,15,Maruti,2926.0,0
2448,Hyundai Xcent 1.2 VTVT S,Coimbatore,2015,65743,Petrol,Manual,First,20.14,1197.0,81.86,5.0,7.85,6.2,11,Hyundai,5479.0,1
2449,Hyundai i10 Magna 1.1,Coimbatore,2013,64466,Petrol,Manual,First,19.81,1086.0,68.05,5.0,11.75,3.96,13,Hyundai,4605.0,1
2451,Maruti Swift Dzire Tour LDI,Jaipur,2016,80000,Diesel,Manual,First,23.4,1248.0,74.0,5.0,11.75,4.5,10,Maruti,7273.0,1
2452,Hyundai Xcent 1.2 CRDi E Plus,Mumbai,2017,69000,Diesel,Manual,First,25.4,1186.0,73.97,5.0,11.75,3.55,9,Hyundai,6900.0,1
2453,Nissan Sunny Diesel XV,Chennai,2014,79200,Diesel,Manual,First,22.71,1461.0,84.8,5.0,11.75,5.5,12,Nissan,6092.0,1
2454,Hyundai Creta 1.6 SX Option,Mumbai,2016,29477,Petrol,Manual,First,15.8,1591.0,121.3,5.0,16.36,10.25,10,Hyundai,2680.0,1
2455,Toyota Fortuner 2.8 2WD AT,Delhi,2017,40000,Diesel,Automatic,First,12.9,2755.0,174.5,7.0,37.38,30.0,9,Toyota,4000.0,1
2456,Maruti Ritz VXi,Pune,2014,25000,Petrol,Manual,Second,18.5,1197.0,85.8,5.0,11.75,3.5,12,Maruti,1923.0,0
2457,Renault Pulse RxL,Delhi,2014,67668,Diesel,Manual,First,23.08,1461.0,63.12,5.0,11.75,3.1,12,Renault,5205.0,1
2458,Skoda Fabia 1.2 MPI Ambiente Petrol,Hyderabad,2010,78000,Petrol,Manual,First,17.5,1198.0,75.0,5.0,11.75,3.25,16,Skoda,4588.0,1
2459,Ford EcoSport 1.5 Diesel Titanium,Mumbai,2017,30000,Diesel,Manual,First,23.0,1498.0,98.96,5.0,11.89,8.99,9,Ford,3000.0,1
2460,Volkswagen Vento Petrol Comfortline,Kolkata,2015,70623,Petrol,Manual,First,15.04,1598.0,103.6,5.0,11.75,3.99,11,Volkswagen,5885.0,1
2461,Nissan Terrano XV 110 PS,Mumbai,2015,54000,Diesel,Manual,Second,19.01,1461.0,108.5,5.0,11.75,6.0,11,Nissan,4500.0,0
2462,Audi Q3 2012-2015 35 TDI Quattro Premium,Mumbai,2015,48000,Diesel,Automatic,First,15.73,1968.0,174.33,5.0,18.25,18.25,11,Audi,4000.0,1
2463,Toyota Innova 2.5 GX (Diesel) 7 Seater,Delhi,2012,62000,Diesel,Manual,First,12.99,2494.0,100.0,7.0,11.75,7.75,14,Toyota,4133.0,1
2464,Tata Zest Revotron 1.2T XE,Delhi,2017,47000,Petrol,Manual,Second,17.57,1193.0,88.7,5.0,6.62,4.5,9,Tata,4700.0,0
2465,Toyota Fortuner 3.0 Diesel,Bangalore,2014,171000,Diesel,Manual,First,11.5,2982.0,171.0,7.0,16.75,16.75,12,Toyota,13154.0,1
2466,BMW X3 xDrive20d,Pune,2012,108000,Diesel,Automatic,First,16.09,1995.0,184.0,5.0,17.5,17.5,14,BMW,7200.0,1
2467,Maruti SX4 S Cross DDiS 320 Zeta,Chennai,2016,41000,Diesel,Manual,First,22.7,1598.0,118.0,5.0,11.75,7.7,10,Maruti,3727.0,1
2468,Honda City 1.5 S MT,Pune,2012,66000,Petrol,Manual,Second,17.0,1497.0,118.0,5.0,11.75,4.45,14,Honda,4400.0,0
2469,Maruti Swift Dzire LDI,Jaipur,2015,144000,Diesel,Manual,First,26.59,1248.0,74.0,5.0,11.75,5.25,11,Maruti,12000.0,1
2470,BMW 3 Series 320d M Sport,Kochi,2017,23806,Diesel,Automatic,First,22.69,1995.0,190.0,5.0,33.66,33.66,9,BMW,2381.0,1
2471,Nissan Micra XV CVT,Chennai,2013,89000,Petrol,Automatic,Second,19.34,1198.0,76.0,5.0,9.49,2.8,13,Nissan,6357.0,0
2472,Maruti Baleno Zeta Automatic,Coimbatore,2018,38852,Petrol,Automatic,First,21.4,1197.0,83.1,5.0,11.75,8.47,8,Maruti,4317.0,1
2473,Maruti Ciaz ZDi Plus,Coimbatore,2018,68737,Diesel,Manual,First,26.21,1248.0,88.5,5.0,11.75,9.32,8,Maruti,7637.0,1
2474,Mercedes-Benz CLA 200 CDI Style,Coimbatore,2017,23106,Diesel,Automatic,First,17.9,2143.0,136.0,5.0,27.43,27.43,9,Mercedes-Benz,2311.0,1
2475,Honda Mobilio RS i DTEC,Delhi,2015,31250,Diesel,Manual,First,24.5,1498.0,98.6,7.0,11.75,6.5,11,Honda,2604.0,1
2476,Toyota Innova 2.5 GX (Diesel) 8 Seater,Delhi,2014,77795,Diesel,Manual,First,12.99,2494.0,100.6,8.0,11.75,9.5,12,Toyota,5984.0,1
2477,Jaguar XF 3.0 Litre S Premium Luxury,Kochi,2015,47759,Diesel,Automatic,First,14.74,2993.0,270.9,5.0,31.8,31.8,11,Jaguar,3980.0,1
2478,Toyota Etios Petrol TRD Sportivo,Chennai,2013,67620,Petrol,Manual,Second,17.6,1496.0,88.8,5.0,11.75,4.2,13,Toyota,4830.0,0
2479,Chevrolet Beat Diesel LS,Kochi,2013,44378,Diesel,Manual,First,25.44,936.0,57.6,5.0,11.75,3.85,13,Chevrolet,3170.0,1
2480,Honda Accord 2.4 M/T,Delhi,2012,64709,Petrol,Manual,Second,12.8,2354.0,177.6,5.0,11.75,6.0,14,Honda,4314.0,0
2481,Maruti Alto LXi,Hyderabad,2007,76161,Petrol,Manual,First,19.7,796.0,46.3,5.0,11.75,1.65,19,Maruti,3808.0,1
2482,Skoda Octavia Ambition 2.0 TDI AT,Bangalore,2013,58410,Diesel,Automatic,First,19.3,1968.0,141.0,5.0,14.5,14.5,13,Skoda,4172.0,1
2483,Toyota Innova 2.5 V Diesel 7-seater,Delhi,2011,72000,Diesel,Manual,First,12.8,2494.0,102.0,7.0,11.75,7.1,15,Toyota,4500.0,1
2484,Audi A4 35 TDI Premium Sport,Chennai,2016,11000,Diesel,Automatic,First,17.11,1968.0,174.33,5.0,28.0,28.0,10,Audi,1000.0,1
2485,Maruti Vitara Brezza ZDi Plus Dual Tone,Kochi,2017,45362,Diesel,Manual,First,24.3,1248.0,88.5,5.0,11.75,9.38,9,Maruti,4536.0,1
2486,Hyundai Grand i10 Sportz,Kochi,2016,59767,Petrol,Manual,First,18.9,1197.0,82.0,5.0,11.75,4.78,10,Hyundai,5433.0,1
2487,Toyota Corolla DX,Chennai,2003,70000,Petrol,Manual,Second,13.4,1794.0,125.0,5.0,11.75,1.7,23,Toyota,2917.0,0
2488,Tata Hexa XTA,Coimbatore,2019,14233,Diesel,Automatic,First,17.6,2179.0,153.86,7.0,22.74,17.85,7,Tata,1779.0,1
2489,Hyundai i20 2015-2017 1.2 Asta,Pune,2010,72000,Petrol,Manual,Second,17.0,1197.0,80.0,5.0,11.75,2.75,16,Hyundai,4235.0,0
2490,Hyundai Verna 1.6 SX VTVT,Mumbai,2014,11000,Petrol,Manual,First,17.01,1591.0,121.3,5.0,11.75,5.95,12,Hyundai,846.0,1
2491,Maruti Omni 8 Seater BSIV,Mumbai,2011,39000,Petrol,Manual,First,14.0,796.0,35.0,5.0,11.75,1.5,15,Maruti,2438.0,1
2492,Maruti Alto 800 2016-2019 VXI,Kochi,2019,19855,Petrol,Manual,First,24.7,796.0,47.3,5.0,11.75,3.8,7,Maruti,2482.0,1
2493,Mercedes-Benz New C-Class C 220d Avantgarde Edition C,Bangalore,2017,20149,Diesel,Automatic,First,19.27,2143.0,167.62,5.0,38.5,38.5,9,Mercedes-Benz,2015.0,1
2494,Hyundai i10 Era 1.1,Jaipur,2011,70000,Petrol,Manual,First,19.81,1086.0,68.05,5.0,11.75,2.15,15,Hyundai,4375.0,1
2495,Skoda Superb Style 1.8 TSI AT,Mumbai,2010,62004,Petrol,Automatic,Second,14.67,1798.0,177.46,5.0,33.36,3.75,16,Skoda,3647.0,0
2496,Volkswagen Vento 1.5 TDI Highline AT,Mumbai,2016,25500,Diesel,Automatic,First,21.5,1498.0,108.5,5.0,15.86,8.95,10,Volkswagen,2318.0,1
2498,Honda Civic 2010-2013 1.8 V MT,Pune,2010,61700,Petrol,Manual,First,14.8,1799.0,130.2,5.0,11.75,2.95,16,Honda,3629.0,1
2499,BMW 3 Series 320i Sedan,Coimbatore,2010,59660,Petrol,Automatic,First,12.05,1995.0,154.0,5.0,11.75,10.49,16,BMW,3509.0,1
2500,Hyundai Santro Xing GLS,Hyderabad,2007,69775,Petrol,Manual,Second,17.92,1086.0,62.1,5.0,11.75,1.85,19,Hyundai,3489.0,0
2502,Honda Accord 2001-2003 2.3 VTi L AT,Jaipur,2009,88000,Petrol,Automatic,First,11.1,2354.0,142.0,5.0,11.75,5.25,17,Honda,4889.0,1
2503,Maruti Ertiga VDI,Kolkata,2014,47052,Diesel,Manual,First,20.77,1248.0,88.76,7.0,11.215,5.99,12,Maruti,3619.0,1
2504,Ford Fiesta Classic 1.4 Duratorq LXI,Kochi,2015,69749,Diesel,Manual,First,18.6,1388.0,67.0,5.0,11.75,3.82,11,Ford,5812.0,1
2505,Audi Q7 3.0 TDI Quattro Premium Plus,Hyderabad,2012,79000,Diesel,Automatic,First,12.07,2967.0,241.4,7.0,39.0,39.0,14,Audi,5267.0,1
2506,Audi A4 35 TDI Premium,Coimbatore,2016,39644,Diesel,Automatic,First,17.11,1968.0,174.33,5.0,25.75,25.75,10,Audi,3604.0,1
2507,Tata Indica Vista Quadrajet VX,Hyderabad,2012,137800,Diesel,Manual,First,22.3,1248.0,74.0,5.0,11.75,2.2,14,Tata,9187.0,1
2508,Hyundai Verna CRDi ABS,Chennai,2008,120000,Diesel,Manual,Second,18.1,1493.0,110.0,5.0,11.75,2.0,18,Hyundai,6316.0,0
2509,Mercedes-Benz E-Class E 220 d,Mumbai,2018,11000,Diesel,Automatic,First,16.1,1950.0,194.0,5.0,70.55,56.5,8,Mercedes-Benz,1222.0,1
2510,BMW 3 Series 320d Luxury Line,Mumbai,2014,18600,Diesel,Automatic,Second,22.69,1995.0,190.0,5.0,54.43,21.0,12,BMW,1431.0,0
2511,Hyundai Grand i10 CRDi Asta,Ahmedabad,2014,116905,Diesel,Manual,First,24.0,1120.0,70.0,5.0,11.75,4.0,12,Hyundai,8993.0,1
2512,Hyundai i10 Sportz AT,Coimbatore,2011,32824,Petrol,Automatic,First,16.95,1197.0,78.9,5.0,11.75,3.83,15,Hyundai,2052.0,1
2513,Maruti Swift VXi BSIV,Kochi,2016,19148,Petrol,Manual,First,16.1,1197.0,85.0,5.0,11.75,5.89,10,Maruti,1741.0,1
2514,Hyundai Santro Xing GLS,Kolkata,2010,35008,Petrol,Manual,First,17.92,1086.0,62.1,5.0,11.75,1.36,16,Hyundai,2059.0,1
2515,BMW 6 Series Gran Coupe,Delhi,2013,21000,Diesel,Automatic,Second,17.54,2993.0,313.0,4.0,44.0,44.0,13,BMW,1500.0,0
2517,Hyundai Verna 1.4 VTVT,Bangalore,2016,36000,Petrol,Manual,First,17.43,1396.0,105.5,5.0,11.75,8.0,10,Hyundai,3273.0,1
2518,Maruti Swift Dzire ZDI,Ahmedabad,2012,56121,Diesel,Manual,First,23.4,1248.0,74.0,5.0,11.75,4.25,14,Maruti,3741.0,1
2519,Maruti Swift VDI,Pune,2018,30000,Diesel,Manual,First,28.4,1248.0,74.0,5.0,7.92,6.0,8,Maruti,3333.0,1
2520,Skoda Octavia 2.0 TDI AT Style Plus,Kochi,2016,31021,Diesel,Automatic,First,19.5,1968.0,141.0,5.0,16.61,16.61,10,Skoda,2820.0,1
2521,Renault Duster 110PS Diesel RxL,Coimbatore,2013,52600,Diesel,Manual,First,19.6,1461.0,108.45,5.0,11.75,7.26,13,Renault,3757.0,1
2522,Mahindra Scorpio 2.6 CRDe,Bangalore,2005,60000,Diesel,Manual,First,10.5,2179.0,120.0,8.0,11.75,4.0,21,Mahindra,2727.0,1
2523,BMW 5 Series 2013-2017 520d Luxury Line,Ahmedabad,2016,44001,Diesel,Automatic,First,18.12,1995.0,190.0,5.0,34.51,34.51,10,BMW,4000.0,1
2524,Maruti Wagon R VXI BSIII,Chennai,2003,101000,Petrol,Manual,Third,17.3,1061.0,64.0,5.0,11.75,0.95,23,Maruti,4208.0,0
2525,Maruti Wagon R LXI BSIII,Hyderabad,2007,84169,Petrol,Manual,First,14.0,1061.0,64.0,5.0,11.75,2.2,19,Maruti,4208.0,1
2526,Hyundai i20 Sportz 1.2,Mumbai,2017,14001,Petrol,Manual,First,18.6,1197.0,81.83,5.0,11.75,5.75,9,Hyundai,1400.0,1
2528,Land Rover Discovery SE 3.0 TD6,Delhi,2016,59000,Diesel,Automatic,First,18.0,2993.0,255.0,7.0,112.99999999999999,36.75,10,Land,5364.0,1
2529,Mercedes-Benz New C-Class 230 Avantgarde,Hyderabad,2009,29000,Petrol,Automatic,Second,11.7,1796.0,178.0,5.0,11.75,10.0,17,Mercedes-Benz,1611.0,0
2530,BMW 5 Series 520d Sedan,Kochi,2014,64158,Diesel,Automatic,First,18.48,1497.0,98.6,5.0,17.89,17.89,12,BMW,4935.0,1
2531,Nissan Sunny 2011-2014 Diesel XV,Mumbai,2012,38800,Diesel,Manual,First,21.64,1461.0,84.8,5.0,11.75,4.05,14,Nissan,2587.0,1
2532,Audi Q7 3.0 TDI quattro,Hyderabad,2011,98000,Diesel,Automatic,First,12.07,2967.0,241.4,7.0,22.0,22.0,15,Audi,6125.0,1
2533,Mercedes-Benz CLA 200 CDI Sport,Coimbatore,2017,20969,Diesel,Automatic,First,17.9,2143.0,136.0,5.0,45.36,27.87,9,Mercedes-Benz,2097.0,1
2534,Maruti Vitara Brezza ZDi,Kolkata,2018,2900,Diesel,Manual,First,24.3,1248.0,88.5,5.0,10.13,8.75,8,Maruti,322.0,1
2535,Maruti Swift Dzire Vdi BSIV,Hyderabad,2016,69000,Diesel,Manual,First,19.3,1248.0,73.9,5.0,11.75,4.79,10,Maruti,6273.0,1
2536,Skoda Rapid 1.5 TDI Ambition,Coimbatore,2018,5833,Diesel,Manual,First,21.13,1498.0,108.4,5.0,14.22,11.92,8,Skoda,648.0,1
2537,Audi Q7 35 TDI Quattro Technology,Coimbatore,2016,28733,Diesel,Automatic,Second,12.07,2967.0,241.4,7.0,53.11,53.11,10,Audi,2612.0,0
2538,Maruti Wagon R LXI,Jaipur,2006,145000,Petrol,Manual,First,18.9,998.0,67.1,5.0,4.890000000000001,1.15,20,Maruti,6905.0,1
2539,Honda City i DTEC VX Option,Pune,2014,71000,Diesel,Manual,First,25.1,1498.0,98.6,5.0,11.75,7.45,12,Honda,5462.0,1
2540,Hyundai EON Magna Plus,Jaipur,2017,12000,Petrol,Manual,First,21.1,814.0,55.2,5.0,11.75,3.5,9,Hyundai,1200.0,1
2541,Mercedes-Benz E-Class 2015-2017 E350 CDI Avantgrade,Kochi,2018,21603,Diesel,Automatic,First,13.0,2987.0,265.0,5.0,70.15,70.15,8,Mercedes-Benz,2400.0,1
2542,Hyundai Santro GLS II - Euro II,Bangalore,2011,65000,Petrol,Manual,Second,0.0,1497.0,98.6,5.0,11.75,3.15,15,Hyundai,4062.0,0
2543,BMW 3 Series 320d,Hyderabad,2013,58000,Diesel,Automatic,First,13.2,1995.0,170.0,5.0,47.87,19.5,13,BMW,4143.0,1
2544,BMW 3 Series 318i Sedan,Pune,2012,39000,Petrol,Automatic,Second,12.05,1995.0,154.0,5.0,15.0,15.0,14,BMW,2600.0,0
2545,Mahindra NuvoSport N8,Coimbatore,2017,37712,Diesel,Manual,First,17.45,1493.0,100.0,7.0,11.77,7.57,9,Mahindra,3771.0,1
2546,Maruti Ritz VXi,Hyderabad,2012,68000,Petrol,Manual,First,18.5,1197.0,85.8,5.0,11.75,4.4,14,Maruti,4533.0,1
2547,BMW X6 xDrive 40d M Sport,Chennai,2016,25000,Diesel,Automatic,First,15.87,2993.0,308.43,5.0,60.0,60.0,10,BMW,2273.0,1
2548,Chevrolet Beat LT,Kolkata,2010,30000,Petrol,Manual,First,18.6,1199.0,79.4,5.0,11.75,1.6,16,Chevrolet,1765.0,1
2549,Maruti Swift Dzire VXI,Pune,2014,68218,Petrol,Manual,First,19.1,1197.0,85.8,5.0,11.75,4.9,12,Maruti,5248.0,1
2550,Maruti Ertiga ZDI,Delhi,2014,52000,Diesel,Manual,First,20.77,1248.0,88.8,7.0,12.34,5.95,12,Maruti,4000.0,1
2551,Renault Duster 85PS Diesel RxL,Coimbatore,2015,63591,Diesel,Manual,First,20.45,1461.0,83.8,5.0,11.75,5.35,11,Renault,5299.0,1
2552,Honda Amaze VX AT i-Vtech,Hyderabad,2014,57937,Petrol,Automatic,First,15.5,1198.0,86.7,5.0,11.75,5.4,12,Honda,4457.0,1
2553,Audi A4 2.0 TDI Premium Sport Limited Edition,Coimbatore,2015,21979,Diesel,Automatic,First,17.11,1968.0,174.33,5.0,23.45,23.45,11,Audi,1832.0,1
2554,Skoda Octavia Ambiente 1.9 TDI MT,Hyderabad,2002,99000,Diesel,Manual,Second,18.7,1896.0,66.0,5.0,11.75,1.9,24,Skoda,3960.0,0
2555,Honda Amaze E i-Dtech,Pune,2016,62000,Diesel,Manual,First,25.8,1498.0,98.6,5.0,11.75,6.1,10,Honda,5636.0,1
2556,Toyota Innova 2.5 EV Diesel MS 8 Str BSIII,Mumbai,2006,127001,Diesel,Manual,First,12.8,2494.0,102.0,8.0,11.75,4.95,20,Toyota,6048.0,1
2557,Hyundai EON D Lite Plus,Hyderabad,2013,84600,Petrol,Manual,Second,21.1,814.0,55.2,5.0,11.75,2.5,13,Hyundai,6043.0,0
2558,Datsun redi-GO T Option,Kochi,2018,30953,Petrol,Manual,First,22.7,799.0,53.64,5.0,4.05,3.48,8,Datsun,3439.0,1
2559,Maruti Swift VDI,Chennai,2012,78000,Diesel,Manual,First,22.9,1248.0,74.0,5.0,7.92,4.4,14,Maruti,5200.0,1
2560,Mitsubishi Pajero 2.8 GLX Sports,Hyderabad,2008,85000,Diesel,Manual,First,9.5,2835.0,118.6,6.0,11.75,7.99,18,Mitsubishi,4474.0,1
2561,Volvo S80 D5,Hyderabad,2008,79000,Diesel,Automatic,First,13.1,2400.0,215.0,5.0,11.75,10.99,18,Volvo,4158.0,1
2562,Toyota Fortuner 4x2 AT,Delhi,2014,79000,Diesel,Automatic,First,12.55,2982.0,168.5,7.0,18.5,18.5,12,Toyota,6077.0,1
2563,Jeep Compass 2.0 Limited 4X4,Coimbatore,2018,48188,Diesel,Manual,First,16.3,1956.0,170.0,5.0,26.95,21.69,8,Jeep,5354.0,1
2564,Maruti Swift Dzire VDI,Coimbatore,2014,67557,Diesel,Manual,First,23.4,1248.0,74.0,5.0,11.75,5.17,12,Maruti,5197.0,1
2565,Hyundai Verna 1.6 SX,Delhi,2011,103814,Diesel,Manual,Second,22.32,1582.0,126.32,5.0,11.75,4.5,15,Hyundai,6488.0,0
2566,Mahindra Scorpio VLX 2WD BSIV,Kolkata,2014,45128,Diesel,Manual,First,12.05,2179.0,120.0,8.0,11.75,6.75,12,Mahindra,3471.0,1
2567,Hyundai i10 Era,Kochi,2013,56075,Petrol,Manual,First,19.81,1086.0,68.05,5.0,11.75,3.12,13,Hyundai,4005.0,1
2568,Toyota Innova 2.5 G (Diesel) 8 Seater,Hyderabad,2011,166000,Diesel,Manual,First,12.99,2494.0,100.6,8.0,11.75,8.25,15,Toyota,10375.0,1
2569,Toyota Innova Crysta 2.8 ZX AT,Coimbatore,2017,65367,Diesel,Automatic,First,11.36,2755.0,171.5,7.0,28.05,20.14,9,Toyota,6537.0,1
2570,Toyota Innova 2.5 G (Diesel) 8 Seater,Hyderabad,2013,114708,Diesel,Manual,First,12.99,2494.0,100.0,8.0,12.6,12.6,13,Toyota,8193.0,1
2571,Maruti Swift Dzire ZDI,Kochi,2015,35082,Diesel,Manual,First,23.4,1248.0,74.0,5.0,11.75,6.61,11,Maruti,2924.0,1
2572,Hyundai Creta 1.6 CRDi AT SX Plus,Kochi,2016,38593,Diesel,Automatic,First,17.01,1582.0,126.2,5.0,13.23,13.23,10,Hyundai,3508.0,1
2573,Toyota Innova 2.5 G (Diesel) 8 Seater BS IV,Mumbai,2008,70700,Diesel,Manual,First,12.99,2494.0,100.0,8.0,11.75,4.75,18,Toyota,3721.0,1
2574,Volkswagen Vento Diesel Highline,Mumbai,2011,83000,Diesel,Manual,Second,20.54,1598.0,103.6,5.0,11.75,2.9,15,Volkswagen,5188.0,0
2575,Chevrolet Tavera LS B3 10 Seats BSIII,Hyderabad,2015,120000,Diesel,Manual,First,14.8,2499.0,80.0,10.0,11.75,5.5,11,Chevrolet,10000.0,1
2576,Mahindra Ssangyong Rexton RX7,Kochi,2014,91586,Diesel,Automatic,Second,11.18,2696.0,184.0,7.0,11.75,9.47,12,Mahindra,7045.0,0
2577,Hyundai i10 Magna,Mumbai,2008,38235,Petrol,Manual,First,20.36,1197.0,78.9,5.0,11.75,1.95,18,Hyundai,2012.0,1
2578,Hyundai i10 Sportz 1.2,Kolkata,2011,37000,Petrol,Manual,First,20.36,1197.0,78.9,5.0,11.75,2.2,15,Hyundai,2312.0,1
2580,Honda Amaze S i-Vtech,Bangalore,2013,44000,Petrol,Manual,Second,18.0,1198.0,86.7,5.0,11.75,4.35,13,Honda,3143.0,0
2581,Maruti Celerio ZXI AT,Pune,2016,54000,Petrol,Automatic,First,23.1,998.0,67.04,5.0,11.75,4.5,10,Maruti,4909.0,1
2582,Hyundai Grand i10 Asta,Chennai,2013,90000,Petrol,Manual,First,18.9,1197.0,82.0,5.0,11.75,3.55,13,Hyundai,6429.0,1
2583,Maruti Swift Dzire VDi,Kolkata,2015,35000,Diesel,Manual,First,19.3,1248.0,73.9,5.0,11.75,4.75,11,Maruti,2917.0,1
2584,Hyundai i10 Sportz,Coimbatore,2012,47324,Petrol,Manual,Second,20.36,1197.0,78.9,5.0,11.75,4.52,14,Hyundai,3155.0,0
2585,BMW X1 sDrive 20d Exclusive,Mumbai,2012,65148,Diesel,Automatic,First,15.06,1995.0,177.0,5.0,12.75,12.75,14,BMW,4343.0,1
2586,Audi A4 2.0 TDI 177 Bhp Premium Plus,Coimbatore,2014,57773,Diesel,Automatic,Second,17.11,1968.0,174.33,5.0,20.04,20.04,12,Audi,4444.0,0
2587,Nissan Terrano XL 85 PS,Bangalore,2014,87000,Diesel,Manual,First,20.45,1461.0,83.8,5.0,11.75,6.5,12,Nissan,6692.0,1
2588,Mitsubishi Montero 3.2 GLS,Chennai,2007,179032,Diesel,Manual,First,11.56,3200.0,199.3,7.0,11.75,7.5,19,Mitsubishi,8952.0,1
2589,Maruti Wagon R VXI AMT,Mumbai,2016,8000,Petrol,Automatic,First,22.5,998.0,67.0,5.0,6.14,4.15,10,Maruti,727.0,1
2590,Honda Civic 2006-2010 1.8 (E) MT,Hyderabad,2007,77000,Petrol,Manual,First,13.5,1799.0,130.0,5.0,11.75,2.5,19,Honda,3850.0,1
2591,Hyundai i20 2015-2017 Magna 1.2,Pune,2016,20600,Petrol,Manual,First,18.6,1197.0,81.83,5.0,11.75,5.4,10,Hyundai,1873.0,1
2592,Maruti Alto K10 VXI,Mumbai,2016,13198,Petrol,Manual,First,24.07,998.0,67.1,5.0,4.82,3.15,10,Maruti,1200.0,1
2593,Audi Q7 35 TDI Quattro Technology,Bangalore,2015,21000,Diesel,Automatic,Second,12.07,2967.0,241.4,7.0,52.5,52.5,11,Audi,1750.0,0
2594,Hyundai i20 Sportz Option 1.2,Delhi,2016,38000,Petrol,Manual,First,18.6,1197.0,81.83,5.0,11.75,5.95,10,Hyundai,3455.0,1
2595,Tata Tiago AMT 1.2 Revotron XZA,Coimbatore,2019,15379,Petrol,Automatic,First,23.84,1199.0,83.83,5.0,7.17,6.97,7,Tata,1922.0,1
2596,Hyundai i10 Sportz 1.2,Hyderabad,2011,60000,Petrol,Manual,First,20.36,1197.0,78.9,5.0,11.75,3.2,15,Hyundai,3750.0,1
2598,Renault Duster 85PS Diesel RxL Optional,Bangalore,2013,75371,Diesel,Manual,First,20.46,1461.0,83.8,5.0,11.75,6.69,13,Renault,5384.0,1
2599,Tata Xenon XT EX 4X4,Bangalore,2014,60000,Diesel,Manual,Second,13.49,2179.0,138.03,5.0,11.75,5.9,12,Tata,4615.0,0
2600,Hyundai i20 Magna,Kolkata,2009,30675,Petrol,Manual,First,18.5,1197.0,80.0,5.0,11.75,2.25,17,Hyundai,1704.0,1
2601,Maruti Swift Dzire VDI,Kolkata,2013,22000,Diesel,Manual,First,23.4,1248.0,74.0,5.0,11.75,4.5,13,Maruti,1571.0,1
2602,Hyundai EON Magna,Pune,2015,55000,Petrol,Manual,First,22.0,814.0,55.0,5.0,11.75,2.61,11,Hyundai,4583.0,1
2603,Mercedes-Benz New C-Class 220 CDI AT,Jaipur,2010,74213,Diesel,Automatic,First,14.84,2143.0,170.0,5.0,11.75,11.5,16,Mercedes-Benz,4365.0,1
2604,Mini Cooper Convertible S,Mumbai,2016,15000,Petrol,Automatic,First,16.82,1998.0,189.08,4.0,44.28,35.0,10,Mini,1364.0,1
2605,Tata Nano Cx,Jaipur,2010,57000,Petrol,Manual,First,26.0,624.0,35.0,4.0,11.75,0.5,16,Tata,3353.0,1
2606,Maruti Ciaz ZDi Plus,Kolkata,2015,62144,Diesel,Manual,Second,26.21,1248.0,88.5,5.0,11.75,5.75,11,Maruti,5179.0,0
2607,Hyundai Verna CRDi 1.6 SX Option,Pune,2017,50000,Diesel,Manual,First,22.0,1582.0,126.2,5.0,15.72,11.5,9,Hyundai,5000.0,1
2608,Hyundai EON Era Plus,Jaipur,2015,38000,Petrol,Manual,First,21.1,814.0,55.2,5.0,11.75,2.75,11,Hyundai,3167.0,1
2609,BMW 5 Series 2013-2017 520d Luxury Line,Chennai,2016,30000,Diesel,Automatic,Second,18.12,1995.0,190.0,5.0,31.5,31.5,10,BMW,2727.0,0
2610,Honda Brio S MT,Kochi,2016,38735,Petrol,Manual,First,19.4,1198.0,86.8,5.0,11.75,4.92,10,Honda,3521.0,1
2611,Maruti Ritz VDi,Pune,2012,23598,Diesel,Manual,First,23.2,1248.0,73.94,5.0,11.75,3.52,14,Maruti,1573.0,1
2612,BMW 3 Series 320d Prestige,Chennai,2014,70000,Diesel,Automatic,First,18.88,1995.0,184.0,5.0,17.55,17.55,12,BMW,5385.0,1
2613,Maruti Swift Dzire LDI,Pune,2016,39000,Diesel,Manual,First,26.59,1248.0,74.0,5.0,11.75,5.8,10,Maruti,3545.0,1
2614,Maruti Swift Dzire VDI,Hyderabad,2013,84175,Diesel,Manual,First,23.4,1248.0,74.0,5.0,11.75,6.95,13,Maruti,6012.0,1
2615,Renault Scala RxL,Kolkata,2013,45000,Petrol,Manual,First,16.95,1498.0,97.6,5.0,11.75,2.4,13,Renault,3214.0,1
2616,Chevrolet Cruze LTZ AT,Mumbai,2013,59302,Diesel,Automatic,First,14.39,1998.0,163.7,5.0,11.75,5.25,13,Chevrolet,4236.0,1
2617,Maruti Swift Dzire ZXi,Ahmedabad,2012,55002,Petrol,Manual,First,17.5,1298.0,85.8,5.0,11.75,4.25,14,Maruti,3667.0,1
2618,Tata Indigo CS LX (TDI) BS III,Jaipur,2008,128813,Diesel,Manual,First,19.09,1396.0,69.0,5.0,11.75,1.5,18,Tata,6780.0,1
2619,Hyundai Grand i10 CRDi Sportz,Jaipur,2016,46522,Diesel,Manual,First,24.0,1120.0,70.0,5.0,11.75,4.5,10,Hyundai,4229.0,1
2620,Tata Indica Vista Quadrajet LS,Pune,2014,180000,Diesel,Manual,First,22.3,1248.0,74.0,5.0,11.75,2.5,12,Tata,13846.0,1
2621,Ford Fiesta 1.4 TDCi EXI,Chennai,2006,89326,Diesel,Manual,Third,17.8,1399.0,68.0,5.0,11.75,1.55,20,Ford,4254.0,0
2622,Renault Duster 85PS Diesel RxE,Pune,2016,54000,Diesel,Manual,First,19.87,1461.0,83.8,5.0,11.27,6.5,10,Renault,4909.0,1
2623,BMW 5 Series 520d Sedan,Pune,2012,95000,Diesel,Automatic,Second,18.48,1497.0,98.6,5.0,18.0,18.0,14,BMW,6333.0,0
2624,Hyundai Grand i10 CRDi SportZ Edition,Kochi,2015,66337,Diesel,Manual,First,24.0,1120.0,70.0,5.0,11.75,4.96,11,Hyundai,5528.0,1
2625,Honda Brio S MT,Bangalore,2012,60000,Petrol,Manual,First,19.4,1198.0,86.8,5.0,11.75,3.25,14,Honda,4000.0,1
2626,Audi A4 1.8 TFSI,Kolkata,2010,38001,Petrol,Automatic,First,12.3,1781.0,163.2,5.0,11.75,8.5,16,Audi,2235.0,1
2627,Maruti Alto 800 2016-2019 LXI,Bangalore,2014,73000,Petrol,Manual,Second,24.7,796.0,47.3,5.0,11.75,2.75,12,Maruti,5615.0,0
2628,Hyundai Verna Transform SX VTVT,Bangalore,2011,61000,Petrol,Manual,Second,16.2,1599.0,103.2,5.0,11.75,3.4,15,Hyundai,3812.0,0
2629,Maruti Ertiga ZDI,Hyderabad,2013,120000,Diesel,Manual,First,20.77,1248.0,88.8,7.0,12.34,7.0,13,Maruti,8571.0,1
2630,Chevrolet Optra Magnum 1.6 LT ABS BS3,Kochi,2012,71787,Petrol,Manual,First,12.9,1598.0,102.5,5.0,11.75,3.21,14,Chevrolet,4786.0,1
2631,Hyundai Creta 1.6 CRDi SX Option,Coimbatore,2016,11554,Diesel,Manual,First,19.67,1582.0,126.2,5.0,14.25,14.25,10,Hyundai,1050.0,1
2632,Volkswagen Vento 1.5 TDI Highline,Hyderabad,2014,90000,Diesel,Manual,First,20.34,1498.0,103.2,5.0,14.2,6.5,12,Volkswagen,6923.0,1
2633,Honda City i VTEC SV,Kolkata,2014,48104,Petrol,Manual,First,17.4,1497.0,117.3,5.0,11.75,5.49,12,Honda,3700.0,1
2634,Hyundai Getz GLS ABS,Pune,2005,91000,Petrol,Manual,Third,16.8,1341.0,83.0,5.0,11.75,0.8,21,Hyundai,4136.0,0
2636,Hyundai Grand i10 AT Asta,Coimbatore,2015,33931,Petrol,Automatic,Second,18.9,1197.0,82.0,5.0,11.75,5.91,11,Hyundai,2828.0,0
2637,Hyundai Grand i10 1.2 Kappa Sportz Option,Coimbatore,2019,13916,Petrol,Manual,First,18.9,1197.0,81.86,5.0,11.75,6.44,7,Hyundai,1740.0,1
2639,Hyundai Grand i10 Sportz,Jaipur,2015,14000,Petrol,Manual,First,18.9,1197.0,82.0,5.0,11.75,4.6,11,Hyundai,1167.0,1
2641,Hyundai i20 Asta 1.2,Coimbatore,2016,17560,Petrol,Manual,First,18.6,1197.0,81.83,5.0,11.75,7.21,10,Hyundai,1596.0,1
2642,Renault Duster 85PS Diesel RxL,Pune,2016,60000,Diesel,Manual,First,19.87,1461.0,83.8,5.0,11.75,8.0,10,Renault,5455.0,1
2643,Maruti Swift Dzire VDi,Hyderabad,2009,88096,Diesel,Manual,Second,19.3,1248.0,73.9,5.0,11.75,3.5,17,Maruti,4894.0,0
2644,Toyota Innova 2.5 G (Diesel) 8 Seater BS IV,Pune,2008,178280,Diesel,Manual,First,12.8,2494.0,102.0,8.0,11.75,5.9,18,Toyota,9383.0,1
2645,Tata Nano Twist XT,Coimbatore,2015,19963,Petrol,Manual,Second,25.4,624.0,37.5,4.0,11.75,1.74,11,Tata,1664.0,0
2646,Ford Figo 2015-2019 1.2P Sports Edition MT,Mumbai,2019,1000,Petrol,Manual,First,18.12,1196.0,86.8,5.0,11.75,6.8,7,Ford,125.0,1
2647,Hyundai i20 1.2 Asta Option,Jaipur,2017,8000,Petrol,Manual,First,18.6,1197.0,81.83,5.0,11.75,7.5,9,Hyundai,800.0,1
2648,Honda BRV i-VTEC V MT,Pune,2016,9200,Petrol,Manual,First,15.4,1497.0,117.3,7.0,13.58,8.0,10,Honda,836.0,1
2649,Honda Amaze S Diesel,Hyderabad,2015,29000,Diesel,Manual,First,27.4,1498.0,98.6,5.0,9.09,5.99,11,Honda,2417.0,1
2650,Hyundai Creta 1.6 CRDi SX,Mumbai,2017,27000,Diesel,Manual,First,19.67,1582.0,126.2,5.0,12.9,12.9,9,Hyundai,2700.0,1
2651,Maruti Baleno Zeta 1.2,Delhi,2018,22900,Petrol,Manual,First,21.4,1197.0,83.1,5.0,11.75,7.0,8,Maruti,2544.0,1
2652,Audi Q5 2.0 TDI Technology,Hyderabad,2014,50000,Diesel,Automatic,First,14.16,1968.0,174.3,5.0,35.0,35.0,12,Audi,3846.0,1
2653,Honda Amaze S i-DTEC,Jaipur,2015,60207,Diesel,Manual,First,25.8,1498.0,98.6,5.0,11.75,5.5,11,Honda,5017.0,1
2654,BMW X5 3.0d,Coimbatore,2010,101119,Diesel,Automatic,First,11.0,2993.0,235.0,5.0,18.46,18.46,16,BMW,5948.0,1
2655,Ford Figo Petrol Titanium,Jaipur,2010,42000,Petrol,Manual,First,15.6,1196.0,70.0,5.0,11.75,2.4,16,Ford,2471.0,1
2656,Maruti Wagon R VXI,Pune,2002,93000,Petrol,Manual,Third,18.9,998.0,67.1,5.0,5.44,1.0,24,Maruti,3720.0,0
2657,Hyundai i10 Era,Ahmedabad,2012,60000,Petrol,Manual,Second,19.81,1086.0,68.05,5.0,11.75,2.65,14,Hyundai,4000.0,0
2658,Skoda Rapid 1.5 TDI AT Elegance,Kochi,2015,66122,Diesel,Automatic,First,21.66,1498.0,103.52,5.0,11.75,5.96,11,Skoda,5510.0,1
2659,Porsche Panamera Diesel,Kolkata,2015,25100,Diesel,Automatic,First,17.85,2967.0,300.0,4.0,75.0,75.0,11,Porsche,2092.0,1
2660,Mercedes-Benz CLA 200 Sport Edition,Kochi,2017,24733,Petrol,Automatic,First,15.04,1991.0,183.0,5.0,27.15,27.15,9,Mercedes-Benz,2473.0,1
2661,Audi A6 2.8 FSI,Ahmedabad,2008,41000,Petrol,Automatic,Second,10.4,2773.0,201.0,5.0,11.75,10.5,18,Audi,2158.0,0
2662,Maruti Ciaz ZXi Plus,Chennai,2015,30000,Petrol,Manual,First,20.73,1373.0,91.1,5.0,11.75,6.7,11,Maruti,2500.0,1
2663,Ford Ecosport 1.5 DV5 MT Titanium,Kolkata,2013,36000,Diesel,Manual,First,22.7,1498.0,89.84,5.0,11.75,4.9,13,Ford,2571.0,1
2664,Mahindra Bolero mHAWK D70 ZLX,Hyderabad,2017,40279,Diesel,Manual,First,16.5,1493.0,70.0,7.0,11.75,8.0,9,Mahindra,4028.0,1
2665,Maruti Alto K10 VXI,Kochi,2018,46805,Petrol,Manual,First,24.07,998.0,67.1,5.0,4.09,3.63,8,Maruti,5201.0,1
2666,Maruti Swift Dzire 1.2 Vxi BSIV,Mumbai,2015,60000,Petrol,Manual,First,17.5,1197.0,85.8,5.0,11.75,4.8,11,Maruti,5000.0,1
2667,Tata Zest Revotron 1.2T XE,Mumbai,2017,100000,Petrol,Manual,First,17.57,1193.0,88.7,5.0,6.83,4.25,9,Tata,10000.0,1
2668,Maruti Swift 1.3 VXi,Kolkata,2014,32986,Petrol,Manual,First,16.1,1497.0,98.6,5.0,11.75,4.24,12,Maruti,2537.0,1
2669,Ford Endeavour 3.2 Trend AT 4X4,Coimbatore,2018,51530,Diesel,Automatic,First,10.91,3198.0,197.2,7.0,30.27,30.27,8,Ford,5726.0,1
2670,Mercedes-Benz New C-Class C 220 CDI CLASSIC,Jaipur,2013,81456,Diesel,Manual,First,15.8,2148.0,170.0,5.0,14.25,14.25,13,Mercedes-Benz,5818.0,1
2671,Hyundai i10 Sportz AT,Ahmedabad,2012,37229,Petrol,Automatic,First,16.95,1197.0,78.9,5.0,11.75,3.41,14,Hyundai,2482.0,1
2672,Honda City 1.5 S MT,Delhi,2009,73200,Petrol,Manual,First,17.0,1497.0,118.0,5.0,11.75,2.78,17,Honda,4067.0,1
2673,Skoda Octavia Elegance 2.0 TDI AT,Ahmedabad,2015,71826,Diesel,Automatic,First,19.3,1968.0,141.0,5.0,15.5,15.5,11,Skoda,5986.0,1
2674,Tata Indica V2 eLS,Chennai,2017,129000,Diesel,Manual,First,25.0,1396.0,69.0,5.0,11.75,3.0,9,Tata,12900.0,1
2675,Maruti Wagon R VXi BSII,Pune,2012,82000,Petrol,Manual,First,18.9,998.0,67.1,5.0,11.75,2.3,14,Maruti,5467.0,1
2676,Hyundai Creta 1.6 CRDi SX,Kochi,2017,40459,Diesel,Manual,First,19.67,1582.0,126.2,5.0,13.28,13.28,9,Hyundai,4046.0,1
2677,Maruti A-Star Lxi,Hyderabad,2009,61964,Petrol,Manual,First,19.0,998.0,66.1,5.0,11.75,2.25,17,Maruti,3442.0,1
2678,Maruti Wagon R LXI,Kochi,2011,15466,Petrol,Manual,First,22.5,998.0,67.04,5.0,5.04,3.36,15,Maruti,967.0,1
2679,Honda Mobilio E i VTEC,Kolkata,2014,23000,Petrol,Manual,First,17.3,1497.0,117.3,7.0,11.75,4.25,12,Honda,1769.0,1
2680,Hyundai i10 Magna,Coimbatore,2012,43766,Petrol,Manual,First,20.36,1197.0,78.9,5.0,11.75,4.3,14,Hyundai,2918.0,1
2681,Skoda Superb 3.6 V6 FSI,Hyderabad,2010,54000,Petrol,Automatic,First,0.0,3597.0,262.6,5.0,11.75,6.0,16,Skoda,3176.0,1
2682,Hyundai i20 1.4 Sportz,Coimbatore,2018,18521,Diesel,Manual,First,22.54,1396.0,88.73,5.0,11.75,9.18,8,Hyundai,2058.0,1
2683,Maruti Celerio ZXI Optional,Hyderabad,2017,26400,Petrol,Manual,First,23.1,998.0,67.04,5.0,11.75,4.99,9,Maruti,2640.0,1
2684,Skoda Laura 1.8 TSI Ambiente,Pune,2011,31900,Petrol,Manual,First,13.4,1798.0,157.8,5.0,11.75,3.75,15,Skoda,1994.0,1
2685,Ford Figo Diesel LXI,Chennai,2010,39000,Diesel,Manual,First,20.0,1399.0,68.0,5.0,11.75,2.5,16,Ford,2294.0,1
2686,Honda Jazz 1.5 VX i DTEC,Hyderabad,2016,45671,Diesel,Manual,First,27.3,1498.0,98.6,5.0,11.75,7.2,10,Honda,4152.0,1
2687,Mercedes-Benz E-Class 2015-2017 E250 Edition E,Ahmedabad,2016,39500,Diesel,Automatic,First,15.0,2143.0,204.0,5.0,29.5,29.5,10,Mercedes-Benz,3591.0,1
2688,Mercedes-Benz GLA Class 200 CDI SPORT,Chennai,2015,54000,Diesel,Automatic,First,17.9,2143.0,136.0,5.0,17.55,17.55,11,Mercedes-Benz,4500.0,1
2689,Volvo S60 D3,Chennai,2012,20000,Diesel,Automatic,First,18.5,1985.0,163.0,5.0,12.0,12.0,14,Volvo,1333.0,1
2690,Audi A8 L 3.0 TDI quattro,Bangalore,2009,55000,Diesel,Automatic,First,11.8,2967.0,246.7,5.0,13.5,13.5,17,Audi,3056.0,1
2691,Hyundai Verna 1.6 SX CRDI (O) AT,Kolkata,2014,48000,Diesel,Automatic,First,22.32,1582.0,126.32,5.0,11.75,5.1,12,Hyundai,3692.0,1
2692,BMW 3 Series 320d,Kolkata,2011,70000,Diesel,Automatic,First,22.69,1995.0,190.0,5.0,43.81,10.3,15,BMW,4375.0,1
2693,Hyundai Verna 1.6 SX,Delhi,2014,62000,Diesel,Manual,First,22.32,1582.0,126.32,5.0,11.75,5.7,12,Hyundai,4769.0,1
2694,Maruti Wagon R VXI,Kochi,2014,41994,Petrol,Manual,First,22.5,998.0,67.04,5.0,5.12,3.41,12,Maruti,3230.0,1
2695,Ford Figo Diesel EXI,Hyderabad,2010,108882,Diesel,Manual,Second,20.0,1399.0,68.0,5.0,11.75,2.4,16,Ford,6405.0,0
2696,Mahindra KUV 100 mFALCON G80 K2,Coimbatore,2017,24806,Petrol,Manual,First,18.15,1198.0,82.0,6.0,11.75,5.6,9,Mahindra,2481.0,1
2697,Tata Indigo LS,Pune,2006,160000,Diesel,Manual,First,17.0,1405.0,70.0,5.0,11.75,1.0,20,Tata,7619.0,1
2698,Mahindra TUV 300 T8 AMT,Hyderabad,2017,30000,Diesel,Automatic,First,18.49,1493.0,100.0,7.0,11.75,8.2,9,Mahindra,3000.0,1
2699,Audi Q3 35 TDI Quattro Premium Plus,Bangalore,2015,51000,Diesel,Automatic,First,15.17,1968.0,181.0,5.0,48.64,27.5,11,Audi,4250.0,1
2700,Maruti Wagon R VXI 1.2,Jaipur,2015,64876,Petrol,Manual,First,21.5,1197.0,81.8,5.0,5.71,3.5,11,Maruti,5406.0,1
2702,Maruti Vitara Brezza ZDi Plus Dual Tone,Coimbatore,2017,25299,Diesel,Manual,First,24.3,1248.0,88.5,5.0,12.56,10.34,9,Maruti,2530.0,1
2703,Mahindra Scorpio DX 2.6 Turbo 8 Str,Mumbai,2006,89869,Diesel,Manual,First,12.7,2609.0,116.6,8.0,11.75,3.25,20,Mahindra,4279.0,1
2704,Hyundai Tucson CRDi,Jaipur,2007,103515,Diesel,Manual,Third,12.6,1991.0,112.0,7.0,11.75,5.0,19,Hyundai,5176.0,0
2705,Hyundai Santro Xing GLS,Hyderabad,2008,68282,Petrol,Manual,First,17.92,1086.0,62.1,5.0,11.75,2.25,18,Hyundai,3594.0,1
2706,Porsche Panamera Diesel 250hp,Kochi,2014,60033,Diesel,Automatic,First,18.18,2967.0,250.0,4.0,51.52,51.52,12,Porsche,4618.0,1
2707,Maruti Vitara Brezza VDi Option,Kochi,2018,51921,Diesel,Manual,First,24.3,1248.0,88.5,5.0,11.75,8.62,8,Maruti,5769.0,1
2708,Maruti Swift Dzire VDI,Mumbai,2017,18414,Diesel,Manual,First,23.4,1248.0,74.0,5.0,11.75,7.25,9,Maruti,1841.0,1
2709,Honda Amaze V Petrol,Kochi,2016,40866,Petrol,Manual,First,19.5,1199.0,86.76,5.0,8.16,5.47,10,Honda,3715.0,1
2710,Jaguar XF 2.2 Litre Luxury,Pune,2014,55001,Diesel,Automatic,First,16.36,2179.0,187.7,5.0,31.0,31.0,12,Jaguar,4231.0,1
2711,Mini Cooper Convertible S,Kochi,2017,20469,Petrol,Automatic,First,16.82,1998.0,189.08,4.0,44.28,35.98,9,Mini,2047.0,1
2712,Hyundai EON Era Plus,Jaipur,2017,8500,Petrol,Manual,First,21.1,814.0,55.2,5.0,11.75,3.42,9,Hyundai,850.0,1
2713,Audi A6 3.0 TDI quattro,Ahmedabad,2008,45000,Diesel,Automatic,Second,16.77,2967.0,241.38,5.0,11.75,11.5,18,Audi,2368.0,0
2714,Hyundai i20 Active 1.2 SX Dual Tone,Pune,2016,6000,Petrol,Manual,First,17.19,1197.0,81.86,5.0,11.75,7.25,10,Hyundai,545.0,1
2715,Maruti Swift AMT DDiS VDI,Chennai,2018,11000,Diesel,Manual,First,28.4,1248.0,74.0,5.0,11.75,8.0,8,Maruti,1222.0,1
2716,Ford Ecosport 1.5 DV5 MT Titanium,Kochi,2015,80064,Diesel,Manual,First,22.7,1498.0,89.84,5.0,11.75,7.33,11,Ford,6672.0,1
2717,Maruti Wagon R VXI BS IV with ABS,Kolkata,2016,29930,Petrol,Manual,First,18.9,998.0,67.1,5.0,11.75,3.35,10,Maruti,2721.0,1
2718,Volkswagen Vento 1.5 TDI Highline,Mumbai,2013,49105,Diesel,Manual,First,20.34,1498.0,103.2,5.0,14.2,4.4,13,Volkswagen,3508.0,1
2719,Toyota Etios VX,Kolkata,2012,55000,Petrol,Manual,First,17.6,1496.0,88.7,5.0,11.75,2.99,14,Toyota,3667.0,1
2720,Honda Jazz 1.2 SV i VTEC,Bangalore,2015,23000,Petrol,Manual,First,18.7,1199.0,88.7,5.0,11.75,5.6,11,Honda,1917.0,1
2721,Volkswagen CrossPolo 1.5 TDI,Coimbatore,2016,54727,Diesel,Manual,First,20.14,1498.0,88.73,5.0,11.75,6.63,10,Volkswagen,4975.0,1
2722,Volkswagen Ameo 1.5 TDI Highline,Kochi,2018,31426,Diesel,Manual,First,21.66,1498.0,108.62,5.0,9.72,7.9,8,Volkswagen,3492.0,1
2723,Honda City V MT Exclusive,Kochi,2015,53442,Petrol,Manual,First,16.8,1497.0,116.3,5.0,11.75,7.0,11,Honda,4454.0,1
2724,Honda Brio VX AT,Hyderabad,2014,28000,Petrol,Automatic,First,16.5,1198.0,86.8,5.0,11.75,4.95,12,Honda,2154.0,1
2725,Skoda Rapid 1.6 MPI AT Style,Mumbai,2017,13412,Petrol,Automatic,First,14.3,1598.0,103.52,5.0,11.75,9.19,9,Skoda,1341.0,1
2726,Hyundai Verna CRDi,Hyderabad,2011,70000,Diesel,Manual,First,16.8,1493.0,110.0,5.0,11.75,5.1,15,Hyundai,4375.0,1
2727,Hyundai i20 Active S Diesel,Jaipur,2015,81310,Diesel,Manual,First,21.19,1396.0,88.76,5.0,11.75,5.9,11,Hyundai,6776.0,1
2728,Maruti Baleno Alpha CVT,Kochi,2019,13574,Petrol,Automatic,First,21.4,1197.0,83.1,5.0,10.3,9.51,7,Maruti,1697.0,1
2729,Honda CR-V 2.4L 4WD MT,Mumbai,2008,75000,Petrol,Manual,Second,11.1,2354.0,158.8,5.0,11.75,3.9,18,Honda,3947.0,0
2730,Maruti Swift Dzire VXI,Coimbatore,2014,58310,Petrol,Manual,Second,19.1,1197.0,85.8,5.0,11.75,5.39,12,Maruti,4485.0,0
2731,Maruti Swift Dzire VDi,Pune,2009,90000,Diesel,Manual,Second,19.3,1248.0,73.9,5.0,11.75,3.0,17,Maruti,5000.0,0
2732,Maruti Swift Dzire ZDI,Jaipur,2012,83000,Diesel,Manual,First,23.4,1248.0,74.0,5.0,11.75,4.3,14,Maruti,5533.0,1
2733,Maruti Swift Dzire ZXI,Jaipur,2017,37282,Petrol,Manual,First,20.85,1197.0,83.14,5.0,11.75,6.75,9,Maruti,3728.0,1
2734,Hyundai Grand i10 Sportz,Jaipur,2017,23000,Petrol,Manual,First,18.9,1197.0,82.0,5.0,11.75,4.5,9,Hyundai,2300.0,1
2735,Ford Fiesta 1.4 ZXi TDCi ABS,Chennai,2010,82000,Diesel,Manual,First,17.8,1399.0,68.0,5.0,11.75,2.75,16,Ford,4824.0,1
2736,Hyundai Verna 1.6 CRDi S,Chennai,2016,31000,Diesel,Manual,First,23.9,1582.0,126.2,5.0,11.75,9.0,10,Hyundai,2818.0,1
2737,Maruti Wagon R Vx,Jaipur,2001,200000,Petrol,Manual,First,12.0,1497.0,98.6,5.0,11.75,0.7,25,Maruti,7692.0,1
2738,Ford Figo Diesel EXI,Delhi,2014,45001,Diesel,Manual,Second,20.0,1399.0,68.05,5.0,11.75,2.55,12,Ford,3462.0,0
2739,Tata Manza Aqua Quadrajet BS IV,Coimbatore,2014,50446,Diesel,Manual,First,21.12,1248.0,88.8,5.0,11.75,3.54,12,Tata,3880.0,1
2740,Honda Civic 2006-2010 1.8 S MT,Ahmedabad,2009,89000,Petrol,Manual,First,13.5,1799.0,130.0,5.0,11.75,4.25,17,Honda,4944.0,1
2741,Maruti Alto LX BSIII,Ahmedabad,2007,72000,Petrol,Manual,Second,19.7,796.0,46.3,5.0,11.75,1.2,19,Maruti,3600.0,0
2742,BMW 5 Series 520d Luxury Line,Ahmedabad,2013,90000,Diesel,Automatic,First,22.48,1995.0,190.0,5.0,63.71,19.5,13,BMW,6429.0,1
2743,Mahindra XUV500 W8 2WD,Bangalore,2015,76000,Diesel,Manual,Second,16.0,2179.0,140.0,7.0,12.0,12.0,11,Mahindra,6333.0,0
2744,Maruti Ritz VDi,Hyderabad,2012,78401,Diesel,Manual,First,23.2,1248.0,73.94,5.0,11.75,3.9,14,Maruti,5227.0,1
2745,Maruti Vitara Brezza ZDi Plus,Kochi,2017,38426,Diesel,Manual,First,24.3,1248.0,88.5,5.0,11.12,9.13,9,Maruti,3843.0,1
2746,Maruti Eeco 7 Seater Standard,Pune,2011,45000,Petrol,Manual,First,15.1,1196.0,73.0,7.0,4.69,2.25,15,Maruti,2812.0,1
2747,Maruti Swift Dzire 1.2 Vxi BSIV,Mumbai,2012,83000,Petrol,Manual,First,17.5,1197.0,85.8,5.0,11.75,3.25,14,Maruti,5533.0,1
2748,Hyundai Creta 1.6 CRDi AT SX Plus,Coimbatore,2017,50170,Diesel,Automatic,First,17.01,1582.0,126.2,5.0,14.79,14.79,9,Hyundai,5017.0,1
2749,Maruti Wagon R LXI,Mumbai,2010,37822,Petrol,Manual,First,22.5,998.0,67.04,5.0,5.04,2.35,16,Maruti,2225.0,1
2750,Maruti Celerio ZDi,Kolkata,2015,33517,Diesel,Manual,First,27.62,793.0,47.0,5.0,11.75,3.1,11,Maruti,2793.0,1
2751,Hyundai Santa Fe 2WD AT,Delhi,2014,110000,Diesel,Automatic,First,13.01,2199.0,194.3,7.0,12.9,12.9,12,Hyundai,8462.0,1
2752,Hyundai EON D Lite Plus Option,Kolkata,2017,60000,Petrol,Manual,First,21.1,814.0,55.2,5.0,11.75,2.5,9,Hyundai,6000.0,1
2753,Hyundai i20 Sportz 1.2,Delhi,2013,92408,Petrol,Manual,First,18.5,1197.0,82.85,5.0,11.75,3.65,13,Hyundai,6601.0,1
2754,Hyundai Verna 1.6 SX VTVT (O),Bangalore,2014,45000,Petrol,Manual,First,17.1,1591.0,121.3,5.0,11.75,7.5,12,Hyundai,3462.0,1
2755,Honda Brio S Option MT,Kochi,2013,33793,Petrol,Manual,First,18.4,1198.0,86.8,5.0,11.75,3.74,13,Honda,2414.0,1
2756,Maruti Swift VXI Optional,Kochi,2017,26327,Petrol,Manual,First,20.4,1197.0,81.8,5.0,11.75,5.86,9,Maruti,2633.0,1
2757,Mercedes-Benz New C-Class C 220d Avantgarde Edition C,Coimbatore,2018,20604,Diesel,Automatic,First,19.27,2143.0,167.62,5.0,39.62,39.62,8,Mercedes-Benz,2289.0,1
2758,Maruti Swift VDI Optional,Coimbatore,2018,61386,Diesel,Manual,First,25.2,1248.0,74.0,5.0,11.75,7.05,8,Maruti,6821.0,1
2759,Maruti Swift AMT VDI,Delhi,2018,11500,Diesel,Automatic,First,28.4,1248.0,74.0,5.0,11.75,7.5,8,Maruti,1278.0,1
2760,Chevrolet Beat Diesel LS,Chennai,2012,58000,Diesel,Manual,First,25.44,936.0,57.6,5.0,11.75,2.1,14,Chevrolet,3867.0,1
2761,Skoda Superb Elegance 1.8 TSI AT,Delhi,2014,38000,Petrol,Automatic,First,13.7,1798.0,157.75,5.0,11.75,11.6,12,Skoda,2923.0,1
2762,Mercedes-Benz New C-Class C 220 CDI BE Avantgare,Bangalore,2012,49000,Diesel,Automatic,Second,14.84,2143.0,167.62,5.0,19.25,19.25,14,Mercedes-Benz,3267.0,0
2763,Toyota Innova Crysta 2.4 VX MT 8S,Coimbatore,2017,72202,Diesel,Manual,First,13.68,2393.0,147.8,8.0,24.01,17.92,9,Toyota,7220.0,1
2764,Hyundai i10 Sportz,Kolkata,2016,7000,Petrol,Manual,First,20.36,1197.0,78.9,5.0,11.75,3.6,10,Hyundai,636.0,1
2765,Honda Amaze S i-DTEC,Ahmedabad,2014,20000,Diesel,Manual,Second,25.8,1498.0,98.6,5.0,11.75,4.5,12,Honda,1538.0,0
2766,Hyundai i20 Magna 1.4 CRDi (Diesel),Hyderabad,2017,14061,Diesel,Manual,First,21.9,1396.0,88.76,5.0,11.75,7.4,9,Hyundai,1406.0,1
2767,Mercedes-Benz GLE 350d,Coimbatore,2018,30706,Diesel,Automatic,First,11.57,2987.0,254.79,5.0,95.13,59.29,8,Mercedes-Benz,3412.0,1
2768,Mahindra Scorpio 2009-2014 SLE 7S BSIV,Kolkata,2011,51387,Diesel,Manual,First,12.05,2179.0,120.0,7.0,11.75,5.5,15,Mahindra,3212.0,1
2769,Hyundai Getz GLE,Bangalore,2006,44000,Petrol,Manual,Second,15.3,1341.0,83.0,5.0,11.75,1.75,20,Hyundai,2095.0,0
2770,Maruti Baleno Alpha,Mumbai,2016,12208,Petrol,Manual,First,21.4,1197.0,83.1,5.0,8.78,6.75,10,Maruti,1110.0,1
2771,Chevrolet Optra Magnum 2.0 LT,Chennai,2011,55000,Diesel,Manual,First,16.52,1991.0,123.7,5.0,11.75,3.95,15,Chevrolet,3438.0,1
2772,Hyundai Verna 1.6 SX VTVT (O),Mumbai,2011,61600,Petrol,Manual,First,17.1,1591.0,121.3,5.0,11.75,4.2,15,Hyundai,3850.0,1
2773,Honda City 1.5 V MT,Hyderabad,2016,28414,Petrol,Manual,First,17.0,1497.0,118.0,5.0,11.75,8.4,10,Honda,2583.0,1
2774,Volkswagen Polo GT TSI,Mumbai,2017,27853,Petrol,Automatic,First,17.21,1197.0,103.5,5.0,11.26,8.25,9,Volkswagen,2785.0,1
2775,Honda Brio E MT,Bangalore,2013,55116,Petrol,Manual,First,19.4,1198.0,86.8,5.0,11.75,3.31,13,Honda,3937.0,1
2776,Maruti Swift Dzire VDI,Ahmedabad,2017,26000,Diesel,Manual,First,26.59,1248.0,74.0,5.0,11.75,7.5,9,Maruti,2600.0,1
2777,Honda City 1.5 V MT Exclusive,Pune,2012,45496,Petrol,Manual,First,17.0,1497.0,118.0,5.0,11.75,4.75,14,Honda,3033.0,1
2778,Mahindra Ssangyong Rexton RX7,Pune,2013,76000,Diesel,Automatic,Second,11.18,2696.0,184.0,7.0,11.75,8.79,13,Mahindra,5429.0,0
2779,Skoda Superb Elegance 1.8 TSI MT,Pune,2014,136000,Petrol,Manual,First,13.1,1798.0,157.75,5.0,11.75,9.5,12,Skoda,10462.0,1
2780,Hyundai Santro GLS II - Euro II,Pune,2009,100000,Petrol,Manual,First,0.0,1497.0,98.6,5.0,11.75,1.6,17,Hyundai,5556.0,1
2781,Maruti Alto LXi,Kolkata,2010,38127,Petrol,Manual,First,19.7,796.0,46.3,5.0,11.75,1.55,16,Maruti,2243.0,1
2782,Hyundai i20 Asta (o) 1.4 CRDi (Diesel),Jaipur,2014,82450,Diesel,Manual,First,23.0,1396.0,90.0,5.0,11.75,5.85,12,Hyundai,6342.0,1
2783,Ford Ecosport 1.5 Ti VCT MT Trend,Coimbatore,2014,62497,Petrol,Manual,First,15.8,1499.0,110.0,5.0,11.75,7.52,12,Ford,4807.0,1
2784,Nissan Micra Diesel XV,Hyderabad,2011,86732,Diesel,Manual,First,23.08,1461.0,63.1,5.0,11.75,3.6,15,Nissan,5421.0,1
2785,Honda Brio E MT,Kochi,2016,27969,Petrol,Manual,First,19.4,1198.0,86.8,5.0,11.75,4.73,10,Honda,2543.0,1
2786,Mahindra Ssangyong Rexton RX7,Delhi,2013,66372,Diesel,Automatic,First,11.18,2696.0,184.0,7.0,11.75,10.5,13,Mahindra,4741.0,1
2787,BMW 7 Series 730Ld Sedan,Coimbatore,2013,73525,Diesel,Automatic,First,16.46,2993.0,258.0,5.0,34.54,34.54,13,BMW,5252.0,1
2788,Hyundai Grand i10 1.2 Kappa Sportz,Kochi,2018,20689,Petrol,Manual,First,18.9,1197.0,81.86,5.0,6.68,6.07,8,Hyundai,2299.0,1
2789,Maruti Baleno Delta 1.2,Coimbatore,2018,25093,Petrol,Manual,First,21.4,1197.0,83.1,5.0,11.75,7.76,8,Maruti,2788.0,1
2790,Mahindra Xylo E8 ABS BS IV,Coimbatore,2016,49176,Diesel,Manual,First,11.68,2498.0,112.0,8.0,11.75,7.46,10,Mahindra,4471.0,1
2791,Renault Fluence Diesel E4,Delhi,2012,87510,Diesel,Manual,First,21.8,1461.0,78.0,5.0,11.75,3.49,14,Renault,5834.0,1
2792,Hyundai i20 1.2 Magna,Coimbatore,2012,38214,Petrol,Manual,Second,18.5,1197.0,80.0,5.0,11.75,4.05,14,Hyundai,2548.0,0
2793,Mitsubishi Pajero 2.8 SFX,Kochi,2013,48986,Diesel,Manual,First,10.5,2835.0,107.2,6.0,11.88,11.88,13,Mitsubishi,3499.0,1
2794,Toyota Corolla Altis 2008-2013 1.8 VL AT,Pune,2011,88000,Petrol,Automatic,First,14.53,1794.0,138.1,5.0,11.75,6.45,15,Toyota,5500.0,1
2795,BMW X5 X5 M,Pune,2015,69002,Diesel,Automatic,First,15.97,2993.0,258.0,5.0,50.0,50.0,11,BMW,5750.0,1
2796,BMW 3 Series 2005-2011 325i Sedan,Pune,2011,43706,Petrol,Automatic,First,10.9,2497.0,215.0,5.0,11.75,9.0,15,BMW,2732.0,1
2797,Hyundai Creta 1.6 CRDi AT SX Plus,Coimbatore,2016,58671,Diesel,Automatic,First,17.01,1582.0,126.2,5.0,14.25,14.25,10,Hyundai,5334.0,1
2798,Mahindra TUV 300 2015-2019 T8,Coimbatore,2017,49404,Diesel,Manual,First,18.49,1493.0,100.0,7.0,11.75,7.36,9,Mahindra,4940.0,1
2799,Mahindra Scorpio VLX 2.2 mHawk BSIII,Delhi,2010,72000,Diesel,Manual,First,12.05,2179.0,120.0,8.0,11.75,4.4,16,Mahindra,4235.0,1
2800,Renault KWID RXT,Mumbai,2016,24000,Petrol,Manual,First,25.17,799.0,53.3,5.0,11.75,3.1,10,Renault,2182.0,1
2801,Renault KWID 1.0 RXT Optional AMT,Coimbatore,2017,53285,Petrol,Automatic,First,22.5,999.0,67.0,5.0,5.42,4.28,9,Renault,5328.0,1
2802,Maruti Swift VXi BSIV,Pune,2017,12000,Petrol,Manual,First,16.1,1197.0,85.0,5.0,11.75,5.5,9,Maruti,1200.0,1
2803,Skoda Laura 1.9 TDI AT Ambiente,Kolkata,2012,45000,Diesel,Automatic,First,17.0,1896.0,105.0,5.0,11.75,6.99,14,Skoda,3000.0,1
2804,Maruti Alto 800 2016-2019 VXI,Coimbatore,2018,26234,Petrol,Manual,First,24.7,796.0,47.3,5.0,11.75,4.29,8,Maruti,2915.0,1
2805,Maruti Swift VXI,Delhi,2014,55000,Petrol,Manual,First,18.6,1197.0,85.8,5.0,6.995,4.2,12,Maruti,4231.0,1
2806,Hyundai i20 1.4 CRDi Sportz,Pune,2012,90000,Diesel,Manual,First,23.0,1396.0,90.0,5.0,11.75,4.11,14,Hyundai,6000.0,1
2807,Audi Q3 2012-2015 35 TDI Quattro Premium,Mumbai,2015,48000,Diesel,Automatic,First,15.73,1968.0,174.33,5.0,18.75,18.75,11,Audi,4000.0,1
2808,Mercedes-Benz GLE 350d,Mumbai,2017,19863,Diesel,Automatic,First,11.57,2987.0,254.79,5.0,91.23,64.95,9,Mercedes-Benz,1986.0,1
2809,Hyundai i10 Era,Mumbai,2010,55000,Petrol,Manual,Second,19.81,1086.0,68.05,5.0,11.75,1.59,16,Hyundai,3235.0,0
2810,Maruti Wagon R LXI Optional,Kolkata,2016,4800,Petrol,Manual,First,20.51,998.0,67.04,5.0,11.75,3.6,10,Maruti,436.0,1
2811,Honda City i VTEC V,Kochi,2017,38607,Petrol,Manual,Second,17.8,1497.0,117.3,5.0,11.75,7.87,9,Honda,3861.0,0
2812,Hyundai Grand i10 1.2 Kappa Sportz,Mumbai,2018,3958,Petrol,Manual,First,18.9,1197.0,81.86,5.0,7.14,5.55,8,Hyundai,440.0,1
2813,Honda City i DTEC VX,Jaipur,2014,74000,Diesel,Manual,Second,25.1,1498.0,98.6,5.0,11.75,6.4,12,Honda,5692.0,0
2814,Maruti Swift Dzire VXi,Mumbai,2009,54540,Petrol,Manual,Third,17.5,1298.0,85.8,5.0,11.75,2.65,17,Maruti,3030.0,0
2815,Maruti Swift Dzire ZXi,Delhi,2015,58400,Petrol,Manual,First,17.5,1298.0,85.8,5.0,11.75,5.5,11,Maruti,4867.0,1
2816,Mahindra XUV500 W8 2WD,Kochi,2013,73648,Diesel,Manual,First,15.1,2179.0,140.0,7.0,11.75,7.31,13,Mahindra,5261.0,1
2817,Maruti Ciaz ZDi Plus SHVS,Jaipur,2016,83000,Diesel,Manual,First,28.09,1248.0,88.5,5.0,11.75,7.1,10,Maruti,7545.0,1
2818,Hyundai Verna 1.6 SX CRDi (O),Kochi,2016,16159,Diesel,Manual,First,22.32,1582.0,126.32,5.0,11.75,7.83,10,Hyundai,1469.0,1
2819,Hyundai Accent CRDi,Mumbai,2005,150000,Diesel,Manual,First,13.1,1493.0,82.0,5.0,11.75,0.85,21,Hyundai,6818.0,1
2820,Honda Brio S MT,Mumbai,2014,22100,Petrol,Manual,First,19.4,1198.0,86.8,5.0,11.75,3.55,12,Honda,1700.0,1
2821,Hyundai i20 Active 1.2 SX,Coimbatore,2017,35043,Petrol,Manual,First,17.19,1197.0,81.86,5.0,11.75,8.19,9,Hyundai,3504.0,1
2822,BMW 3 Series 320d Sport Line,Pune,2018,24000,Diesel,Automatic,First,18.88,1995.0,184.0,5.0,28.0,28.0,8,BMW,2667.0,1
2823,Volkswagen Jetta 2013-2015 2.0L TDI Highline AT,Chennai,2015,480000,Diesel,Automatic,First,16.96,1968.0,138.03,5.0,13.0,13.0,11,Volkswagen,40000.0,1
2824,Volkswagen Polo Petrol Highline 1.6L,Chennai,2011,70000,Petrol,Manual,Second,15.26,1598.0,103.5,5.0,11.75,3.29,15,Volkswagen,4375.0,0
2825,Maruti Swift VXi BSIV,Pune,2015,13769,Petrol,Manual,Second,16.1,1197.0,85.0,5.0,11.75,4.41,11,Maruti,1147.0,0
2826,Renault Duster 110PS Diesel RxZ,Kolkata,2013,58000,Diesel,Manual,First,19.01,1461.0,108.45,5.0,15.01,4.99,13,Renault,4143.0,1
2827,BMW X3 xDrive 20d Luxury Line,Hyderabad,2009,58000,Diesel,Automatic,First,18.56,1995.0,190.0,5.0,69.59,17.98,17,BMW,3222.0,1
2828,Fiat Avventura MULTIJET Emotion,Coimbatore,2018,18705,Diesel,Manual,First,20.5,1248.0,91.72,5.0,11.75,7.71,8,Fiat,2078.0,1
2829,Maruti Wagon R Stingray VXI,Delhi,2013,32378,Petrol,Manual,First,20.51,998.0,67.04,5.0,11.75,2.8,13,Maruti,2313.0,1
2830,Chevrolet Sail Hatchback LS ABS,Kolkata,2013,45000,Diesel,Manual,First,22.1,1248.0,76.9,5.0,11.75,3.0,13,Chevrolet,3214.0,1
2831,Mahindra XUV500 W8 2WD,Coimbatore,2015,36836,Diesel,Manual,First,15.1,2179.0,140.0,7.0,12.49,12.49,11,Mahindra,3070.0,1
2832,Tata Zest Quadrajet 1.3,Kochi,2016,54199,Diesel,Manual,First,23.0,1248.0,88.8,5.0,11.75,5.0,10,Tata,4927.0,1
2833,BMW X3 xDrive20d xLine,Kochi,2017,36935,Diesel,Automatic,First,18.56,1995.0,190.0,5.0,32.64,32.64,9,BMW,3694.0,1
2834,Maruti Swift VDI BSIV,Chennai,2015,23000,Diesel,Manual,First,25.2,1248.0,74.0,5.0,11.75,6.5,11,Maruti,1917.0,1
2835,BMW 5 Series 2013-2017 520d Luxury Line,Bangalore,2015,14000,Diesel,Automatic,First,18.12,1995.0,190.0,5.0,35.0,35.0,11,BMW,1167.0,1
2836,Tata Indigo CS eVX,Chennai,2015,100073,Diesel,Manual,Second,25.0,1396.0,69.01,5.0,11.75,2.0,11,Tata,8339.0,0
2837,Mahindra XUV500 W8 2WD,Kochi,2015,59182,Diesel,Manual,First,15.1,2179.0,140.0,7.0,11.75,9.46,11,Mahindra,4932.0,1
2838,Audi Q7 35 TDI Quattro Premium Plus,Kochi,2016,72132,Diesel,Automatic,Second,12.07,2967.0,241.4,7.0,39.0,39.0,10,Audi,6557.0,0
2839,BMW 5 Series 2003-2012 520d,Hyderabad,2009,79000,Diesel,Automatic,First,18.48,1995.0,177.0,5.0,15.0,15.0,17,BMW,4389.0,1
2840,Hyundai Verna 1.6 SX VTVT (O),Coimbatore,2013,66930,Petrol,Manual,First,17.1,1591.0,121.3,5.0,11.75,6.15,13,Hyundai,4781.0,1
2841,Hyundai Santa Fe 4WD AT,Pune,2015,100000,Diesel,Automatic,Second,13.01,2199.0,194.3,7.0,14.5,14.5,11,Hyundai,8333.0,0
2842,Hyundai Santro GLS II - Euro II,Bangalore,2012,43000,Petrol,Manual,First,0.0,1497.0,98.6,5.0,11.75,3.25,14,Hyundai,2867.0,1
2843,Maruti Wagon R AMT VXI,Kochi,2018,27413,Petrol,Automatic,First,20.51,998.0,67.0,5.0,11.75,5.18,8,Maruti,3046.0,1
2844,Maruti Wagon R LX BSIII,Pune,2007,90000,Petrol,Manual,Second,17.3,1061.0,64.0,5.0,11.75,1.24,19,Maruti,4500.0,0
2845,Hyundai i20 Sportz 1.2,Kolkata,2013,40300,Petrol,Manual,First,18.5,1197.0,82.85,5.0,11.75,2.8,13,Hyundai,2879.0,1
2846,Skoda Superb Elegance 1.8 TSI AT,Kochi,2011,73783,Petrol,Automatic,Second,13.7,1798.0,157.75,5.0,11.75,5.23,15,Skoda,4611.0,0
2847,Hyundai Getz GLS,Pune,2005,86000,Petrol,Manual,Second,15.3,1341.0,83.0,5.0,11.75,0.45,21,Hyundai,3909.0,0
2848,Maruti Wagon R LXI BS IV,Delhi,2014,65694,Petrol,Manual,First,18.9,998.0,67.1,5.0,11.75,3.25,12,Maruti,5053.0,1
2849,Maruti Omni MPI CARGO BSIV,Kolkata,2015,23000,Petrol,Manual,First,16.8,796.0,34.2,5.0,11.75,1.5,11,Maruti,1917.0,1
2850,Hyundai i10 Magna 1.2,Mumbai,2012,51000,Petrol,Manual,First,20.36,1197.0,78.9,5.0,11.75,2.85,14,Hyundai,3400.0,1
2851,Renault KWID 1.0 RXT Optional,Kochi,2018,18335,Petrol,Manual,First,21.7,999.0,67.0,5.0,4.61,4.5,8,Renault,2037.0,1
2852,Mercedes-Benz B Class 2012-2015 B200 Sport CDI,Bangalore,2014,36000,Diesel,Automatic,First,15.0,2147.0,107.3,5.0,16.25,16.25,12,Mercedes-Benz,2769.0,1
2853,Volkswagen Polo GT TSI,Mumbai,2017,25000,Petrol,Automatic,First,17.21,1197.0,103.5,5.0,11.26,7.75,9,Volkswagen,2500.0,1
2854,Mahindra Scorpio VLX 4WD,Bangalore,2007,81000,Diesel,Manual,Third,12.05,2179.0,120.0,8.0,11.75,4.35,19,Mahindra,4050.0,0
2855,Toyota Fortuner 2.8 2WD AT,Kochi,2019,21719,Diesel,Automatic,First,12.9,2755.0,174.5,7.0,37.38,33.13,7,Toyota,2715.0,1
2856,Chevrolet Beat Diesel LT,Coimbatore,2013,75421,Diesel,Manual,First,25.44,936.0,56.3,5.0,11.75,3.63,13,Chevrolet,5387.0,1
2857,Toyota Innova 2.5 G4 Diesel 8-seater,Delhi,2010,80000,Diesel,Manual,First,12.8,2494.0,102.0,8.0,11.75,4.75,16,Toyota,4706.0,1
2858,Maruti Swift Dzire VXI,Kochi,2018,10671,Petrol,Manual,First,20.85,1197.0,83.14,5.0,11.75,6.51,8,Maruti,1186.0,1
2859,Renault KWID Climber 1.0 MT,Hyderabad,2018,4126,Petrol,Manual,First,21.7,999.0,67.0,5.0,5.3,4.8,8,Renault,458.0,1
2860,Tata Bolt Quadrajet XM,Hyderabad,2017,98500,Diesel,Manual,First,22.95,1248.0,74.0,5.0,7.97,6.0,9,Tata,9850.0,1
2861,Hyundai Grand i10 Asta,Coimbatore,2016,61578,Petrol,Manual,First,18.9,1197.0,82.0,5.0,11.75,6.4,10,Hyundai,5598.0,1
2862,Volkswagen Vento 1.5 TDI Highline,Ahmedabad,2014,54000,Diesel,Manual,First,20.34,1498.0,103.2,5.0,14.2,4.9,12,Volkswagen,4154.0,1
2863,Audi A6 2011-2015 2.0 TDI,Coimbatore,2013,70998,Diesel,Automatic,First,17.68,1968.0,174.33,5.0,20.57,20.57,13,Audi,5071.0,1
2864,Maruti Swift Dzire Ldi BSIV,Kolkata,2015,40082,Diesel,Manual,First,19.3,1248.0,73.9,5.0,11.75,4.76,11,Maruti,3340.0,1
2865,Chevrolet Spark 1.0 LT,Kochi,2012,50619,Petrol,Manual,First,18.0,995.0,62.0,5.0,11.75,2.0,14,Chevrolet,3375.0,1
2866,BMW 3 Series 320d,Coimbatore,2009,103905,Diesel,Automatic,First,22.69,1995.0,190.0,5.0,43.31,9.92,17,BMW,5772.0,1
2867,Hyundai EON Era Plus,Kochi,2018,15334,Petrol,Manual,First,21.1,814.0,55.2,5.0,11.75,3.69,8,Hyundai,1704.0,1
2868,Maruti Swift Dzire VDI,Hyderabad,2013,69000,Diesel,Manual,First,23.4,1248.0,74.0,5.0,11.75,5.75,13,Maruti,4929.0,1
2869,Volkswagen CrossPolo 1.5 TDI,Hyderabad,2014,75160,Diesel,Manual,First,20.14,1498.0,88.5,5.0,11.75,5.7,12,Volkswagen,5782.0,1
2870,Honda Amaze E i-Vtech,Coimbatore,2014,44753,Petrol,Manual,First,18.0,1198.0,86.7,5.0,11.75,4.94,12,Honda,3443.0,1
2871,Volkswagen Vento Petrol Highline AT,Kochi,2012,53024,Petrol,Automatic,First,14.4,1598.0,103.6,5.0,11.75,4.29,14,Volkswagen,3535.0,1
2872,Maruti Wagon R Stingray VXI,Kolkata,2014,23840,Petrol,Manual,First,20.51,998.0,67.04,5.0,11.75,3.0,12,Maruti,1834.0,1
2873,Volkswagen Polo 1.5 TDI Highline,Hyderabad,2014,81298,Diesel,Manual,First,20.14,1498.0,88.8,5.0,10.15,6.5,12,Volkswagen,6254.0,1
2874,Volkswagen Polo Petrol Comfortline 1.2L,Jaipur,2015,59000,Petrol,Manual,Second,16.47,1198.0,73.9,5.0,11.75,4.9,11,Volkswagen,4917.0,0
2875,Honda Amaze SX i-DTEC,Kochi,2016,51806,Diesel,Manual,First,25.8,1498.0,98.6,5.0,11.75,5.4,10,Honda,4710.0,1
2876,Audi A6 35 TDI Matrix,Delhi,2014,56000,Diesel,Automatic,First,18.53,1968.0,187.74,5.0,59.38,24.0,12,Audi,4308.0,1
2877,Tata Tigor 1.05 Revotorq XZ Option,Kochi,2019,29279,Diesel,Manual,First,24.7,1047.0,69.0,5.0,11.75,7.46,7,Tata,3660.0,1
2878,Volkswagen Vento 1.5 TDI Highline AT,Kochi,2017,33550,Diesel,Automatic,First,21.5,1498.0,108.5,5.0,15.86,9.6,9,Volkswagen,3355.0,1
2879,Audi A6 35 TDI Matrix,Hyderabad,2014,62000,Diesel,Automatic,First,18.53,1968.0,187.74,5.0,67.1,25.0,12,Audi,4769.0,1
2880,Nissan Terrano XL 110 PS,Hyderabad,2014,66000,Diesel,Manual,First,19.01,1461.0,108.5,5.0,11.75,6.8,12,Nissan,5077.0,1
2881,Skoda Rapid 1.5 TDI AT Elegance,Coimbatore,2016,46630,Diesel,Automatic,First,21.66,1498.0,103.52,5.0,11.75,8.59,10,Skoda,4239.0,1
2882,Ford Figo Aspire 1.5 TDCi Trend,Hyderabad,2016,72566,Diesel,Manual,First,25.83,1498.0,99.0,5.0,11.75,5.29,10,Ford,6597.0,1
2883,Tata Venture EX,Pune,2011,51482,Diesel,Manual,First,15.42,1405.0,70.0,8.0,11.75,2.5,15,Tata,3218.0,1
2884,Mercedes-Benz New C-Class C 220 CDI BE Avantgare,Chennai,2011,90000,Diesel,Automatic,First,14.84,2143.0,167.62,5.0,13.9,13.9,15,Mercedes-Benz,5625.0,1
2885,Toyota Fortuner 4x2 Manual,Jaipur,2014,69000,Diesel,Manual,Second,13.0,2982.0,168.5,7.0,20.0,20.0,12,Toyota,5308.0,0
2886,Honda City 1.5 V MT,Delhi,2011,90000,Petrol,Manual,Second,17.0,1497.0,118.0,5.0,11.75,3.4,15,Honda,5625.0,0
2887,Hyundai i20 Asta Option 1.2,Mumbai,2015,39000,Petrol,Manual,First,18.6,1197.0,81.83,5.0,11.75,5.5,11,Hyundai,3250.0,1
2888,Volkswagen Vento Diesel Trendline,Hyderabad,2012,110000,Diesel,Manual,Second,20.54,1598.0,103.6,5.0,11.75,3.65,14,Volkswagen,7333.0,0
2889,Ford Endeavour 2.5L 4X2 MT,Kochi,2011,68022,Diesel,Manual,First,13.1,2499.0,141.0,7.0,11.75,5.86,15,Ford,4251.0,1
2890,Ford EcoSport 1.5 Petrol Titanium Plus AT,Coimbatore,2018,27852,Petrol,Automatic,First,14.8,1497.0,121.36,5.0,14.1,10.44,8,Ford,3095.0,1
2892,Hyundai i20 Sportz Diesel,Coimbatore,2011,68439,Diesel,Manual,First,23.0,1396.0,90.0,5.0,11.75,3.37,15,Hyundai,4277.0,1
2893,Toyota Innova 2.5 VX (Diesel) 8 Seater,Delhi,2011,150000,Diesel,Manual,First,12.99,2494.0,100.6,8.0,11.75,6.95,15,Toyota,9375.0,1
2894,Tata Nexon 1.5 Revotorq XZ Plus Dual Tone,Mumbai,2018,14000,Diesel,Manual,First,21.5,1497.0,108.5,5.0,12.22,9.9,8,Tata,1556.0,1
2895,Ford Figo Diesel Titanium,Hyderabad,2012,71558,Diesel,Manual,First,20.0,1399.0,68.05,5.0,11.75,3.3,14,Ford,4771.0,1
2896,Porsche Panamera Diesel,Delhi,2013,48000,Diesel,Automatic,Second,17.85,2967.0,300.0,4.0,50.5,50.5,13,Porsche,3429.0,0
2897,Hyundai Creta 1.6 CRDi AT SX Plus,Jaipur,2015,65800,Diesel,Automatic,First,17.01,1582.0,126.2,5.0,12.5,12.5,11,Hyundai,5483.0,1
2898,Audi A4 2.0 TDI Multitronic,Hyderabad,2014,53000,Diesel,Automatic,First,16.55,1968.0,140.0,5.0,20.5,20.5,12,Audi,4077.0,1
2899,Mahindra XUV500 W8 4WD,Kolkata,2017,14600,Diesel,Manual,First,16.0,2179.0,140.0,7.0,14.5,14.5,9,Mahindra,1460.0,1
2900,Isuzu MUX 4WD,Jaipur,2017,34429,Diesel,Automatic,First,13.8,2999.0,174.57,7.0,33.68,20.0,9,Isuzu,3443.0,1
2901,Maruti Swift Dzire VDI,Delhi,2014,52000,Diesel,Manual,First,23.4,1248.0,74.0,5.0,11.75,5.25,12,Maruti,4000.0,1
2902,Maruti Ciaz ZXi,Kolkata,2015,25470,Petrol,Manual,First,20.73,1373.0,91.1,5.0,11.75,5.9,11,Maruti,2122.0,1
2903,Hyundai EON Era Plus,Pune,2013,22000,Petrol,Manual,First,21.1,814.0,55.2,5.0,11.75,2.6,13,Hyundai,1571.0,1
2904,Mercedes-Benz E-Class 280 CDI,Chennai,2007,75000,Diesel,Automatic,First,11.0,2987.0,198.5,5.0,11.75,11.0,19,Mercedes-Benz,3750.0,1
2905,BMW 5 Series 2003-2012 520d,Pune,2011,95995,Diesel,Automatic,First,18.48,1995.0,177.0,5.0,15.5,15.5,15,BMW,6000.0,1
2906,Hyundai Grand i10 1.2 CRDi Sportz Option,Jaipur,2017,26877,Diesel,Manual,First,24.0,1186.0,73.97,5.0,11.75,5.75,9,Hyundai,2688.0,1
2907,Jaguar XJ 3.0L Portfolio,Hyderabad,2015,26000,Diesel,Automatic,First,14.47,2993.0,301.73,5.0,75.0,75.0,11,Jaguar,2167.0,1
2908,Maruti Swift Ldi BSIII,Chennai,2007,140000,Diesel,Manual,Second,17.8,1248.0,75.0,5.0,11.75,2.0,19,Maruti,7000.0,0
2909,Hyundai Santro Xing GLS,Hyderabad,2008,95291,Petrol,Manual,First,17.92,1086.0,62.1,5.0,11.75,2.3,18,Hyundai,5015.0,1
2910,Toyota Innova 2.5 V Diesel 8-seater,Hyderabad,2009,135000,Diesel,Manual,Second,12.8,2494.0,102.0,8.0,11.75,8.2,17,Toyota,7500.0,0
2911,Hyundai i20 Sportz 1.2,Kolkata,2015,32000,Petrol,Manual,First,18.6,1197.0,81.83,5.0,11.75,4.8,11,Hyundai,2667.0,1
2912,Mercedes-Benz E-Class 280 CDI,Mumbai,2008,68333,Diesel,Automatic,Second,11.0,2987.0,198.5,5.0,11.75,8.5,18,Mercedes-Benz,3596.0,0
2913,Ford Figo Diesel ZXI,Chennai,2011,72000,Diesel,Manual,First,20.0,1399.0,68.0,5.0,11.75,2.9,15,Ford,4500.0,1
2914,Toyota Corolla Altis 1.4 DG,Ahmedabad,2012,52100,Diesel,Manual,First,21.43,1364.0,86.79,5.0,19.27,6.5,14,Toyota,3473.0,1
2915,Hyundai Grand i10 1.2 Kappa Sportz,Jaipur,2018,10000,Petrol,Manual,First,18.9,1197.0,81.86,5.0,6.96,5.85,8,Hyundai,1111.0,1
2916,Jeep Compass 2.0 Limited 4X4,Coimbatore,2019,6261,Diesel,Manual,First,16.3,1956.0,170.0,5.0,26.95,23.91,7,Jeep,783.0,1
2917,Maruti Ignis 1.2 AMT Alpha,Coimbatore,2019,3906,Petrol,Automatic,First,20.89,1197.0,81.8,5.0,7.96,7.36,7,Maruti,488.0,1
2918,Toyota Fortuner 3.0 Diesel,Pune,2014,55960,Diesel,Manual,First,11.5,2982.0,171.0,7.0,17.25,17.25,12,Toyota,4305.0,1
2919,Volkswagen Vento Diesel Highline,Jaipur,2013,144000,Diesel,Manual,First,20.54,1598.0,103.6,5.0,11.75,7.0,13,Volkswagen,10286.0,1
2920,Toyota Innova Crysta 2.4 VX MT,Mumbai,2017,38000,Diesel,Manual,First,13.68,2393.0,147.8,7.0,23.06,17.65,9,Toyota,3800.0,1
2921,Ford Figo Diesel Celebration Edition,Jaipur,2013,51000,Diesel,Manual,First,20.0,1399.0,68.1,5.0,11.75,2.5,13,Ford,3643.0,1
2922,Toyota Platinum Etios 1.4 GXD,Hyderabad,2015,150000,Diesel,Manual,First,23.59,1364.0,67.05,5.0,9.58,6.0,11,Toyota,12500.0,1
2923,Mahindra Thar DI 4X4,Mumbai,2018,2500,Diesel,Manual,First,18.06,2523.0,63.0,7.0,11.75,8.25,8,Mahindra,278.0,1
2924,Land Rover Range Rover HSE Dynamic,Kochi,2018,41661,Diesel,Automatic,First,12.7,2179.0,187.7,5.0,44.83,44.83,8,Land,4629.0,1
2925,BMW 3 Series 320d Highline,Delhi,2011,64000,Diesel,Automatic,First,16.07,1995.0,181.0,5.0,11.75,10.5,15,BMW,4000.0,1
2926,Hyundai Accent GLS,Bangalore,2008,80000,Petrol,Manual,Second,13.2,1495.0,94.0,5.0,11.75,1.9,18,Hyundai,4211.0,0
2927,Maruti Celerio ZXI AT,Jaipur,2016,30000,Petrol,Automatic,Second,23.1,998.0,67.04,5.0,11.75,4.25,10,Maruti,2727.0,0
2928,Jaguar XF 2.2 Litre Luxury,Chennai,2014,43000,Diesel,Automatic,Second,16.36,2179.0,187.7,5.0,26.5,26.5,12,Jaguar,3308.0,0
2929,Audi A6 2.7 TDI,Bangalore,2013,90000,Diesel,Automatic,Second,12.4,2698.0,179.5,5.0,22.5,22.5,13,Audi,6429.0,0
2930,Nissan Micra Diesel XV,Hyderabad,2011,123880,Diesel,Manual,First,23.08,1461.0,63.1,5.0,11.75,3.3,15,Nissan,7742.0,1
2931,Honda Amaze S i-Vtech,Jaipur,2015,42000,Petrol,Manual,Second,18.0,1198.0,86.7,5.0,11.75,4.3,11,Honda,3500.0,0
2932,Renault Duster 85PS Diesel RxL Option,Chennai,2012,79824,Diesel,Manual,First,19.87,1461.0,83.8,5.0,11.75,5.25,14,Renault,5322.0,1
2933,Toyota Innova 2.5 G (Diesel) 8 Seater,Jaipur,2015,75000,Diesel,Manual,First,12.99,2494.0,100.6,8.0,11.75,11.75,11,Toyota,6250.0,1
2934,Honda Amaze E i-Vtech,Ahmedabad,2014,72411,Petrol,Manual,First,18.0,1198.0,86.7,5.0,11.75,4.25,12,Honda,5570.0,1
2935,Mercedes-Benz New C-Class C 250 CDI Elegance,Delhi,2012,63000,Diesel,Automatic,First,14.94,2143.0,204.0,5.0,14.22,14.22,14,Mercedes-Benz,4200.0,1
2936,Toyota Etios Liva G,Chennai,2015,53713,Petrol,Manual,First,17.71,1197.0,78.9,5.0,11.75,4.2,11,Toyota,4476.0,1
2937,Toyota Innova Crysta 2.8 GX AT 8S,Delhi,2017,18000,Diesel,Automatic,First,11.36,2755.0,171.5,8.0,20.8,18.25,9,Toyota,1800.0,1
2938,Mercedes-Benz New C-Class 200 CDI Elegance,Bangalore,2013,51000,Diesel,Manual,First,15.8,2148.0,170.0,5.0,18.5,18.5,13,Mercedes-Benz,3643.0,1
2939,Maruti Swift VXI BSIII,Chennai,2008,86700,Petrol,Manual,Second,16.1,1298.0,88.2,5.0,11.75,2.4,18,Maruti,4563.0,0
2940,Maruti Baleno Alpha 1.3,Kolkata,2016,29000,Diesel,Manual,First,27.39,1248.0,74.0,5.0,11.75,6.5,10,Maruti,2636.0,1
2942,Maruti Celerio VXI AT,Mumbai,2015,33000,Petrol,Automatic,First,23.1,998.0,67.04,5.0,11.75,3.99,11,Maruti,2750.0,1
2943,Ford Ecosport 1.5 DV5 MT Ambiente,Kochi,2014,64394,Diesel,Manual,First,22.7,1498.0,89.84,5.0,11.75,5.45,12,Ford,4953.0,1
2944,Tata Manza Aura Quadrajet,Hyderabad,2010,76000,Diesel,Manual,First,18.8,1248.0,90.0,5.0,11.75,2.7,16,Tata,4471.0,1
2945,Honda Jazz 1.5 SV i DTEC,Mumbai,2016,48719,Diesel,Manual,First,27.3,1498.0,98.6,5.0,11.75,6.25,10,Honda,4429.0,1
2946,Mahindra XUV500 W8 2WD,Coimbatore,2016,59711,Diesel,Manual,First,15.1,2179.0,140.0,7.0,13.28,13.28,10,Mahindra,5428.0,1
2947,Nissan Micra Diesel XV Premium,Hyderabad,2012,83000,Diesel,Manual,First,23.08,1461.0,63.1,5.0,11.75,3.7,14,Nissan,5533.0,1
2948,Mercedes-Benz New C-Class C 220d Avantgarde Edition C,Coimbatore,2018,10714,Diesel,Automatic,First,19.27,2143.0,167.62,5.0,39.51,39.51,8,Mercedes-Benz,1190.0,1
2949,Tata Manza Aura Plus Quadrajet BS IV,Hyderabad,2010,127510,Diesel,Manual,Second,19.0,1248.0,90.0,5.0,11.75,1.4,16,Tata,7501.0,0
2950,Maruti Swift VDI,Kolkata,2014,35010,Diesel,Manual,First,22.9,1248.0,74.0,5.0,7.92,3.5,12,Maruti,2693.0,1
2951,Maruti Swift Dzire 1.2 Lxi BSIV,Jaipur,2012,75451,Petrol,Manual,First,17.5,1197.0,85.8,5.0,11.75,3.78,14,Maruti,5030.0,1
2952,Tata Indigo eCS LS (TDI) BS-III,Pune,2015,83000,Diesel,Manual,First,19.09,1405.0,69.01,5.0,11.75,2.7,11,Tata,6917.0,1
2953,Honda Amaze S i-Dtech,Kolkata,2013,38755,Diesel,Manual,First,25.8,1498.0,98.6,5.0,11.75,3.2,13,Honda,2768.0,1
2954,Maruti Swift VXI BSIV,Delhi,2016,30000,Petrol,Manual,First,20.4,1197.0,81.8,5.0,11.75,5.0,10,Maruti,2727.0,1
2955,Maruti Ertiga ZDI,Chennai,2012,40000,Diesel,Manual,First,20.77,1248.0,88.8,7.0,12.34,7.0,14,Maruti,2667.0,1
2956,Hyundai Grand i10 Era,Kolkata,2014,19500,Petrol,Manual,Second,18.9,1197.0,82.0,5.0,11.75,2.85,12,Hyundai,1500.0,0
2957,Nissan Micra Active XV,Ahmedabad,2016,41000,Petrol,Manual,First,19.69,1198.0,67.04,5.0,6.78,4.25,10,Nissan,3727.0,1
2958,Hyundai Grand i10 Asta Option,Bangalore,2014,30000,Petrol,Manual,Second,18.9,1197.0,82.0,5.0,11.75,4.9,12,Hyundai,2308.0,0
2959,Jeep Compass 2.0 Sport,Hyderabad,2017,37000,Diesel,Manual,First,17.1,1956.0,170.0,5.0,19.91,16.9,9,Jeep,3700.0,1
2960,Volkswagen Polo Diesel Comfortline 1.2L,Delhi,2014,62000,Diesel,Manual,Second,22.07,1199.0,73.9,5.0,11.75,4.25,12,Volkswagen,4769.0,0
2961,Honda Amaze S AT i-Vtech,Pune,2015,42023,Petrol,Automatic,First,15.5,1198.0,86.7,5.0,11.75,4.34,11,Honda,3502.0,1
2962,BMW X3 xDrive20d Advantage Edition,Kolkata,2012,51001,Diesel,Automatic,First,16.09,1995.0,184.0,5.0,17.0,17.0,14,BMW,3400.0,1
2963,BMW 3 Series 320d Luxury Line,Kochi,2017,55389,Diesel,Automatic,First,18.88,1995.0,184.0,5.0,54.43,28.45,9,BMW,5539.0,1
2964,Honda City V AT,Kochi,2014,46728,Petrol,Automatic,First,15.6,1497.0,116.3,5.0,11.75,6.15,12,Honda,3594.0,1
2965,Mahindra Ssangyong Rexton RX5,Kochi,2014,58995,Diesel,Manual,First,12.83,2696.0,162.0,7.0,11.75,9.25,12,Mahindra,4538.0,1
2966,Maruti Swift Dzire LDI,Delhi,2015,37857,Diesel,Manual,First,26.59,1248.0,74.0,5.0,11.75,4.85,11,Maruti,3155.0,1
2967,Maruti Swift VDI BSIV,Jaipur,2014,71000,Diesel,Manual,First,25.2,1248.0,74.0,5.0,11.75,4.8,12,Maruti,5462.0,1
2968,Honda Brio S Option MT,Pune,2012,49024,Petrol,Manual,First,18.4,1198.0,86.8,5.0,11.75,2.3,14,Honda,3268.0,1
2969,Hyundai Grand i10 Sportz,Mumbai,2016,10770,Petrol,Manual,First,18.9,1197.0,82.0,5.0,11.75,4.75,10,Hyundai,979.0,1
2970,Tata Zest Quadrajet 1.3 75PS XM,Pune,2017,72000,Diesel,Manual,First,22.95,1248.0,74.0,5.0,8.93,5.0,9,Tata,7200.0,1
2971,Hyundai EON Era Plus,Jaipur,2015,91000,Petrol,Manual,First,21.1,814.0,55.2,5.0,11.75,2.5,11,Hyundai,7583.0,1
2972,Hyundai i20 1.2 Spotz,Mumbai,2017,14000,Petrol,Manual,First,18.6,1197.0,81.83,5.0,11.75,5.95,9,Hyundai,1400.0,1
2973,Volvo S60 D4 KINETIC,Delhi,2014,48000,Diesel,Automatic,Second,9.0,1984.0,181.0,5.0,16.0,16.0,12,Volvo,3692.0,0
2974,Ford Ecosport 1.5 DV5 MT Titanium Optional,Delhi,2014,75136,Diesel,Manual,First,22.7,1498.0,89.84,5.0,11.75,6.15,12,Ford,5780.0,1
2975,Maruti Ritz VXI,Hyderabad,2014,32500,Petrol,Manual,Second,21.1,1197.0,85.8,5.0,11.75,4.05,12,Maruti,2500.0,0
2976,Hyundai i20 1.4 CRDi Magna,Hyderabad,2010,94500,Diesel,Manual,Second,21.9,1396.0,90.0,5.0,11.75,3.1,16,Hyundai,5559.0,0
2977,Maruti Dzire VXI,Hyderabad,2013,34900,Petrol,Manual,First,22.0,1197.0,81.8,5.0,7.97,5.49,13,Maruti,2493.0,1
2978,Porsche Panamera 2010 2013 4S,Coimbatore,2010,42400,Petrol,Automatic,Third,8.0,4806.0,394.3,4.0,42.91,42.91,16,Porsche,2494.0,0
2979,Maruti Swift VDi BSIII W/ ABS,Jaipur,2015,50000,Diesel,Manual,First,17.8,1248.0,75.0,5.0,11.75,5.7,11,Maruti,4167.0,1
2980,Honda Brio S MT,Kolkata,2014,35000,Petrol,Manual,First,19.4,1198.0,86.8,5.0,11.75,2.85,12,Honda,2692.0,1
2981,Chevrolet Beat LS,Bangalore,2012,37000,Petrol,Manual,Second,18.6,1199.0,79.4,5.0,11.75,2.35,14,Chevrolet,2467.0,0
2982,Hyundai Creta 1.6 SX Plus Petrol Automatic,Coimbatore,2018,32807,Petrol,Automatic,First,13.0,1591.0,121.3,5.0,14.76,14.76,8,Hyundai,3645.0,1
2983,Honda City ZX GXi,Pune,2008,119000,Petrol,Manual,Second,17.7,1497.0,78.0,5.0,11.75,2.25,18,Honda,6263.0,0
2984,Maruti Ritz LXi,Mumbai,2016,12000,Petrol,Manual,First,18.5,1197.0,85.8,5.0,11.75,3.65,10,Maruti,1091.0,1
2985,Ford EcoSport 1.5 TDCi Trend,Delhi,2016,46727,Diesel,Manual,First,22.77,1498.0,98.59,5.0,11.75,7.25,10,Ford,4248.0,1
2986,BMW 3 Series 320d,Hyderabad,2010,73336,Diesel,Automatic,First,13.2,1995.0,170.0,5.0,47.87,10.69,16,BMW,4314.0,1
2987,Hyundai Verna 1.6 SX VTVT,Mumbai,2014,9000,Petrol,Manual,Second,17.01,1591.0,121.3,5.0,11.75,5.5,12,Hyundai,692.0,0
2988,Toyota Innova 2.5 G4 Diesel 8-seater,Chennai,2005,240000,Diesel,Manual,Fourth & Above,12.8,2494.0,102.0,8.0,11.75,5.1,21,Toyota,10909.0,0
2989,Maruti Wagon R LXI,Mumbai,2014,25422,Petrol,Manual,First,22.5,998.0,67.04,5.0,5.04,3.25,12,Maruti,1956.0,1
2990,Maruti Ertiga VDI,Mumbai,2018,14000,Diesel,Manual,First,25.47,1248.0,88.5,7.0,11.66,9.25,8,Maruti,1556.0,1
2991,Maruti Alto LXi BSIII,Hyderabad,2008,66000,Petrol,Manual,First,19.7,796.0,46.3,5.0,11.75,1.7,18,Maruti,3474.0,1
2992,Maruti A-Star Vxi,Kochi,2010,55324,Petrol,Manual,First,19.0,998.0,66.1,5.0,11.75,2.87,16,Maruti,3254.0,1
2993,BMW X5 3.0d,Bangalore,2009,90000,Diesel,Automatic,First,11.0,2993.0,235.0,5.0,17.75,17.75,17,BMW,5000.0,1
2994,Mahindra KUV 100 G80 K6 Plus 5Str,Kolkata,2017,43000,Petrol,Manual,First,18.15,1198.0,82.0,5.0,7.35,4.5,9,Mahindra,4300.0,1
2995,Hyundai i10 Magna AT,Bangalore,2008,58483,Petrol,Automatic,Second,19.2,1197.0,80.0,5.0,11.75,2.95,18,Hyundai,3078.0,0
2996,Honda Civic 2006-2010 1.8 S AT,Pune,2007,93000,Petrol,Automatic,Second,12.9,1799.0,130.0,5.0,11.75,2.6,19,Honda,4650.0,0
2997,Hyundai i10 Sportz 1.2,Hyderabad,2010,50000,Petrol,Manual,First,20.36,1197.0,78.9,5.0,11.75,3.0,16,Hyundai,2941.0,1
2998,Mercedes-Benz New C-Class C 220 CDI Elegance AT,Ahmedabad,2014,78616,Diesel,Automatic,Second,14.84,2143.0,170.0,5.0,15.5,15.5,12,Mercedes-Benz,6047.0,0
2999,Toyota Etios G,Pune,2011,37000,Petrol,Manual,First,17.6,1496.0,88.73,5.0,11.75,2.8,15,Toyota,2312.0,1
3000,Honda City 1.5 E MT,Kolkata,2010,54801,Petrol,Manual,First,17.0,1497.0,118.0,5.0,11.75,2.5,16,Honda,3224.0,1
3001,Maruti Swift Dzire VDI,Bangalore,2014,29000,Diesel,Manual,First,23.4,1248.0,74.0,5.0,11.75,5.75,12,Maruti,2231.0,1
3002,Maruti Swift VXI,Pune,2010,68000,Petrol,Manual,First,22.0,1197.0,81.8,5.0,6.99,2.8,16,Maruti,4000.0,1
3003,Hyundai Verna 1.6 EX VTVT,Kolkata,2014,58000,Petrol,Manual,First,17.01,1591.0,121.3,5.0,11.75,4.59,12,Hyundai,4462.0,1
3004,Maruti Ritz VDi,Pune,2012,64290,Diesel,Manual,First,23.2,1248.0,73.94,5.0,11.75,3.65,14,Maruti,4286.0,1
3005,Toyota Fortuner 4x2 Manual,Mumbai,2015,31000,Diesel,Manual,First,13.0,2982.0,168.5,7.0,19.85,19.85,11,Toyota,2583.0,1
3006,Jeep Compass 2.0 Limited,Pune,2018,16039,Diesel,Manual,First,17.1,1956.0,170.0,5.0,23.89,18.5,8,Jeep,1782.0,1
3007,Hyundai i20 Asta Option 1.2,Hyderabad,2017,19860,Petrol,Manual,First,18.6,1197.0,81.83,5.0,11.75,6.95,9,Hyundai,1986.0,1
3009,Tata New Safari DICOR 2.2 EX 4x4 BS IV,Jaipur,2012,75391,Diesel,Manual,First,13.93,2179.0,138.0,7.0,11.75,3.75,14,Tata,5026.0,1
3010,Maruti Swift Dzire LDi,Jaipur,2008,78000,Diesel,Manual,Second,19.3,1248.0,73.9,5.0,11.75,2.3,18,Maruti,4105.0,0
3011,Tata Indigo eCS eLS BS IV,Kolkata,2016,78000,Diesel,Manual,First,25.0,1396.0,69.01,5.0,11.75,2.3,10,Tata,7091.0,1
3012,Maruti Swift LDI,Hyderabad,2016,52000,Diesel,Manual,First,28.4,1248.0,74.0,5.0,7.27,5.95,10,Maruti,4727.0,1
3013,Maruti Celerio VXI AT,Kolkata,2016,30000,Petrol,Automatic,First,23.1,998.0,67.04,5.0,11.75,3.49,10,Maruti,2727.0,1
3014,BMW 5 Series 2013-2017 530d M Sport,Coimbatore,2016,19254,Diesel,Automatic,First,14.69,2993.0,258.0,5.0,47.7,47.7,10,BMW,1750.0,1
3015,Volkswagen Polo 1.2 MPI Highline,Coimbatore,2015,29651,Petrol,Manual,First,16.47,1198.0,74.0,5.0,11.75,6.43,11,Volkswagen,2471.0,1
3016,Tata Safari DICOR 2.2 LX 4x2,Bangalore,2011,80000,Diesel,Manual,First,13.93,2179.0,138.03,7.0,11.75,4.5,15,Tata,5000.0,1
3017,Mini Cooper S Carbon Edition,Kolkata,2018,2971,Petrol,Automatic,First,13.6,1598.0,181.0,4.0,39.75,39.75,8,Mini,330.0,1
3018,Ford Figo Petrol Titanium,Kolkata,2015,21400,Petrol,Manual,First,15.6,1196.0,70.0,5.0,11.75,4.0,11,Ford,1783.0,1
3019,Honda City i DTEC V,Ahmedabad,2015,77000,Diesel,Manual,First,26.0,1498.0,98.6,5.0,11.75,6.98,11,Honda,6417.0,1
3020,Hyundai Tucson CRDi,Delhi,2006,80000,Diesel,Manual,Second,12.6,1991.0,112.0,7.0,11.75,1.75,20,Hyundai,3810.0,0
3021,Skoda Laura Ambiente 2.0 TDI CR MT,Delhi,2013,81755,Diesel,Manual,First,20.0,1968.0,108.5,5.0,11.75,4.75,13,Skoda,5840.0,1
3022,Toyota Fortuner 3.0 Diesel,Hyderabad,2016,99593,Diesel,Manual,First,11.5,2982.0,171.0,7.0,23.5,23.5,10,Toyota,9054.0,1
3023,Hyundai Verna 1.6 SX,Hyderabad,2014,39791,Diesel,Manual,First,22.32,1582.0,126.32,5.0,11.75,7.49,12,Hyundai,3061.0,1
3024,Mahindra XUV500 W6 2WD,Hyderabad,2015,113000,Diesel,Manual,First,15.1,2179.0,140.0,7.0,11.75,10.85,11,Mahindra,9417.0,1
3025,Renault KWID RXT,Mumbai,2017,24000,Petrol,Manual,First,25.17,799.0,53.3,5.0,11.75,3.5,9,Renault,2400.0,1
3026,Hyundai i20 Asta 1.2,Bangalore,2015,39000,Petrol,Manual,Second,18.6,1197.0,81.83,5.0,11.75,6.3,11,Hyundai,3250.0,0
3027,Honda City V AT,Bangalore,2012,37000,Petrol,Automatic,First,15.6,1497.0,116.3,5.0,11.75,6.75,14,Honda,2467.0,1
3028,Ford Endeavour 3.2 Titanium AT 4X4,Coimbatore,2017,61108,Diesel,Automatic,First,10.91,3198.0,197.0,7.0,28.88,28.88,9,Ford,6111.0,1
3029,Skoda Superb Elegance 1.8 TSI AT,Kochi,2016,61648,Petrol,Automatic,First,13.7,1798.0,157.75,5.0,14.23,14.23,10,Skoda,5604.0,1
3030,BMW 3 Series 320d Sport,Mumbai,2012,37000,Diesel,Automatic,Third,22.69,1995.0,190.0,5.0,15.0,15.0,14,BMW,2467.0,0
3032,Maruti Ritz LDi,Jaipur,2013,65000,Diesel,Manual,First,23.2,1248.0,73.94,5.0,11.75,3.75,13,Maruti,4643.0,1
3034,Toyota Fortuner 3.0 Diesel,Jaipur,2011,148009,Diesel,Manual,Second,11.5,2982.0,171.0,7.0,12.75,12.75,15,Toyota,9251.0,0
3035,Maruti Swift Lxi BSIII,Mumbai,2009,53001,Petrol,Manual,First,16.1,1298.0,88.2,5.0,11.75,1.95,17,Maruti,2944.0,1
3036,Tata Tigor 1.2 Revotron XT,Mumbai,2018,22345,Petrol,Manual,First,20.3,1199.0,84.0,5.0,11.75,4.95,8,Tata,2483.0,1
3037,Honda City i VTEC CVT VX,Delhi,2015,50000,Petrol,Automatic,First,18.0,1497.0,117.3,5.0,11.75,8.25,11,Honda,4167.0,1
3038,BMW 3 Series 320d,Hyderabad,2013,48183,Diesel,Automatic,First,13.2,1995.0,170.0,5.0,47.87,20.99,13,BMW,3442.0,1
3039,Mercedes-Benz E-Class 2009-2013 E250 CDI Blue Efficiency,Hyderabad,2010,93000,Diesel,Automatic,Second,14.21,2143.0,203.0,5.0,17.5,17.5,16,Mercedes-Benz,5471.0,0
3040,Maruti Swift VDI,Kochi,2015,53500,Diesel,Manual,First,28.4,1248.0,74.0,5.0,7.88,5.36,11,Maruti,4458.0,1
3041,Maruti Ertiga VXI,Delhi,2014,17585,Petrol,Manual,First,16.02,1373.0,93.7,7.0,11.75,6.35,12,Maruti,1353.0,1
3042,Hyundai Verna 1.6 VTVT,Kolkata,2011,36226,Petrol,Manual,First,17.01,1591.0,121.3,5.0,11.75,2.95,15,Hyundai,2264.0,1
3043,Land Rover Discovery Sport TD4 HSE,Coimbatore,2019,25899,Diesel,Automatic,First,12.63,2179.0,147.5,5.0,55.7,55.7,7,Land,3237.0,1
3044,Hyundai Santro Xing GL,Kolkata,2009,60170,Petrol,Manual,First,0.0,1086.0,62.0,5.0,11.75,1.15,17,Hyundai,3343.0,1
3045,Mercedes-Benz New C-Class C 220 CDI Style,Hyderabad,2017,11200,Diesel,Automatic,First,19.27,2143.0,167.62,5.0,37.5,37.5,9,Mercedes-Benz,1120.0,1
3046,Hyundai i10 Magna 1.2,Kochi,2017,49045,Petrol,Manual,First,20.36,1197.0,78.9,5.0,11.75,4.07,9,Hyundai,4904.0,1
3047,Volkswagen Polo Diesel Comfortline 1.2L,Kolkata,2012,45000,Diesel,Manual,First,22.07,1199.0,73.9,5.0,11.75,2.99,14,Volkswagen,3000.0,1
3048,Maruti Vitara Brezza VDi Option,Delhi,2017,40000,Diesel,Manual,First,24.3,1248.0,88.5,5.0,11.75,7.9,9,Maruti,4000.0,1
3049,Renault Duster 85PS Diesel RxL,Mumbai,2016,36600,Diesel,Manual,First,19.87,1461.0,83.8,5.0,11.75,7.49,10,Renault,3327.0,1
3050,Tata Indica Vista Aqua 1.3 Quadrajet,Jaipur,2009,117000,Diesel,Manual,First,18.0,1248.0,75.0,5.0,11.75,1.1,17,Tata,6500.0,1
3051,Mercedes-Benz GL-Class 350 CDI Blue Efficiency,Delhi,2016,16000,Diesel,Automatic,First,11.3,2987.0,254.8,7.0,56.0,56.0,10,Mercedes-Benz,1455.0,1
3052,Hyundai Xcent 1.2 CRDi S,Mumbai,2016,50000,Diesel,Manual,First,25.4,1186.0,73.97,5.0,8.84,3.5,10,Hyundai,4545.0,1
3053,Hyundai Verna CRDi SX ABS,Hyderabad,2008,150000,Diesel,Manual,First,18.1,1493.0,110.0,5.0,11.75,3.0,18,Hyundai,7895.0,1
3054,Hyundai Verna 1.6 SX VTVT,Mumbai,2014,11000,Petrol,Manual,First,17.01,1591.0,121.3,5.0,11.75,6.1,12,Hyundai,846.0,1
3055,Ford Figo Petrol ZXI,Bangalore,2010,102016,Petrol,Manual,First,15.6,1196.0,70.0,5.0,11.75,2.25,16,Ford,6001.0,1
3056,Maruti Swift VDI Optional,Chennai,2016,38000,Diesel,Manual,First,25.2,1248.0,74.0,5.0,11.75,5.95,10,Maruti,3455.0,1
3057,Renault Pulse RxL,Hyderabad,2013,71491,Diesel,Manual,First,23.08,1461.0,63.12,5.0,11.75,4.95,13,Renault,5106.0,1
3058,Volkswagen Polo 1.2 MPI Highline,Bangalore,2015,46354,Petrol,Manual,Second,16.47,1198.0,74.0,5.0,11.75,5.49,11,Volkswagen,3863.0,0
3059,BMW 3 Series 320d Luxury Line,Delhi,2019,87000,Diesel,Automatic,First,22.69,1995.0,190.0,5.0,52.46,6.67,7,BMW,10875.0,1
3060,Skoda Rapid 1.6 MPI Active,Ahmedabad,2015,20765,Petrol,Manual,First,15.0,1598.0,103.52,5.0,11.75,6.25,11,Skoda,1730.0,1
3062,Audi Q7 3.0 TDI Quattro Premium Plus,Coimbatore,2014,51076,Diesel,Automatic,First,12.07,2967.0,241.4,7.0,34.88,34.88,12,Audi,3929.0,1
3063,Maruti Ciaz VDi Plus,Jaipur,2016,84085,Diesel,Manual,First,26.21,1248.0,88.5,5.0,11.75,6.9,10,Maruti,7644.0,1
3064,Honda City i DTEC VX,Kolkata,2014,55000,Diesel,Manual,First,25.1,1498.0,98.6,5.0,11.75,5.99,12,Honda,4231.0,1
3065,Mercedes-Benz E-Class 2009-2013 E350 Petrol,Mumbai,2010,73000,Petrol,Automatic,First,10.93,3498.0,272.0,5.0,11.75,10.4,16,Mercedes-Benz,4294.0,1
3066,Audi A6 2011-2015 3.0 TDI Quattro Premium Plus,Pune,2012,50001,Diesel,Automatic,First,14.57,2967.0,241.38,5.0,29.0,29.0,14,Audi,3333.0,1
3067,Mahindra Xylo H4,Coimbatore,2016,93166,Diesel,Manual,Second,14.02,2179.0,118.3,7.0,11.67,5.85,10,Mahindra,8470.0,0
3068,Honda City 1.5 EXI AT,Kochi,2006,99583,Petrol,Automatic,Third,12.0,1493.0,100.0,5.0,11.75,2.21,20,Honda,4742.0,0
3069,Maruti SX4 ZXI MT BSIV,Mumbai,2010,72000,Petrol,Manual,First,15.5,1586.0,103.3,5.0,11.75,2.4,16,Maruti,4235.0,1
3070,Toyota Corolla Altis G,Pune,2009,70000,Petrol,Manual,Third,14.53,1798.0,138.1,5.0,11.75,3.0,17,Toyota,3889.0,0
3071,Volkswagen Vento Petrol Highline AT,Pune,2012,61000,Petrol,Automatic,Second,14.4,1598.0,103.6,5.0,11.75,3.75,14,Volkswagen,4067.0,0
3072,Hyundai EON Era Plus,Pune,2015,66510,Petrol,Manual,First,21.1,814.0,55.2,5.0,11.75,2.95,11,Hyundai,5542.0,1
3073,Skoda Laura Ambition 2.0 TDI CR MT,Hyderabad,2011,84062,Diesel,Manual,First,20.0,1968.0,108.5,5.0,11.75,5.8,15,Skoda,5254.0,1
3074,Maruti Swift VDI,Hyderabad,2012,80799,Diesel,Manual,First,22.9,1248.0,74.0,5.0,7.92,4.9,14,Maruti,5387.0,1
3075,Toyota Corolla Altis 1.8 VL CVT,Kolkata,2018,5000,Petrol,Automatic,First,14.28,1798.0,138.03,5.0,22.37,16.95,8,Toyota,556.0,1
3076,Toyota Innova 2.5 G (Diesel) 8 Seater,Hyderabad,2013,92000,Diesel,Manual,First,12.99,2494.0,100.0,8.0,12.5,12.5,13,Toyota,6571.0,1
3077,Tata Tiago Wizz 1.05 Revotorq,Hyderabad,2017,53000,Diesel,Manual,First,27.28,1047.0,69.0,5.0,11.75,5.0,9,Tata,5300.0,1
3078,Skoda Rapid 1.6 MPI Ambition,Mumbai,2015,39822,Petrol,Manual,First,15.41,1598.0,103.52,5.0,12.02,4.68,11,Skoda,3318.0,1
3079,Ford Endeavour 3.2 Titanium AT 4X4,Mumbai,2016,29000,Diesel,Automatic,First,10.91,3198.0,197.0,7.0,29.8,29.8,10,Ford,2636.0,1
3080,Renault KWID RXL,Kochi,2017,24214,Petrol,Manual,Second,25.17,799.0,53.3,5.0,3.95,3.46,9,Renault,2421.0,0
3081,Hyundai i20 1.4 Asta CRDi with AVN,Pune,2012,75000,Diesel,Manual,First,23.0,1396.0,90.0,5.0,11.75,4.0,14,Hyundai,5000.0,1
3082,Skoda Laura Ambiente,Chennai,2012,77216,Diesel,Manual,Second,17.5,1896.0,106.0,5.0,11.75,4.5,14,Skoda,5148.0,0
3083,Toyota Corolla Altis Diesel D4DG,Kochi,2013,74290,Diesel,Manual,First,21.43,1364.0,87.2,5.0,11.75,5.87,13,Toyota,5306.0,1
3084,Mahindra Scorpio S8 8 Seater,Delhi,2015,61000,Diesel,Manual,First,15.4,2179.0,120.0,8.0,11.75,9.5,11,Mahindra,5083.0,1
3085,Audi Q5 2.0 TDI Premium Plus,Chennai,2013,44000,Diesel,Automatic,First,14.16,1968.0,174.3,5.0,32.5,32.5,13,Audi,3143.0,1
3086,Chevrolet Enjoy TCDi LS 8 Seater,Coimbatore,2014,74041,Diesel,Manual,First,18.2,1248.0,73.8,8.0,11.75,3.88,12,Chevrolet,5695.0,1
3087,BMW 3 Series 320d,Coimbatore,2013,85846,Diesel,Automatic,First,22.69,1995.0,190.0,5.0,48.79,13.08,13,BMW,6132.0,1
3088,Nissan Sunny 2011-2014 Diesel XV,Delhi,2012,52000,Diesel,Manual,First,21.64,1461.0,84.8,5.0,11.75,3.5,14,Nissan,3467.0,1
3089,Honda Accord 2.4 MT,Mumbai,2010,47000,Petrol,Manual,Second,12.8,2354.0,177.6,5.0,11.75,3.5,16,Honda,2765.0,0
3090,Hyundai Verna CRDi,Bangalore,2010,72010,Diesel,Manual,First,16.8,1493.0,110.0,5.0,11.75,4.45,16,Hyundai,4236.0,1
3091,Maruti Omni E MPI STD BS IV,Jaipur,2015,15000,Petrol,Manual,First,16.8,796.0,34.2,8.0,11.75,2.35,11,Maruti,1250.0,1
3092,Honda City i VTEC SV,Kolkata,2015,480000,Petrol,Manual,First,17.4,1497.0,117.3,5.0,11.75,5.0,11,Honda,40000.0,1
3093,Audi A7 2011-2015 Sportback,Kolkata,2012,24720,Diesel,Automatic,Second,0.0,2967.0,241.4,5.0,28.0,28.0,14,Audi,1648.0,0
3094,Ford Fiesta 1.4 ZXi Leather,Chennai,2007,75000,Petrol,Manual,Second,16.6,1388.0,68.0,5.0,11.75,2.0,19,Ford,3750.0,0
3095,Hyundai i20 1.4 Asta,Mumbai,2015,57000,Diesel,Manual,First,22.54,1396.0,88.73,5.0,11.75,6.35,11,Hyundai,4750.0,1
3096,Mercedes-Benz E-Class E250 CDI Avantgrade,Kochi,2015,41057,Diesel,Automatic,First,13.0,2143.0,201.1,5.0,24.63,24.63,11,Mercedes-Benz,3421.0,1
3098,Ford EcoSport 1.5 TDCi Trend Plus,Chennai,2016,20000,Diesel,Manual,First,22.77,1498.0,98.59,5.0,11.75,7.9,10,Ford,1818.0,1
3099,Hyundai i20 1.2 Magna,Mumbai,2011,52359,Petrol,Manual,First,18.5,1197.0,80.0,5.0,11.75,3.25,15,Hyundai,3272.0,1
3100,Honda City i VTEC V,Delhi,2016,17000,Petrol,Manual,Second,17.8,1497.0,117.3,5.0,11.75,8.25,10,Honda,1545.0,0
3101,Nissan Micra Diesel XV,Kolkata,2011,39002,Diesel,Manual,First,23.08,1461.0,63.1,5.0,11.75,2.85,15,Nissan,2438.0,1
3102,Ford Figo Diesel EXI,Pune,2010,129986,Diesel,Manual,Second,20.0,1399.0,68.0,5.0,11.75,3.2,16,Ford,7646.0,0
3103,Nissan Micra XL,Kolkata,2013,45000,Petrol,Manual,First,18.44,1198.0,75.0,5.0,11.75,1.75,13,Nissan,3214.0,1
3105,Honda Accord 2.4 MT,Ahmedabad,2009,82002,Petrol,Manual,Second,12.8,2354.0,177.6,5.0,11.75,5.75,17,Honda,4556.0,0
3106,Skoda Superb Elegance 1.8 TSI AT,Mumbai,2010,67000,Petrol,Automatic,First,13.7,1798.0,157.75,5.0,11.75,4.7,16,Skoda,3941.0,1
3107,Maruti Omni 8 Seater BSIV,Hyderabad,2017,21260,Petrol,Manual,First,14.0,796.0,35.0,5.0,11.75,2.9,9,Maruti,2126.0,1
3108,Hyundai i20 Magna Optional 1.4 CRDi,Ahmedabad,2012,55362,Diesel,Manual,First,21.9,1396.0,88.8,5.0,11.75,4.25,14,Hyundai,3691.0,1
3109,Hyundai Creta 1.6 CRDi AT SX Plus,Chennai,2017,13000,Diesel,Automatic,First,17.01,1582.0,126.2,5.0,14.5,14.5,9,Hyundai,1300.0,1
3110,Maruti Swift VDI BSIV,Kochi,2016,45725,Diesel,Manual,First,25.2,1248.0,74.0,5.0,11.75,5.34,10,Maruti,4157.0,1
3111,Maruti Swift LDI BSIV,Jaipur,2014,105000,Diesel,Manual,First,25.2,1248.0,74.0,5.0,11.75,3.85,12,Maruti,8077.0,1
3112,Toyota Innova 2.5 G (Diesel) 8 Seater BS IV,Hyderabad,2009,156056,Diesel,Manual,First,12.8,2494.0,102.0,8.0,11.75,8.5,17,Toyota,8670.0,1
3113,Hyundai Xcent 1.1 CRDi Base,Mumbai,2016,135000,Diesel,Manual,First,24.4,1120.0,71.0,5.0,11.75,4.2,10,Hyundai,12273.0,1
3114,Maruti Ertiga Paseo VDI,Delhi,2016,67000,Diesel,Manual,First,20.77,1248.0,88.7,7.0,11.75,6.75,10,Maruti,6091.0,1
3115,Ford Endeavour 3.2 Trend AT 4X4,Jaipur,2016,90000,Diesel,Automatic,First,10.91,3198.0,197.2,7.0,26.0,26.0,10,Ford,8182.0,1
3116,Hyundai i20 1.4 Sportz,Coimbatore,2019,32251,Diesel,Manual,First,22.54,1396.0,88.73,5.0,11.75,8.61,7,Hyundai,4031.0,1
3117,Maruti Zen Estilo LXI BS IV,Mumbai,2009,47000,Petrol,Manual,First,19.0,998.0,67.1,5.0,11.75,1.46,17,Maruti,2611.0,1
3118,Maruti Ritz VDi,Mumbai,2011,75308,Diesel,Manual,Second,21.1,1248.0,73.9,5.0,11.75,2.8,15,Maruti,4707.0,0
3120,Honda City 1.5 S MT,Mumbai,2014,58000,Petrol,Manual,First,17.0,1497.0,118.0,5.0,11.75,5.47,12,Honda,4462.0,1
3121,Maruti Swift Dzire ZXi,Mumbai,2009,60000,Petrol,Manual,First,17.5,1298.0,85.8,5.0,11.75,2.45,17,Maruti,3333.0,1
3122,BMW X1 sDrive 20d Sportline,Hyderabad,2014,45000,Diesel,Automatic,First,17.05,1995.0,184.0,5.0,21.5,21.5,12,BMW,3462.0,1
3123,Tata Manza Aqua Safire,Mumbai,2010,41195,Petrol,Manual,First,15.0,1368.0,90.0,5.0,11.75,1.38,16,Tata,2423.0,1
3124,Mahindra XUV500 W10 2WD,Chennai,2016,89000,Diesel,Manual,First,16.0,2179.0,140.0,7.0,13.5,13.5,10,Mahindra,8091.0,1
3125,Hyundai i10 Sportz AT,Bangalore,2009,60510,Petrol,Automatic,Second,16.95,1197.0,78.9,5.0,11.75,3.1,17,Hyundai,3362.0,0
3126,Maruti Baleno Sigma 1.2,Mumbai,2016,8500,Petrol,Manual,First,21.4,1197.0,83.1,5.0,11.75,5.49,10,Maruti,773.0,1
3127,Maruti Vitara Brezza ZDi Plus Dual Tone,Kochi,2017,35981,Diesel,Manual,First,24.3,1248.0,88.5,5.0,11.29,9.51,9,Maruti,3598.0,1
3128,Ford Figo Petrol ZXI,Mumbai,2012,23152,Petrol,Manual,First,15.6,1196.0,70.02,5.0,11.75,2.39,14,Ford,1543.0,1
3130,Volkswagen Vento Sport 1.2 TSI AT,Mumbai,2014,61529,Petrol,Automatic,First,18.19,1197.0,103.5,5.0,11.75,5.65,12,Volkswagen,4733.0,1
3131,Mahindra Xylo D2 BS III,Ahmedabad,2010,91596,Diesel,Manual,First,14.95,2489.0,93.7,7.0,11.75,1.85,16,Mahindra,5388.0,1
3132,Porsche Cayenne Base,Kochi,2019,14298,Petrol,Automatic,First,13.33,2995.0,340.0,5.0,136.0,2.02,7,Porsche,1787.0,1
3133,Maruti Swift Dzire VDi,Hyderabad,2013,83327,Diesel,Manual,First,19.3,1248.0,73.9,5.0,11.75,5.8,13,Maruti,5952.0,1
3134,Volkswagen Polo 1.2 MPI Highline Plus,Hyderabad,2017,22857,Petrol,Manual,First,16.2,1199.0,74.0,5.0,11.75,6.9,9,Volkswagen,2286.0,1
3135,Hyundai Verna 1.6 VTVT,Chennai,2013,34620,Petrol,Manual,Second,17.01,1591.0,121.3,5.0,11.75,5.35,13,Hyundai,2473.0,0
3136,Hyundai i10 Era 1.1,Bangalore,2010,56000,Petrol,Manual,First,19.81,1086.0,68.05,5.0,11.75,2.85,16,Hyundai,3294.0,1
3137,Mercedes-Benz E-Class E250 CDI Launch Edition,Chennai,2014,81000,Diesel,Automatic,First,13.0,2143.0,204.0,5.0,22.75,22.75,12,Mercedes-Benz,6231.0,1
3138,Maruti Zen LXI,Jaipur,1998,95150,Petrol,Manual,Third,17.3,993.0,60.0,5.0,11.75,0.45,28,Maruti,3281.0,0
3139,Hyundai i10 Sportz,Coimbatore,2013,32776,Petrol,Manual,First,20.36,1197.0,78.9,5.0,11.75,4.64,13,Hyundai,2341.0,1
3140,Honda Amaze S i-Dtech,Coimbatore,2016,51587,Diesel,Manual,First,25.8,1498.0,98.6,5.0,11.75,5.27,10,Honda,4690.0,1
3141,Tata Safari Storme VX,Jaipur,2016,36000,Diesel,Manual,First,14.1,2179.0,148.0,7.0,11.75,10.0,10,Tata,3273.0,1
3142,Honda Brio 1.2 S MT,Mumbai,2015,22000,Petrol,Manual,First,18.5,1198.0,86.8,5.0,6.23,3.95,11,Honda,1833.0,1
3143,Hyundai i20 Asta,Kochi,2010,30754,Petrol,Manual,First,17.0,1197.0,80.0,5.0,11.75,3.38,16,Hyundai,1809.0,1
3144,Volkswagen Jetta 2012-2014 1.4 TSI,Coimbatore,2018,37109,Petrol,Manual,First,14.69,1390.0,120.33,5.0,16.8,16.8,8,Volkswagen,4123.0,1
3145,Honda Jazz Select Edition,Kolkata,2010,45000,Petrol,Manual,First,16.7,1198.0,88.8,5.0,11.75,1.99,16,Honda,2647.0,1
3146,Hyundai Grand i10 Sportz,Coimbatore,2017,33284,Petrol,Manual,First,18.9,1197.0,82.0,5.0,11.75,5.84,9,Hyundai,3328.0,1
3147,Jaguar XF Diesel,Coimbatore,2016,55115,Diesel,Automatic,First,14.74,2993.0,270.9,5.0,36.15,36.15,10,Jaguar,5010.0,1
3148,Jaguar XF 2.2 Litre Luxury,Kolkata,2014,18000,Diesel,Automatic,First,16.36,2179.0,187.7,5.0,25.7,25.7,12,Jaguar,1385.0,1
3149,Mahindra XUV500 W8 2WD,Coimbatore,2013,130790,Diesel,Manual,First,16.0,2179.0,140.0,7.0,11.75,9.24,13,Mahindra,9342.0,1
3150,Maruti S Cross DDiS 320 Alpha,Delhi,2015,16607,Diesel,Manual,First,22.7,1598.0,118.0,5.0,11.75,7.65,11,Maruti,1384.0,1
3151,Audi A4 2.0 TDI 177 Bhp Premium Plus,Coimbatore,2015,32205,Diesel,Automatic,First,17.11,1968.0,174.33,5.0,25.31,25.31,11,Audi,2684.0,1
3152,Renault Duster 110PS Diesel RxZ,Delhi,2013,67000,Diesel,Manual,First,19.01,1461.0,108.45,5.0,15.01,4.75,13,Renault,4786.0,1
3153,Maruti Swift Dzire VXI,Coimbatore,2014,57676,Petrol,Manual,First,19.1,1197.0,85.8,5.0,11.75,6.69,12,Maruti,4437.0,1
3154,Volkswagen Polo Petrol Trendline 1.2L,Mumbai,2012,41000,Petrol,Manual,First,16.47,1198.0,73.9,5.0,11.75,3.1,14,Volkswagen,2733.0,1
3155,Maruti Omni 8 Seater BSII,Jaipur,2012,65000,Petrol,Manual,First,19.7,796.0,35.0,8.0,11.75,1.55,14,Maruti,4333.0,1
3156,Hyundai Grand i10 1.2 Kappa Magna AT,Coimbatore,2019,12153,Petrol,Automatic,First,18.9,1197.0,81.86,5.0,7.98,6.84,7,Hyundai,1519.0,1
3157,Tata Nano Twist XT,Hyderabad,2014,16810,Petrol,Manual,First,25.4,624.0,37.5,4.0,11.75,1.6,12,Tata,1293.0,1
3158,Audi A4 30 TFSI Premium Plus,Kochi,2017,61221,Petrol,Automatic,First,17.84,1395.0,147.51,5.0,47.16,21.73,9,Audi,6122.0,1
3159,Volkswagen Polo 1.2 MPI Highline,Mumbai,2015,22000,Petrol,Manual,First,16.47,1198.0,74.0,5.0,11.75,4.75,11,Volkswagen,1833.0,1
3160,Maruti Alto 800 LXI,Chennai,2015,63714,Petrol,Manual,First,22.74,796.0,47.3,5.0,11.75,2.45,11,Maruti,5310.0,1
3161,Mini Cooper 5 DOOR D,Kochi,2019,14857,Diesel,Automatic,First,20.7,1496.0,113.98,5.0,41.98,31.55,7,Mini,1857.0,1
3162,Audi A4 New 2.0 TDI Multitronic,Delhi,2012,69000,Diesel,Automatic,Second,15.2,1968.0,140.8,5.0,11.75,10.25,14,Audi,4600.0,0
3163,Ford Endeavour Titanium 4X2,Coimbatore,2019,14648,Diesel,Manual,First,12.62,2198.0,158.0,7.0,35.29,27.36,7,Ford,1831.0,1
3164,Ford Ecosport 1.5 Ti VCT MT Titanium,Hyderabad,2013,100000,Petrol,Manual,Second,15.8,1499.0,110.0,5.0,11.75,6.5,13,Ford,7143.0,0
3165,Hyundai Grand i10 Magna,Jaipur,2016,22000,Petrol,Manual,First,18.9,1197.0,82.0,5.0,11.75,4.25,10,Hyundai,2000.0,1
3166,Chevrolet Sail 1.2 LS,Mumbai,2014,10000,Petrol,Manual,First,18.2,1199.0,82.4,5.0,11.75,5.5,12,Chevrolet,769.0,1
3167,Maruti Swift Dzire LXI,Kolkata,2015,107000,Petrol,Manual,First,20.85,1197.0,83.14,5.0,11.75,4.0,11,Maruti,8917.0,1
3168,Tata Zest Revotron 1.2T XM,Kochi,2017,48198,Petrol,Manual,First,17.57,1193.0,88.7,5.0,7.63,4.65,9,Tata,4820.0,1
3169,Mercedes-Benz New C-Class C 220 CDI Avantgarde,Delhi,2015,15000,Diesel,Automatic,First,19.27,2143.0,170.0,5.0,28.5,28.5,11,Mercedes-Benz,1250.0,1
3170,Chevrolet Cruze LTZ,Coimbatore,2014,80073,Diesel,Manual,First,17.3,1998.0,163.7,5.0,11.75,7.11,12,Chevrolet,6159.0,1
3171,Maruti Ritz VDi,Hyderabad,2013,85388,Diesel,Manual,First,21.1,1248.0,73.9,5.0,11.75,3.9,13,Maruti,6099.0,1
3172,Hyundai Grand i10 1.2 Kappa Sportz Option,Jaipur,2017,14700,Petrol,Manual,First,18.9,1197.0,81.86,5.0,11.75,5.6,9,Hyundai,1470.0,1
3173,Maruti Dzire LDI,Pune,2012,150000,Diesel,Manual,Third,28.4,1248.0,73.75,5.0,7.91,2.25,14,Maruti,10000.0,0
3174,Hyundai Verna 1.6 SX,Kolkata,2011,34994,Diesel,Manual,First,22.32,1582.0,126.32,5.0,11.75,3.9,15,Hyundai,2187.0,1
3175,Jaguar XF Diesel,Coimbatore,2014,82536,Diesel,Automatic,First,14.74,2993.0,270.9,5.0,28.63,28.63,12,Jaguar,6349.0,1
3176,Skoda Superb Elegance 1.8 TSI AT,Delhi,2013,82000,Petrol,Automatic,First,13.7,1798.0,157.75,5.0,11.75,7.25,13,Skoda,5857.0,1
3177,Maruti Wagon R LXI,Pune,2006,52000,Petrol,Manual,Second,18.9,998.0,67.1,5.0,4.890000000000001,2.0,20,Maruti,2476.0,0
3178,Volkswagen Polo Petrol Highline 1.2L,Mumbai,2011,20000,Petrol,Manual,First,16.47,1198.0,73.9,5.0,11.75,3.5,15,Volkswagen,1250.0,1
3179,Honda Civic 2010-2013 1.8 S MT,Hyderabad,2011,55000,Petrol,Manual,First,14.8,1799.0,130.2,5.0,11.75,5.0,15,Honda,3438.0,1
3181,Maruti Wagon R VXI,Chennai,2014,52000,Petrol,Manual,First,22.5,998.0,67.04,5.0,5.51,3.45,12,Maruti,4000.0,1
3182,Maruti Swift Dzire VDI,Kolkata,2013,43284,Diesel,Manual,First,23.4,1248.0,74.0,5.0,11.75,4.5,13,Maruti,3092.0,1
3183,Hyundai Creta 1.6 SX Plus Petrol Automatic,Coimbatore,2018,23875,Petrol,Automatic,First,13.0,1591.0,121.3,5.0,14.36,14.36,8,Hyundai,2653.0,1
3184,Hyundai Grand i10 Asta,Bangalore,2016,51866,Petrol,Manual,First,18.9,1197.0,82.0,5.0,11.75,5.5,10,Hyundai,4715.0,1
3185,Nissan Micra Diesel XV Premium,Mumbai,2013,69000,Diesel,Manual,First,23.08,1461.0,63.1,5.0,11.75,3.0,13,Nissan,4929.0,1
3186,Hyundai Grand i10 1.2 Kappa Asta,Coimbatore,2017,62788,Petrol,Manual,First,18.9,1197.0,81.86,5.0,8.1,6.08,9,Hyundai,6279.0,1
3187,Volkswagen Vento Diesel Highline,Chennai,2013,150000,Diesel,Manual,First,20.54,1598.0,103.6,5.0,11.75,5.0,13,Volkswagen,10714.0,1
3188,Toyota Fortuner 4x2 AT,Kochi,2015,47566,Diesel,Automatic,First,12.55,2982.0,168.5,7.0,20.25,20.25,11,Toyota,3964.0,1
3190,Toyota Innova Crysta 2.8 GX AT,Pune,2018,20300,Diesel,Automatic,First,11.36,2755.0,171.5,7.0,20.97,18.0,8,Toyota,2256.0,1
3191,Mercedes-Benz A Class A180 CDI,Pune,2015,48300,Diesel,Automatic,First,20.0,2143.0,107.3,5.0,17.5,17.5,11,Mercedes-Benz,4025.0,1
3192,Hyundai EON D Lite,Pune,2013,30000,Petrol,Manual,First,21.1,814.0,55.2,5.0,11.75,2.1,13,Hyundai,2143.0,1
3193,Hyundai Elantra CRDi SX,Bangalore,2012,36000,Diesel,Manual,Second,22.7,1582.0,126.24,5.0,11.75,7.5,14,Hyundai,2400.0,0
3194,Mini Cooper 3 DOOR D,Kochi,2015,27641,Diesel,Automatic,Second,20.7,1496.0,113.98,4.0,34.89,24.77,11,Mini,2303.0,0
3195,Renault Duster 110PS Diesel RXZ Option,Bangalore,2015,60000,Diesel,Manual,First,19.64,1461.0,108.45,5.0,11.75,8.65,11,Renault,5000.0,1
3196,Ford Endeavour 3.2 Titanium AT 4X4,Chennai,2019,9000,Diesel,Automatic,First,10.91,3198.0,197.0,7.0,35.5,35.5,7,Ford,1125.0,1
3197,Toyota Corolla Altis GL MT,Delhi,2014,60750,Petrol,Manual,First,14.28,1798.0,138.03,5.0,11.75,10.5,12,Toyota,4673.0,1
3198,Mahindra XUV500 W7,Delhi,2018,9000,Diesel,Manual,First,14.0,2179.0,155.0,7.0,16.4,13.0,8,Mahindra,1000.0,1
3199,BMW 7 Series 730Ld Design Pure Excellence CBU,Kolkata,2012,41100,Diesel,Automatic,First,16.77,2993.0,261.49,5.0,166.0,26.5,14,BMW,2740.0,1
3200,Maruti Wagon R LX BSIII,Ahmedabad,2004,60000,Petrol,Manual,Second,17.3,1061.0,64.0,5.0,11.75,1.4,22,Maruti,2609.0,0
3201,Honda City i VTEC SV,Kochi,2017,38424,Petrol,Manual,First,17.8,1497.0,117.3,5.0,11.75,7.51,9,Honda,3842.0,1
3202,Maruti Swift VDI,Delhi,2014,50000,Diesel,Manual,First,22.9,1248.0,74.0,5.0,7.92,4.3,12,Maruti,3846.0,1
3203,Honda City i-VTEC CVT VX,Mumbai,2015,19000,Petrol,Automatic,First,18.0,1497.0,117.3,5.0,15.29,8.95,11,Honda,1583.0,1
3204,Maruti Ertiga VDI,Kochi,2015,58734,Diesel,Manual,First,20.77,1248.0,88.76,7.0,11.215,6.91,11,Maruti,4894.0,1
3205,Renault Duster 110PS Diesel RxZ,Coimbatore,2016,65257,Diesel,Manual,First,19.01,1461.0,108.45,5.0,15.01,9.75,10,Renault,5932.0,1
3206,Maruti Swift Dzire VDi,Jaipur,2010,130000,Diesel,Manual,Second,19.3,1248.0,73.9,5.0,11.75,4.0,16,Maruti,7647.0,0
3207,Maruti Ritz VDi,Hyderabad,2011,79000,Diesel,Manual,First,23.2,1248.0,73.94,5.0,11.75,3.65,15,Maruti,4938.0,1
3208,Mahindra XUV500 W8 4WD,Chennai,2013,78000,Diesel,Manual,First,15.1,2179.0,140.0,7.0,11.75,10.75,13,Mahindra,5571.0,1
3209,Honda Brio S MT,Kochi,2015,49133,Petrol,Manual,First,19.4,1198.0,86.8,5.0,11.75,4.51,11,Honda,4094.0,1
3210,Mercedes-Benz M-Class ML 350 4Matic,Coimbatore,2016,22769,Diesel,Automatic,First,0.0,2987.0,165.0,5.0,49.22,49.22,10,Mercedes-Benz,2070.0,1
3211,Tata Manza Club Class Quadrajet90 LS,Coimbatore,2014,54448,Diesel,Manual,First,21.02,1248.0,88.8,5.0,11.75,3.7,12,Tata,4188.0,1
3212,Toyota Innova 2.5 V Diesel 7-seater,Hyderabad,2014,158793,Diesel,Manual,First,12.8,2494.0,102.0,7.0,12.99,12.99,12,Toyota,12215.0,1
3213,Maruti Swift VXI,Delhi,2015,62088,Petrol,Manual,First,18.6,1197.0,85.8,5.0,6.995,4.15,11,Maruti,5174.0,1
3214,Hyundai Verna 1.6 EX VTVT,Kolkata,2012,14800,Petrol,Manual,First,17.01,1591.0,121.3,5.0,11.75,4.4,14,Hyundai,987.0,1
3215,Honda Mobilio S i VTEC,Kolkata,2015,26000,Petrol,Manual,First,17.3,1497.0,117.3,7.0,11.75,4.25,11,Honda,2167.0,1
3216,Honda Amaze S i-Vtech,Mumbai,2017,32005,Petrol,Manual,First,18.0,1198.0,86.7,5.0,11.75,4.25,9,Honda,3200.0,1
3217,Honda City i-VTEC CVT VX,Jaipur,2017,35000,Petrol,Automatic,First,18.0,1497.0,117.3,5.0,14.67,7.7,9,Honda,3500.0,1
3218,Land Rover Range Rover 2.2L Dynamic,Pune,2015,52000,Diesel,Automatic,First,12.7,2179.0,187.7,5.0,39.75,39.75,11,Land,4333.0,1
3219,Honda City i-VTEC V,Mumbai,2017,11000,Petrol,Manual,First,17.4,1497.0,117.3,5.0,12.57,8.5,9,Honda,1100.0,1
3220,Mercedes-Benz E-Class 280 Elegance,Jaipur,2008,62000,Petrol,Automatic,First,9.5,2997.0,231.1,5.0,11.75,7.0,18,Mercedes-Benz,3263.0,1
3221,Ford Ikon 1.3 Flair,Chennai,2002,65134,Petrol,Manual,Third,13.8,1299.0,70.0,5.0,11.75,0.8,24,Ford,2605.0,0
3222,Toyota Fortuner 4x2 Manual,Delhi,2013,71000,Diesel,Manual,First,13.0,2982.0,168.5,7.0,15.25,15.25,13,Toyota,5071.0,1
3223,Maruti A-Star Vxi,Hyderabad,2008,51366,Petrol,Manual,First,19.0,998.0,66.1,5.0,11.75,2.25,18,Maruti,2703.0,1
3224,Tata Sumo EX,Kolkata,2016,46300,Diesel,Manual,First,14.07,1948.0,83.1,7.0,11.75,4.85,10,Tata,4209.0,1
3225,Honda City V AT,Coimbatore,2012,60908,Petrol,Automatic,Second,15.6,1497.0,116.3,5.0,11.75,6.42,14,Honda,4061.0,0
3226,Nissan Micra XV D,Chennai,2012,93450,Diesel,Manual,Second,23.19,1461.0,63.12,5.0,9.48,2.5,14,Nissan,6230.0,0
3227,Hyundai Verna SX CRDi AT,Hyderabad,2011,104000,Diesel,Automatic,First,19.08,1582.0,126.32,5.0,11.75,5.75,15,Hyundai,6500.0,1
3228,Maruti 800 Std,Pune,2003,52000,Petrol,Manual,First,16.1,796.0,37.0,4.0,11.75,0.5,23,Maruti,2167.0,1
3229,Mahindra XUV500 W8 4WD,Coimbatore,2015,42999,Diesel,Manual,First,15.1,2179.0,140.0,7.0,11.75,11.52,11,Mahindra,3583.0,1
3230,Maruti SX4 VDI,Delhi,2014,90000,Diesel,Manual,First,21.5,1248.0,88.8,5.0,11.75,4.5,12,Maruti,6923.0,1
3231,Hyundai i20 Sportz AT 1.4,Bangalore,2013,72000,Petrol,Automatic,First,15.0,1396.0,98.6,5.0,11.75,4.75,13,Hyundai,5143.0,1
3232,Hyundai Creta 1.6 CRDi SX,Coimbatore,2019,54321,Diesel,Manual,First,19.67,1582.0,126.2,5.0,13.54,13.54,7,Hyundai,6790.0,1
3233,Mercedes-Benz E-Class E250 CDI Avantgrade,Kochi,2015,59630,Diesel,Automatic,First,13.0,2143.0,201.1,5.0,23.41,23.41,11,Mercedes-Benz,4969.0,1
3234,Toyota Fortuner 4x2 AT,Hyderabad,2013,116000,Diesel,Automatic,Second,12.55,2982.0,168.5,7.0,19.25,19.25,13,Toyota,8286.0,0
3235,Volvo S60 D4 KINETIC,Ahmedabad,2015,34000,Diesel,Automatic,First,9.0,1984.0,181.0,5.0,20.0,20.0,11,Volvo,2833.0,1
3236,Mercedes-Benz E-Class 2009-2013 E250 CDI Avantgarde,Delhi,2011,70000,Diesel,Automatic,First,14.21,2143.0,203.0,5.0,13.0,13.0,15,Mercedes-Benz,4375.0,1
3237,Honda Accord 2.4 Elegance M/T,Chennai,2010,80000,Petrol,Manual,First,10.2,2354.0,180.0,5.0,11.75,3.99,16,Honda,4706.0,1
3238,Honda Amaze S i-Dtech,Pune,2015,110000,Diesel,Manual,First,25.8,1498.0,98.6,5.0,11.75,4.65,11,Honda,9167.0,1
3239,Maruti Dzire ZDI,Ahmedabad,2013,56454,Diesel,Manual,First,28.4,1248.0,73.75,5.0,8.95,4.65,13,Maruti,4032.0,1
3240,Maruti Swift LXI,Kolkata,2013,60000,Petrol,Manual,First,18.6,1197.0,85.8,5.0,11.75,3.15,13,Maruti,4286.0,1
3241,Toyota Corolla Altis G HV AT,Delhi,2013,56000,Petrol,Automatic,First,14.53,1798.0,138.1,5.0,11.75,8.25,13,Toyota,4000.0,1
3242,Land Rover Range Rover Vogue SE 4.4 SDV8,Bangalore,2012,63000,Diesel,Automatic,Second,11.49,4367.0,335.3,5.0,65.0,65.0,14,Land,4200.0,0
3243,Maruti Swift VDI,Chennai,2012,63000,Diesel,Manual,First,22.9,1248.0,74.0,5.0,7.92,4.5,14,Maruti,4200.0,1
3244,Jeep Compass 2.0 Limited Option 4X4,Kolkata,2017,15050,Diesel,Manual,First,16.3,1956.0,170.0,5.0,23.19,17.5,9,Jeep,1505.0,1
3245,Maruti Swift VXI BSIV,Mumbai,2016,29401,Petrol,Manual,First,20.4,1197.0,81.8,5.0,11.75,4.31,10,Maruti,2673.0,1
3246,Honda Jazz 1.2 SV i VTEC,Kochi,2016,25238,Petrol,Manual,First,18.7,1199.0,88.7,5.0,11.75,6.2,10,Honda,2294.0,1
3248,Volkswagen Polo Petrol Trendline 1.2L,Kochi,2011,58752,Petrol,Manual,First,16.47,1198.0,73.9,5.0,11.75,3.32,15,Volkswagen,3672.0,1
3249,Honda Civic 2006-2010 1.8 V AT,Delhi,2011,62000,Petrol,Automatic,First,12.9,1799.0,130.0,5.0,11.75,3.75,15,Honda,3875.0,1
3250,Toyota Etios G SP,Bangalore,2013,132000,Petrol,Manual,First,16.78,1496.0,88.73,5.0,11.75,4.7,13,Toyota,9429.0,1
3251,Hyundai Verna 1.6 SX VTVT,Chennai,2016,51000,Petrol,Manual,First,17.01,1591.0,121.3,5.0,11.75,6.5,10,Hyundai,4636.0,1
3252,Toyota Innova 2.5 G4 Diesel 8-seater,Hyderabad,2009,185200,Diesel,Manual,First,12.8,2494.0,102.0,8.0,11.75,7.25,17,Toyota,10289.0,1
3253,Maruti SX4 S Cross DDiS 320 Zeta,Coimbatore,2016,61717,Diesel,Manual,First,22.7,1598.0,118.0,5.0,11.75,8.94,10,Maruti,5611.0,1
3254,Ford Freestyle Titanium Plus Petrol,Kolkata,2018,8896,Petrol,Manual,First,19.0,1194.0,94.68,5.0,8.24,7.34,8,Ford,988.0,1
3255,Maruti Baleno Alpha 1.2,Delhi,2016,17000,Petrol,Manual,First,21.4,1197.0,83.1,5.0,11.75,6.9,10,Maruti,1545.0,1
3256,Honda Jazz V,Mumbai,2016,31378,Petrol,Manual,First,18.2,1199.0,88.7,5.0,8.71,5.9,10,Honda,2853.0,1
3257,Hyundai Verna 1.6 CRDi EX AT,Pune,2013,114000,Diesel,Automatic,First,22.32,1582.0,126.3,5.0,11.75,6.75,13,Hyundai,8143.0,1
3258,Honda Amaze VX i-DTEC,Ahmedabad,2014,81000,Diesel,Manual,First,25.8,1498.0,98.6,5.0,11.75,4.1,12,Honda,6231.0,1
3259,Audi Q3 30 TDI Premium FWD,Mumbai,2017,31000,Diesel,Automatic,First,18.51,1968.0,147.51,5.0,44.75,27.0,9,Audi,3100.0,1
3260,Skoda Rapid 2013-2016 1.6 MPI Ambition,Mumbai,2014,35000,Petrol,Manual,First,15.0,1598.0,103.52,5.0,11.75,4.5,12,Skoda,2692.0,1
3261,Audi A4 2.0 TDI 177 Bhp Premium Plus,Kolkata,2013,60001,Diesel,Automatic,First,17.11,1968.0,174.33,5.0,14.5,14.5,13,Audi,4286.0,1
3262,Maruti Swift Dzire VDI,Jaipur,2014,75074,Diesel,Manual,First,23.4,1248.0,74.0,5.0,11.75,5.25,12,Maruti,5775.0,1
3263,Tata Indica Vista Quadrajet LS,Kolkata,2012,80000,Diesel,Manual,Second,22.3,1248.0,74.0,5.0,11.75,1.2,14,Tata,5333.0,0
3264,Toyota Innova 2.5 G (Diesel) 8 Seater,Jaipur,2006,147350,Diesel,Manual,Second,12.99,2494.0,100.6,8.0,11.75,4.95,20,Toyota,7017.0,0
3265,Renault Duster 110PS Diesel RxZ Plus,Hyderabad,2013,60000,Diesel,Manual,First,19.64,1461.0,108.45,5.0,11.75,7.5,13,Renault,4286.0,1
3266,Mercedes-Benz E-Class E400 Cabriolet,Kolkata,2015,7501,Petrol,Automatic,First,10.0,2996.0,333.0,4.0,87.57,48.0,11,Mercedes-Benz,625.0,1
3267,Honda Amaze S i-Dtech,Delhi,2015,58000,Diesel,Manual,First,25.8,1498.0,98.6,5.0,11.75,4.45,11,Honda,4833.0,1
3268,Mercedes-Benz GLE 350d,Coimbatore,2018,29277,Diesel,Automatic,First,11.57,2987.0,254.79,5.0,95.13,59.65,8,Mercedes-Benz,3253.0,1
3269,Maruti Ritz VDi,Kochi,2015,57034,Diesel,Manual,First,23.2,1248.0,73.94,5.0,11.75,4.38,11,Maruti,4753.0,1
3270,Maruti Ciaz ZDi Plus SHVS,Kochi,2016,40810,Diesel,Manual,First,28.09,1248.0,88.5,5.0,11.75,7.9,10,Maruti,3710.0,1
3271,Hyundai Santro Xing GL,Bangalore,2008,35268,Petrol,Manual,Second,0.0,1086.0,62.0,5.0,11.75,1.88,18,Hyundai,1856.0,0
3272,BMW 5 Series 520d Sedan,Mumbai,2008,81000,Diesel,Automatic,Second,18.48,1497.0,98.6,5.0,11.75,10.5,18,BMW,4263.0,0
3273,Maruti Baleno Delta CVT,Coimbatore,2018,34630,Petrol,Automatic,First,21.4,1197.0,83.1,5.0,8.57,7.29,8,Maruti,3848.0,1
3274,Ford Fiesta Diesel Titanium Plus,Hyderabad,2012,45122,Diesel,Manual,First,23.5,1498.0,88.7,5.0,11.75,6.0,14,Ford,3008.0,1
3275,Mahindra XUV500 W8 2WD,Chennai,2011,126000,Diesel,Manual,Third,16.0,2179.0,140.0,7.0,11.75,6.7,15,Mahindra,7875.0,0
3276,Maruti Alto LXi,Jaipur,2009,63000,Petrol,Manual,First,19.7,796.0,46.3,5.0,11.75,1.5,17,Maruti,3500.0,1
3277,Mini Cooper 3 DOOR D,Kochi,2016,32298,Diesel,Automatic,First,20.7,1496.0,113.98,4.0,35.0,23.8,10,Mini,2936.0,1
3278,Mahindra XUV500 W8 4WD,Kochi,2014,63288,Diesel,Manual,First,15.1,2179.0,140.0,7.0,11.75,7.77,12,Mahindra,4868.0,1
3279,Hyundai Santro Xing GLS,Coimbatore,2012,43337,Petrol,Manual,First,17.92,1086.0,62.1,5.0,11.75,3.32,14,Hyundai,2889.0,1
3280,Maruti Swift VDI,Kochi,2015,46561,Diesel,Manual,First,22.9,1248.0,74.0,5.0,7.92,4.94,11,Maruti,3880.0,1
3281,Mercedes-Benz A Class A180 CDI,Delhi,2013,34000,Diesel,Automatic,Second,20.0,2143.0,107.3,5.0,11.75,11.0,13,Mercedes-Benz,2429.0,0
3282,Renault KWID RXT,Hyderabad,2016,48000,Petrol,Manual,First,25.17,799.0,53.3,5.0,11.75,3.4,10,Renault,4364.0,1
3283,Maruti Swift VDI,Kochi,2013,56263,Diesel,Manual,First,22.9,1248.0,74.0,5.0,7.92,4.17,13,Maruti,4019.0,1
3284,Maruti Zen LXI,Hyderabad,2005,84060,Petrol,Manual,Second,17.3,993.0,60.0,5.0,11.75,1.25,21,Maruti,3821.0,0
3285,Hyundai Grand i10 Magna AT,Mumbai,2016,9000,Petrol,Automatic,First,18.9,1197.0,82.0,5.0,11.75,5.45,10,Hyundai,818.0,1
3286,Tata Manza Aura Quadrajet BS IV,Jaipur,2012,79000,Diesel,Manual,First,21.12,1248.0,88.8,5.0,11.75,2.59,14,Tata,5267.0,1
3287,Mahindra XUV500 W10 AWD,Pune,2015,87900,Diesel,Manual,First,16.0,2179.0,140.0,7.0,12.01,12.01,11,Mahindra,7325.0,1
3288,Maruti Swift Dzire 1.2 Vxi BSIV,Delhi,2010,72425,Petrol,Manual,Second,17.5,1197.0,85.8,5.0,11.75,2.45,16,Maruti,4260.0,0
3289,Audi Q3 35 TDI Quattro Premium Plus,Bangalore,2015,38000,Diesel,Automatic,First,15.73,1968.0,174.33,5.0,48.64,29.0,11,Audi,3167.0,1
3291,Mercedes-Benz New C-Class C 220 CDI Elegance AT,Hyderabad,2010,107000,Diesel,Automatic,First,14.84,2143.0,170.0,5.0,11.99,11.99,16,Mercedes-Benz,6294.0,1
3292,Honda City i VTEC CVT VX,Delhi,2015,51000,Petrol,Automatic,First,18.0,1497.0,117.3,5.0,11.75,7.9,11,Honda,4250.0,1
3293,Toyota Innova 2.5 GX 7 STR,Pune,2010,140000,Diesel,Manual,Third,12.8,2494.0,102.0,7.0,11.75,6.25,16,Toyota,8235.0,0
3294,Chevrolet Beat LT,Pune,2011,48000,Petrol,Manual,Second,18.6,1199.0,79.4,5.0,11.75,1.8,15,Chevrolet,3000.0,0
3296,Honda Jazz 1.2 S i VTEC,Mumbai,2015,31000,Petrol,Manual,First,18.7,1199.0,88.7,5.0,11.75,4.9,11,Honda,2583.0,1
3297,Nissan Micra XL Primo,Jaipur,2010,75055,Petrol,Manual,First,18.06,1198.0,75.0,5.0,11.75,2.25,16,Nissan,4415.0,1
3298,Maruti Ciaz AT ZXi,Coimbatore,2017,51210,Petrol,Automatic,First,19.12,1373.0,91.1,5.0,11.75,8.89,9,Maruti,5121.0,1
3299,Toyota Fortuner 4x2 AT,Mumbai,2012,87000,Diesel,Automatic,First,12.55,2982.0,168.5,7.0,15.0,15.0,14,Toyota,5800.0,1
3300,Ford Aspire Ambiente Diesel,Kolkata,2018,17000,Diesel,Manual,First,26.1,1498.0,99.0,5.0,7.56,5.65,8,Ford,1889.0,1
3301,Maruti Ertiga ZDI,Jaipur,2014,57000,Diesel,Manual,First,20.77,1248.0,88.8,7.0,12.34,7.0,12,Maruti,4385.0,1
3302,Maruti Alto 800 LXI,Hyderabad,2016,9370,Petrol,Manual,First,22.74,796.0,47.3,5.0,11.75,2.95,10,Maruti,852.0,1
3303,Honda Brio V MT,Chennai,2013,53226,Petrol,Manual,First,19.4,1198.0,86.8,5.0,11.75,3.3,13,Honda,3802.0,1
3304,Hyundai Verna Transform CRDi VGT SX ABS,Hyderabad,2010,120000,Diesel,Manual,Second,16.2,1493.0,110.0,5.0,11.75,3.5,16,Hyundai,7059.0,0
3305,Honda City 1.5 GXI,Jaipur,2007,75055,Petrol,Manual,First,12.8,1493.0,100.0,5.0,11.75,2.3,19,Honda,3753.0,1
3306,Hyundai Creta 1.6 CRDi SX,Coimbatore,2017,37247,Diesel,Manual,First,19.67,1582.0,126.2,5.0,13.69,13.69,9,Hyundai,3725.0,1
3307,Toyota Etios Liva GD,Delhi,2013,64000,Diesel,Manual,First,23.59,1364.0,67.06,5.0,11.75,3.1,13,Toyota,4571.0,1
3308,Hyundai Sonata Transform 2.4 GDi MT,Mumbai,2014,12000,Petrol,Manual,First,13.44,2359.0,198.25,5.0,12.75,12.75,12,Hyundai,923.0,1
3309,Hyundai Creta 1.6 CRDi SX Option,Pune,2017,40158,Diesel,Manual,First,19.67,1582.0,126.2,5.0,13.75,13.75,9,Hyundai,4016.0,1
3310,Honda Jazz 1.2 SV i VTEC,Chennai,2017,11000,Petrol,Manual,First,18.7,1199.0,88.7,5.0,11.75,6.75,9,Honda,1100.0,1
3311,Volkswagen Vento Diesel Comfortline,Chennai,2014,70010,Diesel,Manual,First,20.54,1598.0,103.6,5.0,11.75,5.25,12,Volkswagen,5385.0,1
3312,Mahindra XUV500 W6 2WD,Mumbai,2015,82000,Diesel,Manual,First,16.0,2179.0,140.0,7.0,11.75,8.75,11,Mahindra,6833.0,1
3313,Mahindra TUV 300 2015-2019 T8,Kochi,2017,57259,Diesel,Manual,First,18.49,1493.0,100.0,7.0,11.75,8.87,9,Mahindra,5726.0,1
3314,Honda Accord 2001-2003 2.3 VTi L AT,Bangalore,2010,84000,Petrol,Automatic,Second,11.1,2354.0,142.0,5.0,11.75,6.5,16,Honda,4941.0,0
3315,Maruti Ertiga VDI,Pune,2012,168000,Diesel,Manual,First,20.77,1248.0,88.76,7.0,11.215,4.5,14,Maruti,11200.0,1
3316,Mahindra Ssangyong Rexton RX5,Hyderabad,2012,73670,Diesel,Manual,First,12.83,2696.0,162.0,7.0,12.5,12.5,14,Mahindra,4911.0,1
3317,Toyota Fortuner 4x2 AT,Delhi,2014,89540,Diesel,Automatic,First,12.55,2982.0,168.5,7.0,16.8,16.8,12,Toyota,6888.0,1
3318,Maruti Ertiga ZDI,Hyderabad,2016,85423,Diesel,Manual,First,20.77,1248.0,88.8,7.0,12.34,8.75,10,Maruti,7766.0,1
3319,Hyundai Elantra CRDi SX AT,Pune,2013,48823,Diesel,Automatic,First,19.5,1582.0,126.24,5.0,11.75,8.5,13,Hyundai,3487.0,1
3320,Hyundai i10 Magna 1.2,Kolkata,2011,35082,Petrol,Manual,First,20.36,1197.0,78.9,5.0,11.75,2.21,15,Hyundai,2193.0,1
3321,Maruti Omni MPI STD BSIV,Jaipur,2012,126000,Petrol,Manual,First,16.8,796.0,34.2,5.0,11.75,1.6,14,Maruti,8400.0,1
3322,Honda Amaze VX AT i-Vtech,Delhi,2016,19000,Petrol,Automatic,First,15.5,1198.0,86.7,5.0,11.75,6.25,10,Honda,1727.0,1
3323,Honda Civic 2006-2010 1.8 V AT,Mumbai,2007,69000,Petrol,Automatic,Second,12.9,1799.0,130.0,5.0,11.75,2.25,19,Honda,3450.0,0
3324,Mercedes-Benz CLA 200 CDI Sport,Kochi,2019,29836,Diesel,Automatic,First,17.9,2143.0,136.0,5.0,43.07,25.75,7,Mercedes-Benz,3730.0,1
3325,Skoda Superb 1.8 TFSI MT,Ahmedabad,2010,48002,Petrol,Manual,Second,13.14,1798.0,157.8,5.0,11.75,6.75,16,Skoda,2824.0,0
3326,Maruti Ciaz ZDi Plus SHVS,Ahmedabad,2015,52324,Diesel,Manual,First,28.09,1248.0,88.5,5.0,11.75,6.25,11,Maruti,4360.0,1
3327,Ford Ecosport 1.5 DV5 MT Titanium Optional,Delhi,2013,65000,Diesel,Manual,First,22.7,1498.0,89.84,5.0,11.75,5.1,13,Ford,4643.0,1
3328,Mercedes-Benz M-Class ML 320 CDI,Mumbai,2009,66000,Diesel,Automatic,Second,8.7,2987.0,224.34,5.0,11.75,10.75,17,Mercedes-Benz,3667.0,0
3329,Hyundai Grand i10 CRDi Sportz,Hyderabad,2016,75700,Diesel,Manual,First,24.0,1120.0,70.0,5.0,11.75,5.7,10,Hyundai,6882.0,1
3330,Volkswagen Vento Diesel Breeze,Bangalore,2013,43000,Diesel,Manual,First,20.5,1598.0,105.0,5.0,11.75,5.95,13,Volkswagen,3071.0,1
3331,Chevrolet Beat Diesel LT,Kochi,2012,42706,Diesel,Manual,First,25.44,936.0,56.3,5.0,11.75,2.4,14,Chevrolet,2847.0,1
3332,Mahindra Quanto C6,Mumbai,2013,35000,Diesel,Manual,First,17.21,1493.0,100.0,7.0,11.75,3.49,13,Mahindra,2500.0,1
3333,Hyundai i10 Asta 1.2 AT with Sunroof,Hyderabad,2011,54348,Petrol,Automatic,First,19.2,1197.0,80.0,5.0,11.75,4.0,15,Hyundai,3397.0,1
3334,Toyota Etios Liva 1.4 GD,Delhi,2013,84000,Diesel,Manual,First,23.59,1364.0,67.04,5.0,7.83,3.85,13,Toyota,6000.0,1
3335,Toyota Corolla Altis 2008-2013 1.8 VL AT,Mumbai,2010,63298,Petrol,Automatic,First,14.53,1794.0,138.1,5.0,11.75,3.95,16,Toyota,3723.0,1
3336,Hyundai i10 Magna 1.2,Jaipur,2013,75049,Petrol,Manual,Second,20.36,1197.0,78.9,5.0,11.75,3.0,13,Hyundai,5361.0,0
3337,Ford Figo Aspire 1.2 Ti-VCT Titanium,Kochi,2018,24237,Petrol,Manual,First,18.16,1196.0,86.8,5.0,11.75,6.7,8,Ford,2693.0,1
3338,Maruti Ritz ZXi,Coimbatore,2016,22767,Petrol,Manual,First,18.5,1197.0,85.8,5.0,11.75,6.14,10,Maruti,2070.0,1
3339,Hyundai i20 Sportz AT 1.4,Bangalore,2012,58000,Petrol,Automatic,Second,15.0,1396.0,98.6,5.0,11.75,4.4,14,Hyundai,3867.0,0
3340,Maruti Swift Dzire LDI,Pune,2017,57000,Diesel,Manual,First,26.59,1248.0,74.0,5.0,11.75,4.25,9,Maruti,5700.0,1
3341,BMW 7 Series 2007-2012 750Li,Kochi,2010,50161,Petrol,Automatic,First,8.77,4395.0,402.0,5.0,25.93,25.93,16,BMW,2951.0,1
3342,Maruti S Cross DDiS 320 Alpha,Kolkata,2016,45000,Diesel,Manual,First,22.7,1598.0,118.0,5.0,11.75,7.0,10,Maruti,4091.0,1
3343,Toyota Fortuner 4x4 AT,Coimbatore,2017,68319,Diesel,Automatic,First,12.55,2982.0,168.5,7.0,25.12,25.12,9,Toyota,6832.0,1
3344,Hyundai EON 1.0 Magna Plus Option O,Kochi,2017,30711,Petrol,Manual,First,20.3,998.0,68.05,5.0,11.75,4.45,9,Hyundai,3071.0,1
3345,Hyundai i20 1.4 CRDi Magna,Kolkata,2011,38277,Diesel,Manual,First,21.9,1396.0,90.0,5.0,11.75,2.4,15,Hyundai,2392.0,1
3346,Volkswagen Vento Diesel Highline,Pune,2012,115000,Diesel,Manual,Second,20.54,1598.0,103.6,5.0,11.75,4.33,14,Volkswagen,7667.0,0
3347,Maruti Swift Dzire VXi AT,Coimbatore,2017,46849,Petrol,Automatic,First,18.5,1197.0,83.14,5.0,11.75,6.93,9,Maruti,4685.0,1
3348,Hyundai i20 Magna 1.4 CRDi,Ahmedabad,2014,64000,Diesel,Manual,First,21.9,1396.0,90.0,5.0,11.75,4.25,12,Hyundai,4923.0,1
3349,Mercedes-Benz E-Class 2009-2013 E250 CDI Blue Efficiency,Pune,2010,130923,Diesel,Automatic,First,14.21,2143.0,203.0,5.0,12.5,12.5,16,Mercedes-Benz,7701.0,1
3350,Hyundai Grand i10 Sportz,Chennai,2015,15000,Petrol,Manual,First,18.9,1197.0,82.0,5.0,11.75,4.9,11,Hyundai,1250.0,1
3351,Hyundai i20 1.4 CRDi Sportz,Mumbai,2014,32720,Diesel,Manual,First,23.0,1396.0,90.0,5.0,11.75,4.5,12,Hyundai,2517.0,1
3352,Renault KWID RXT,Jaipur,2016,12500,Petrol,Manual,First,25.17,799.0,53.3,5.0,11.75,3.0,10,Renault,1136.0,1
3353,Hyundai Xcent 1.2 Kappa AT SX Option,Chennai,2015,59800,Petrol,Automatic,First,16.9,1197.0,82.0,5.0,11.75,5.8,11,Hyundai,4983.0,1
3354,Volkswagen Vento Petrol Highline,Pune,2011,54211,Petrol,Manual,First,15.04,1598.0,103.6,5.0,11.75,3.33,15,Volkswagen,3388.0,1
3355,Chevrolet Cruze LTZ AT,Kochi,2015,62242,Diesel,Automatic,First,14.39,1998.0,163.7,5.0,11.75,6.62,11,Chevrolet,5187.0,1
3356,Nissan Terrano XL 110 PS,Mumbai,2015,54000,Diesel,Manual,Second,19.01,1461.0,108.5,5.0,11.75,5.75,11,Nissan,4500.0,0
3357,Hyundai Verna 1.6 SX,Hyderabad,2012,65000,Diesel,Manual,First,22.32,1582.0,126.32,5.0,11.75,6.2,14,Hyundai,4333.0,1
3358,Maruti Celerio VXI AMT,Chennai,2015,55000,Petrol,Automatic,First,23.1,998.0,67.04,5.0,6.0,3.5,11,Maruti,4583.0,1
3359,Maruti Wagon R LXI,Pune,2010,71000,Petrol,Manual,First,18.9,998.0,67.1,5.0,4.890000000000001,2.0,16,Maruti,4176.0,1
3360,Hyundai i20 Magna Optional 1.4 CRDi,Chennai,2012,70000,Diesel,Manual,First,21.9,1396.0,88.8,5.0,11.75,4.0,14,Hyundai,4667.0,1
3361,Audi A4 1.8 TFSI,Mumbai,2011,53000,Petrol,Automatic,First,12.3,1781.0,163.2,5.0,11.75,9.5,15,Audi,3312.0,1
3362,BMW X1 sDrive20d,Mumbai,2013,43000,Diesel,Automatic,First,17.05,1995.0,184.0,5.0,17.5,17.5,13,BMW,3071.0,1
3363,Skoda Rapid 1.6 MPI AT Elegance Plus,Mumbai,2015,54000,Petrol,Automatic,First,14.3,1598.0,103.52,5.0,11.75,6.11,11,Skoda,4500.0,1
3364,Hyundai i10 Magna,Ahmedabad,2014,51000,Petrol,Manual,First,20.36,1197.0,78.9,5.0,11.75,3.75,12,Hyundai,3923.0,1
3365,Mitsubishi Pajero 2.8 GLX CRZ,Hyderabad,2007,78000,Diesel,Manual,Second,10.5,2835.0,107.2,6.0,11.75,6.2,19,Mitsubishi,3900.0,0
3366,Honda City i DTEC SV,Mumbai,2014,25000,Diesel,Manual,First,26.0,1498.0,98.6,5.0,11.75,6.15,12,Honda,1923.0,1
3367,Maruti Alto K10 2010-2014 VXI,Pune,2012,12600,Petrol,Manual,First,20.92,998.0,67.1,5.0,11.75,2.4,14,Maruti,840.0,1
3368,Maruti Swift Ldi BSIII,Pune,2009,80000,Diesel,Manual,Fourth & Above,17.8,1248.0,75.0,5.0,11.75,2.15,17,Maruti,4444.0,0
3369,Hyundai Grand i10 Magna,Kolkata,2016,21000,Petrol,Manual,First,18.9,1197.0,82.0,5.0,11.75,3.75,10,Hyundai,1909.0,1
3370,Ford Figo Petrol ZXI,Mumbai,2011,32000,Petrol,Manual,Second,15.6,1196.0,70.0,5.0,11.75,2.15,15,Ford,2000.0,0
3371,Hyundai Grand i10 SportZ Edition,Bangalore,2015,50000,Petrol,Manual,First,18.9,1197.0,81.86,5.0,11.75,4.75,11,Hyundai,4167.0,1
3372,Maruti SX4 Vxi BSIV,Mumbai,2010,47500,Petrol,Manual,First,15.5,1586.0,103.3,5.0,11.75,2.45,16,Maruti,2794.0,1
3373,Honda City i-VTEC VX,Mumbai,2017,7500,Petrol,Manual,First,17.4,1497.0,117.3,5.0,13.76,11.15,9,Honda,750.0,1
3374,Renault Duster 110PS Diesel RxZ AMT,Jaipur,2016,68163,Diesel,Automatic,First,19.6,1461.0,108.45,5.0,14.11,8.9,10,Renault,6197.0,1
3375,Honda Amaze S i-Dtech,Ahmedabad,2014,61000,Diesel,Manual,First,25.8,1498.0,98.6,5.0,11.75,4.35,12,Honda,4692.0,1
3376,Toyota Innova 2.5 Z Diesel 7 Seater,Jaipur,2015,100000,Diesel,Manual,Second,12.99,2494.0,100.6,7.0,12.0,12.0,11,Toyota,8333.0,0
3377,BMW 3 Series 320d Highline,Mumbai,2009,61500,Diesel,Automatic,Second,16.07,1995.0,181.0,5.0,11.75,8.5,17,BMW,3417.0,0
3378,Hyundai i10 Magna 1.1 iTech SE,Kochi,2017,42883,Petrol,Manual,First,19.81,1086.0,68.05,5.0,11.75,4.27,9,Hyundai,4288.0,1
3379,Renault Duster 85PS Diesel RxL Optional with Nav,Jaipur,2012,97000,Diesel,Manual,Second,20.45,1461.0,83.8,5.0,11.75,4.25,14,Renault,6467.0,0
3380,Mitsubishi Outlander 2.4,Bangalore,2010,39525,Petrol,Automatic,First,11.3,2360.0,170.0,5.0,11.75,9.25,16,Mitsubishi,2325.0,1
3381,Maruti Vitara Brezza LDi,Kochi,2017,35384,Diesel,Manual,First,24.3,1248.0,88.5,5.0,9.12,8.61,9,Maruti,3538.0,1
3382,Mercedes-Benz R-Class R350 CDI 4MATIC,Hyderabad,2010,46000,Diesel,Automatic,First,11.8,2987.0,261.0,7.0,28.0,28.0,16,Mercedes-Benz,2706.0,1
3383,Ford EcoSport 1.5 Diesel Titanium,Coimbatore,2018,32189,Diesel,Manual,First,23.0,1498.0,98.96,5.0,11.2,9.25,8,Ford,3577.0,1
3384,Hyundai Verna 1.6 CRDI AT SX Option,Chennai,2016,27000,Diesel,Automatic,First,19.08,1582.0,126.2,5.0,11.75,8.6,10,Hyundai,2455.0,1
3385,Volkswagen Polo 1.2 MPI Highline,Coimbatore,2018,22734,Petrol,Manual,First,16.47,1198.0,74.0,5.0,11.75,7.53,8,Volkswagen,2526.0,1
3386,Renault Duster 110PS Diesel RxL,Mumbai,2014,58002,Diesel,Manual,First,19.64,1461.0,108.45,5.0,11.75,5.75,12,Renault,4462.0,1
3387,Honda Brio S Option AT,Chennai,2012,31500,Petrol,Automatic,First,16.5,1198.0,86.8,5.0,11.75,4.15,14,Honda,2100.0,1
3388,Ford Figo 2015-2019 1.2P Titanium MT,Coimbatore,2017,30933,Petrol,Manual,First,18.16,1196.0,86.8,5.0,11.75,5.84,9,Ford,3093.0,1
3389,Audi A6 2.0 TDI Design Edition,Kolkata,2012,27090,Diesel,Automatic,First,18.53,1968.0,187.74,5.0,16.5,16.5,14,Audi,1806.0,1
3390,BMW X5 2014-2019 xDrive 30d Design Pure Experience 7 Seater,Mumbai,2015,29500,Diesel,Automatic,First,15.97,2993.0,258.0,7.0,43.0,43.0,11,BMW,2458.0,1
3391,Hyundai i10 Sportz Option,Pune,2013,45000,Petrol,Manual,First,20.36,1197.0,78.9,5.0,11.75,3.55,13,Hyundai,3214.0,1
3392,Hyundai i20 1.2 Asta Option,Hyderabad,2018,11691,Petrol,Manual,First,18.6,1197.0,81.83,5.0,11.75,8.9,8,Hyundai,1299.0,1
3393,Skoda Octavia L and K 1.9 TDI MT,Hyderabad,2006,121000,Diesel,Manual,Second,16.4,1896.0,90.0,5.0,11.75,2.5,20,Skoda,5762.0,0
3394,Hyundai Verna Transform SX VGT CRDi,Hyderabad,2010,118077,Diesel,Manual,First,16.2,1493.0,110.0,5.0,11.75,3.85,16,Hyundai,6946.0,1
3395,Hyundai Verna 1.6 SX VTVT (O) AT,Chennai,2012,36300,Petrol,Automatic,Third,17.1,1591.0,121.4,5.0,11.75,7.5,14,Hyundai,2420.0,0
3396,Hyundai Getz GVS,Mumbai,2005,90000,Petrol,Manual,Second,15.3,1341.0,61.0,5.0,11.75,1.8,21,Hyundai,4091.0,0
3397,Ford Figo Diesel EXI,Chennai,2010,78000,Diesel,Manual,First,20.0,1399.0,68.0,5.0,11.75,2.25,16,Ford,4588.0,1
3398,Audi A6 2011-2015 35 TDI Technology,Mumbai,2015,42000,Diesel,Automatic,First,17.68,1968.0,174.33,5.0,24.25,24.25,11,Audi,3500.0,1
3399,Volkswagen Polo 1.2 MPI Highline,Mumbai,2015,27000,Petrol,Manual,First,16.47,1198.0,74.0,5.0,11.75,4.35,11,Volkswagen,2250.0,1
3400,BMW X1 sDrive20d,Kolkata,2012,22000,Diesel,Automatic,First,17.05,1995.0,184.0,5.0,11.75,11.5,14,BMW,1467.0,1
3401,Honda City i VTEC SV,Kolkata,2014,49000,Petrol,Manual,First,17.4,1497.0,117.3,5.0,11.75,4.75,12,Honda,3769.0,1
3402,Hyundai i20 Sportz Option Diesel,Hyderabad,2012,42600,Diesel,Manual,First,23.0,1396.0,90.0,5.0,11.75,4.99,14,Hyundai,2840.0,1
3403,Honda Jazz 1.2 V CVT i VTEC,Coimbatore,2018,12794,Petrol,Automatic,First,19.0,1199.0,88.7,5.0,11.75,9.15,8,Honda,1422.0,1
3404,Maruti Swift 1.3 VXi,Jaipur,2006,125000,Petrol,Manual,Fourth & Above,16.1,1497.0,98.6,5.0,11.75,2.35,20,Maruti,5952.0,0
3405,Honda CR-V 2.4 AT,Hyderabad,2014,88046,Petrol,Automatic,First,10.1,2354.0,152.0,5.0,13.99,13.99,12,Honda,6773.0,1
3406,Mercedes-Benz A Class A180 CDI,Bangalore,2014,8000,Diesel,Automatic,Second,20.0,2143.0,107.3,5.0,19.75,19.75,12,Mercedes-Benz,615.0,0
3407,Mahindra XUV500 AT W10 AWD,Coimbatore,2018,82739,Diesel,Automatic,First,16.0,2179.0,140.0,7.0,16.77,16.77,8,Mahindra,9193.0,1
3408,Mahindra Bolero SLX 2WD,Bangalore,2006,193000,Diesel,Manual,Third,13.6,2523.0,63.0,7.0,11.75,2.5,20,Mahindra,9190.0,0
3409,Renault Scala RxL AT,Mumbai,2013,7000,Petrol,Automatic,First,17.97,1498.0,99.6,5.0,11.75,3.65,13,Renault,500.0,1
3410,Land Rover Freelander 2 HSE SD4,Ahmedabad,2012,60000,Diesel,Automatic,Second,12.35,2179.0,187.74,5.0,23.5,23.5,14,Land,4000.0,0
3411,Maruti Alto 800 VXI,Pune,2017,38000,Petrol,Manual,First,22.74,796.0,47.3,5.0,11.75,3.11,9,Maruti,3800.0,1
3412,Toyota Etios G,Kochi,2013,56344,Petrol,Manual,First,17.6,1496.0,88.73,5.0,11.75,4.57,13,Toyota,4025.0,1
3413,Hyundai i20 Sportz Option,Mumbai,2014,17858,Petrol,Manual,First,17.0,1197.0,80.0,5.0,11.75,5.32,12,Hyundai,1374.0,1
3414,Hyundai i10 Sportz,Hyderabad,2012,53000,Petrol,Manual,First,20.36,1197.0,78.9,5.0,11.75,3.2,14,Hyundai,3533.0,1
3415,Maruti Swift VDI BSIV,Kochi,2016,67906,Diesel,Manual,First,25.2,1248.0,74.0,5.0,11.75,5.63,10,Maruti,6173.0,1
3416,Hyundai EON Magna Plus,Hyderabad,2015,19000,Petrol,Manual,First,21.1,814.0,55.2,5.0,11.75,3.0,11,Hyundai,1583.0,1
3417,BMW 3 Series 320d,Mumbai,2010,67000,Diesel,Automatic,Second,22.69,1995.0,190.0,5.0,47.87,9.25,16,BMW,3941.0,0
3418,Tata Indigo XL Classic Dicor,Delhi,2011,80000,Diesel,Manual,First,23.57,1396.0,70.0,5.0,11.75,1.2,15,Tata,5000.0,1
3419,Maruti Alto 800 LXI,Delhi,2015,61000,Petrol,Manual,First,22.74,796.0,47.3,5.0,11.75,2.15,11,Maruti,5083.0,1
3420,Volkswagen Polo Diesel Highline 1.2L,Pune,2010,39000,Diesel,Manual,First,22.07,1199.0,73.9,5.0,11.75,3.05,16,Volkswagen,2294.0,1
3421,Toyota Corolla Altis VL AT,Ahmedabad,2014,59000,Petrol,Automatic,First,14.28,1798.0,138.03,5.0,11.75,11.5,12,Toyota,4538.0,1
3422,Hyundai Santro Xing GLS,Hyderabad,2008,80931,Petrol,Manual,First,17.92,1086.0,62.1,5.0,11.75,2.3,18,Hyundai,4260.0,1
3423,Maruti Swift ZXI,Kolkata,2016,34000,Petrol,Manual,First,20.4,1197.0,81.8,5.0,11.75,4.95,10,Maruti,3091.0,1
3424,Renault Scala Diesel RxL,Hyderabad,2013,130000,Diesel,Manual,First,21.64,1461.0,84.8,5.0,11.75,4.75,13,Renault,9286.0,1
3425,Maruti Vitara Brezza ZDi Plus,Coimbatore,2018,52380,Diesel,Manual,First,24.3,1248.0,88.5,5.0,12.47,10.15,8,Maruti,5820.0,1
3426,Nissan Micra XV,Kolkata,2011,44000,Petrol,Manual,First,18.06,1198.0,75.0,5.0,11.75,2.65,15,Nissan,2750.0,1
3427,Ford Figo Diesel EXI,Hyderabad,2015,84000,Diesel,Manual,First,20.0,1399.0,68.05,5.0,11.75,3.8,11,Ford,7000.0,1
3428,Honda CR-V 2.0 AT,Kochi,2017,41697,Petrol,Automatic,First,13.1,1997.0,141.1,5.0,16.68,16.68,9,Honda,4170.0,1
3429,Nissan Terrano XV 110 PS,Pune,2014,163000,Diesel,Manual,First,19.01,1461.0,108.5,5.0,11.75,5.0,12,Nissan,12538.0,1
3430,Toyota Etios Liva 1.2 G,Chennai,2011,42000,Petrol,Manual,Second,17.71,1197.0,78.9,5.0,6.51,3.75,15,Toyota,2625.0,0
3431,Hyundai i20 Asta 1.4 CRDi,Jaipur,2013,129000,Diesel,Manual,Third,21.27,1396.0,88.76,5.0,11.75,4.11,13,Hyundai,9214.0,0
3432,Ford Figo Aspire 1.2 Ti-VCT Ambiente,Chennai,2015,32200,Petrol,Manual,Second,18.16,1196.0,86.8,5.0,11.75,4.25,11,Ford,2683.0,0
3433,Mitsubishi Pajero 2.8 GLX CRZ,Mumbai,2004,129000,Diesel,Manual,First,10.5,2835.0,107.2,6.0,11.75,3.45,22,Mitsubishi,5609.0,1
3434,Audi A4 2.0 TDI 177 Bhp Premium Plus,Bangalore,2014,40000,Diesel,Automatic,First,17.11,1968.0,174.33,5.0,22.5,22.5,12,Audi,3077.0,1
3435,Toyota Innova 2.0 E,Delhi,2006,150000,Petrol,Manual,First,12.4,1998.0,132.0,8.0,11.75,4.5,20,Toyota,7143.0,1
3436,Chevrolet Aveo U-VA 1.2 LS,Jaipur,2007,140000,Petrol,Manual,First,15.26,1150.0,74.9,5.0,11.75,0.9,19,Chevrolet,7000.0,1
3437,Hyundai Getz GLS,Hyderabad,2006,63181,Petrol,Manual,First,15.3,1341.0,83.0,5.0,11.75,1.85,20,Hyundai,3009.0,1
3438,Honda Amaze S i-Dtech,Kolkata,2013,39575,Diesel,Manual,First,25.8,1498.0,98.6,5.0,11.75,3.25,13,Honda,2827.0,1
3440,Ford Ecosport 1.5 DV5 MT Titanium Optional,Coimbatore,2014,70374,Diesel,Manual,First,22.7,1498.0,89.84,5.0,11.75,7.34,12,Ford,5413.0,1
3441,Volkswagen CrossPolo 1.5 TDI,Kolkata,2015,26256,Diesel,Manual,First,20.14,1498.0,88.5,5.0,11.75,4.25,11,Volkswagen,2188.0,1
3442,Hyundai Elite i20 Petrol Sportz,Delhi,2016,13460,Petrol,Manual,First,18.6,1197.0,81.86,5.0,11.75,6.45,10,Hyundai,1224.0,1
3443,Toyota Innova 2.5 V Diesel 8-seater,Chennai,2011,122000,Diesel,Manual,Second,12.8,2494.0,102.0,8.0,11.75,10.75,15,Toyota,7625.0,0
3444,Mercedes-Benz M-Class ML 250 CDI,Kolkata,2015,58589,Diesel,Automatic,First,15.26,2143.0,203.2,5.0,27.75,27.75,11,Mercedes-Benz,4882.0,1
3445,Maruti Wagon R LX BSIII,Jaipur,2005,115000,Petrol,Manual,Second,17.3,1061.0,64.0,5.0,11.75,0.99,21,Maruti,5227.0,0
3446,Ford Endeavour 2.2 Trend AT 4X2,Pune,2016,75000,Diesel,Automatic,First,12.62,2198.0,158.0,7.0,24.0,24.0,10,Ford,6818.0,1
3447,Hyundai Elite i20 Petrol Sportz,Jaipur,2016,30292,Petrol,Manual,First,18.6,1197.0,81.86,5.0,11.75,6.1,10,Hyundai,2754.0,1
3448,Honda WRV i-VTEC VX,Ahmedabad,2017,32248,Petrol,Manual,First,17.5,1199.0,88.7,5.0,10.32,8.25,9,Honda,3225.0,1
3449,Volkswagen Polo Petrol Highline 1.2L,Bangalore,2013,74000,Petrol,Manual,First,16.47,1198.0,73.9,5.0,11.75,4.65,13,Volkswagen,5286.0,1
3450,Honda CR-V 2.0L 2WD MT,Mumbai,2014,56100,Petrol,Manual,First,13.7,1997.0,153.86,5.0,11.75,9.75,12,Honda,4315.0,1
3451,Hyundai Grand i10 1.2 Kappa Asta,Bangalore,2014,61325,Petrol,Manual,First,18.9,1197.0,81.86,5.0,8.1,4.4,12,Hyundai,4717.0,1
3452,Maruti Swift Dzire VXI,Kolkata,2014,33000,Petrol,Manual,First,19.1,1197.0,85.8,5.0,11.75,3.99,12,Maruti,2538.0,1
3453,BMW 5 Series 2003-2012 530d,Coimbatore,2016,18090,Diesel,Automatic,First,16.2,2993.0,258.0,5.0,45.73,45.73,10,BMW,1645.0,1
3454,Ford Ecosport 1.5 DV5 MT Ambiente,Kochi,2014,71390,Diesel,Manual,First,22.7,1498.0,89.84,5.0,11.75,5.27,12,Ford,5492.0,1
3456,Honda City i DTec V,Ahmedabad,2016,67000,Diesel,Manual,First,26.0,1498.0,98.6,5.0,11.75,7.25,10,Honda,6091.0,1
3457,Tata Indigo LS,Chennai,2008,99000,Diesel,Manual,Second,17.0,1405.0,70.0,5.0,11.75,1.6,18,Tata,5211.0,0
3458,Renault Duster 110PS Diesel RxL,Pune,2014,142000,Diesel,Manual,Second,19.01,1461.0,108.45,5.0,11.75,6.0,12,Renault,10923.0,0
3459,Hyundai i10 Sportz,Chennai,2010,26966,Petrol,Manual,First,20.36,1197.0,78.9,5.0,11.75,3.0,16,Hyundai,1586.0,1
3460,Honda Jazz 1.2 SV i VTEC,Mumbai,2015,27628,Petrol,Manual,First,18.7,1199.0,88.7,5.0,11.75,4.95,11,Honda,2302.0,1
3461,Maruti SX4 S Cross DDiS 200 Zeta,Hyderabad,2016,82497,Diesel,Manual,First,23.65,1248.0,88.5,5.0,11.75,8.99,10,Maruti,7500.0,1
3462,Honda Accord VTi-L MT,Mumbai,2007,86000,Petrol,Manual,Third,11.9,2354.0,144.0,5.0,11.75,1.85,19,Honda,4300.0,0
3463,Volkswagen Polo Petrol Comfortline 1.2L,Coimbatore,2016,26981,Petrol,Manual,First,16.47,1198.0,73.9,5.0,11.75,6.16,10,Volkswagen,2453.0,1
3464,Maruti Ritz VDi,Hyderabad,2010,110471,Diesel,Manual,First,21.1,1248.0,73.9,5.0,11.75,3.5,16,Maruti,6498.0,1
3465,Honda Amaze S Petrol,Jaipur,2014,69000,Petrol,Manual,First,19.5,1199.0,88.76,5.0,7.52,4.5,12,Honda,5308.0,1
3466,Hyundai i20 1.2 Asta Option,Hyderabad,2017,12000,Petrol,Manual,First,18.6,1197.0,81.83,5.0,11.75,7.75,9,Hyundai,1200.0,1
3467,Renault Duster 85PS Diesel RxL,Hyderabad,2014,77500,Diesel,Manual,First,20.45,1461.0,83.8,5.0,11.75,6.6,12,Renault,5962.0,1
3468,Hyundai Grand i10 Magna,Kochi,2014,48031,Petrol,Manual,First,18.9,1197.0,82.0,5.0,11.75,4.98,12,Hyundai,3695.0,1
3469,BMW 3 Series 320d Highline,Chennai,2008,170000,Diesel,Automatic,Third,16.07,1995.0,181.0,5.0,11.75,9.75,18,BMW,8947.0,0
3470,Ford Ecosport 1.5 DV5 MT Trend,Mumbai,2014,69565,Diesel,Manual,First,22.7,1498.0,89.84,5.0,11.75,5.55,12,Ford,5351.0,1
3471,Volkswagen Vento 1.5 TDI Highline AT,Hyderabad,2016,45492,Diesel,Automatic,First,21.5,1498.0,108.5,5.0,15.68,10.3,10,Volkswagen,4136.0,1
3472,Honda Accord 2.4 AT,Chennai,2011,85000,Petrol,Automatic,Second,11.7,2354.0,177.6,5.0,11.75,7.5,15,Honda,5312.0,0
3473,Chevrolet Aveo 1.4,Hyderabad,2008,55902,Petrol,Manual,First,14.49,1399.0,92.7,5.0,11.75,1.8,18,Chevrolet,2942.0,1
3474,Volkswagen Polo 1.2 MPI Highline Plus,Hyderabad,2017,18500,Petrol,Manual,First,16.2,1199.0,74.0,5.0,11.75,6.25,9,Volkswagen,1850.0,1
3475,Mahindra Xylo D4 BS III,Hyderabad,2015,129750,Diesel,Manual,Second,14.95,2489.0,93.7,7.0,11.75,6.8,11,Mahindra,10812.0,0
3476,Hyundai i10 Magna AT,Hyderabad,2009,50902,Petrol,Automatic,First,19.2,1197.0,80.0,5.0,11.75,3.0,17,Hyundai,2828.0,1
3477,Mahindra XUV500 W8 4WD,Coimbatore,2015,84725,Diesel,Manual,First,15.1,2179.0,140.0,7.0,11.75,11.6,11,Mahindra,7060.0,1
3478,Hyundai Elantra CRDi SX,Mumbai,2013,40000,Diesel,Manual,Second,22.7,1582.0,126.24,5.0,11.75,6.95,13,Hyundai,2857.0,0
3479,Volkswagen Passat 1.8 TSI MT,Mumbai,2010,60000,Petrol,Manual,Third,14.3,1798.0,160.0,5.0,11.75,3.5,16,Volkswagen,3529.0,0
3480,Hyundai Grand i10 1.2 Kappa Sportz,Coimbatore,2014,33496,Petrol,Manual,First,18.9,1197.0,81.86,5.0,7.45,5.5,12,Hyundai,2577.0,1
3481,Hyundai i20 Asta Option 1.2,Mumbai,2015,25000,Petrol,Manual,First,18.6,1197.0,81.83,5.0,11.75,5.65,11,Hyundai,2083.0,1
3482,Chevrolet Enjoy TCDi LS 8 Seater,Ahmedabad,2013,71000,Diesel,Manual,First,18.2,1248.0,73.8,8.0,11.75,3.25,13,Chevrolet,5071.0,1
3483,Skoda Rapid 1.6 MPI AT Ambition Plus Alloy,Coimbatore,2015,20826,Petrol,Automatic,First,14.3,1598.0,103.6,5.0,11.75,7.72,11,Skoda,1736.0,1
3484,Hyundai Creta 1.6 CRDi SX,Pune,2016,42244,Diesel,Manual,First,19.67,1582.0,126.2,5.0,12.0,12.0,10,Hyundai,3840.0,1
3485,Chevrolet Beat Diesel PS,Jaipur,2013,98598,Diesel,Manual,First,25.44,936.0,57.6,5.0,11.75,1.55,13,Chevrolet,7043.0,1
3486,Toyota Fortuner 3.0 Diesel,Delhi,2011,62100,Diesel,Manual,First,11.5,2982.0,171.0,7.0,11.75,10.75,15,Toyota,3881.0,1
3487,Hyundai i20 Sportz Option 1.2,Coimbatore,2016,44238,Petrol,Manual,First,18.6,1197.0,81.83,5.0,11.75,6.72,10,Hyundai,4022.0,1
3488,Audi Q7 3.0 TDI quattro,Coimbatore,2012,91743,Diesel,Automatic,First,12.07,2967.0,241.4,7.0,28.55,28.55,14,Audi,6116.0,1
3489,Porsche Panamera Diesel,Bangalore,2013,19828,Diesel,Automatic,Second,17.85,2967.0,300.0,4.0,75.0,75.0,13,Porsche,1416.0,0
3490,Honda City i VTEC VX,Hyderabad,2016,36891,Petrol,Manual,First,17.8,1497.0,117.3,5.0,11.75,10.49,10,Honda,3354.0,1
3491,Mahindra Quanto C4,Hyderabad,2012,90049,Diesel,Manual,First,17.21,1493.0,100.0,7.0,11.75,3.8,14,Mahindra,6003.0,1
3492,Audi A4 2.0 TDI Multitronic,Ahmedabad,2012,74002,Diesel,Automatic,First,16.55,1968.0,140.0,5.0,18.5,18.5,14,Audi,4933.0,1
3493,Hyundai Sonata Transform 2.4 GDi AT,Kolkata,2013,41000,Petrol,Automatic,First,12.37,2359.0,198.25,5.0,11.75,6.0,13,Hyundai,2929.0,1
3494,Hyundai Verna 1.6 SX,Hyderabad,2012,83678,Diesel,Manual,First,22.32,1582.0,126.32,5.0,11.75,5.5,14,Hyundai,5579.0,1
3495,Maruti Wagon R LXI BS IV,Pune,2010,91000,Petrol,Manual,First,18.9,998.0,67.1,5.0,11.75,2.3,16,Maruti,5353.0,1
3496,Maruti Ertiga SHVS ZDI Plus,Jaipur,2016,50000,Diesel,Manual,First,24.52,1248.0,88.5,7.0,11.75,8.7,10,Maruti,4545.0,1
3497,Hyundai Xcent 1.1 CRDi S Option,Delhi,2015,58000,Diesel,Manual,First,24.4,1120.0,71.01,5.0,11.75,4.95,11,Hyundai,4833.0,1
3498,Maruti Swift VDI,Jaipur,2012,80000,Diesel,Manual,First,22.9,1248.0,74.0,5.0,7.92,4.25,14,Maruti,5333.0,1
3499,Mahindra XUV500 W6 2WD,Kochi,2017,41290,Diesel,Manual,Second,16.0,2179.0,140.0,7.0,11.75,10.94,9,Mahindra,4129.0,0
3500,BMW 5 Series 520d Luxury Line,Delhi,2013,65000,Diesel,Automatic,First,22.48,1995.0,190.0,5.0,67.87,21.26,13,BMW,4643.0,1
3501,Toyota Corolla Altis 1.8 G,Bangalore,2016,16471,Petrol,Manual,Second,14.28,1798.0,138.03,5.0,20.48,11.5,10,Toyota,1497.0,0
3502,Hyundai i20 Asta 1.4 CRDi,Pune,2015,54339,Diesel,Manual,Second,22.54,1396.0,88.73,5.0,11.75,6.0,11,Hyundai,4528.0,0
3503,Mahindra KUV 100 mFALCON G80 K2,Hyderabad,2016,24025,Petrol,Manual,First,18.15,1198.0,82.0,6.0,11.75,4.1,10,Mahindra,2184.0,1
3504,Maruti Alto 800 2016-2019 LXI,Kolkata,2013,24027,Petrol,Manual,First,24.7,796.0,47.3,5.0,11.75,2.01,13,Maruti,1716.0,1
3505,Fiat Punto EVO 1.2 Emotion,Hyderabad,2010,59270,Petrol,Manual,First,15.7,1172.0,67.0,5.0,11.75,2.6,16,Fiat,3486.0,1
3506,Maruti Wagon R VXI BS IV,Kolkata,2012,40000,Petrol,Manual,First,18.9,998.0,67.1,5.0,11.75,2.35,14,Maruti,2667.0,1
3507,Mitsubishi Pajero 4X4 LHD,Bangalore,2012,155566,Diesel,Manual,Second,9.5,2835.0,118.6,6.0,11.75,9.15,14,Mitsubishi,10371.0,0
3508,Honda Brio EX MT,Chennai,2013,42320,Petrol,Manual,First,19.4,1198.0,86.8,5.0,11.75,2.9,13,Honda,3023.0,1
3509,Hyundai i20 Asta Option 1.4 CRDi,Coimbatore,2017,24153,Diesel,Manual,Second,22.54,1396.0,88.73,5.0,11.75,9.18,9,Hyundai,2415.0,0
3510,Hyundai Creta 1.6 SX Plus Petrol Automatic,Mumbai,2016,27000,Petrol,Automatic,First,13.0,1591.0,121.3,5.0,11.75,11.45,10,Hyundai,2455.0,1
3512,Honda Amaze S i-VTEC,Kochi,2017,61795,Petrol,Manual,First,17.8,1198.0,86.7,5.0,11.75,5.53,9,Honda,6180.0,1
3513,Mahindra KUV 100 mFALCON G80 K6 Plus,Chennai,2016,13500,Petrol,Manual,First,18.15,1198.0,82.0,6.0,11.75,3.75,10,Mahindra,1227.0,1
3514,Honda City i-VTEC CVT VX,Pune,2018,4500,Petrol,Automatic,First,18.0,1497.0,117.3,5.0,15.17,12.5,8,Honda,500.0,1
3515,Mahindra XUV500 AT W10 FWD,Mumbai,2017,23000,Diesel,Automatic,First,16.0,2179.0,140.0,7.0,15.5,15.5,9,Mahindra,2300.0,1
3517,Mercedes-Benz New C-Class 220 CDI AT,Mumbai,2013,80578,Diesel,Automatic,Second,14.84,2143.0,170.0,5.0,14.5,14.5,13,Mercedes-Benz,5756.0,0
3518,Renault Duster 110PS Diesel RxZ AMT,Coimbatore,2017,42646,Diesel,Automatic,First,19.6,1461.0,108.45,5.0,15.05,12.46,9,Renault,4265.0,1
3519,Volkswagen Polo 1.2 MPI Comfortline,Bangalore,2014,30000,Petrol,Manual,Second,16.47,1198.0,74.0,5.0,11.75,5.25,12,Volkswagen,2308.0,0
3520,BMW 5 Series 520d Sedan,Delhi,2012,90000,Diesel,Automatic,First,18.48,1497.0,98.6,5.0,14.5,14.5,14,BMW,6000.0,1
3521,Mercedes-Benz S Class 2005 2013 S 350 CDI,Bangalore,2009,98000,Diesel,Automatic,Second,13.5,2987.0,282.0,5.0,25.0,25.0,17,Mercedes-Benz,5444.0,0
3522,Hyundai Santro GLS II - Euro II,Kochi,2012,66400,Petrol,Manual,First,0.0,1497.0,98.6,5.0,11.75,2.66,14,Hyundai,4427.0,1
3523,Jaguar XJ 3.0L Premium Luxury,Hyderabad,2012,50000,Diesel,Automatic,First,12.9,2993.0,271.23,4.0,45.0,45.0,14,Jaguar,3333.0,1
3524,Maruti Swift VDI,Jaipur,2015,63310,Diesel,Manual,First,28.4,1248.0,74.0,5.0,8.13,5.1,11,Maruti,5276.0,1
3525,Honda Amaze S i-Dtech,Delhi,2014,66000,Diesel,Manual,First,25.8,1498.0,98.6,5.0,11.75,3.5,12,Honda,5077.0,1
3526,BMW 3 Series 320d Highline,Ahmedabad,2011,74000,Diesel,Automatic,Second,16.07,1995.0,181.0,5.0,12.5,12.5,15,BMW,4625.0,0
3527,Hyundai Verna 1.4 EX,Hyderabad,2012,93000,Diesel,Manual,First,23.5,1396.0,88.7,5.0,11.75,5.55,14,Hyundai,6200.0,1
3528,Toyota Fortuner 4x2 4 Speed AT,Delhi,2015,70000,Diesel,Automatic,First,11.5,2982.0,169.0,7.0,19.48,19.48,11,Toyota,5833.0,1
3529,Maruti Swift VXI,Ahmedabad,2012,48772,Petrol,Manual,First,18.6,1197.0,85.8,5.0,6.995,3.91,14,Maruti,3251.0,1
3530,Chevrolet Beat LS,Chennai,2010,66000,Petrol,Manual,First,18.6,1199.0,79.4,5.0,11.75,2.19,16,Chevrolet,3882.0,1
3531,Hyundai Grand i10 Asta Option AT,Coimbatore,2017,27417,Petrol,Automatic,First,18.9,1197.0,82.0,5.0,11.75,6.89,9,Hyundai,2742.0,1
3532,Ford Figo Petrol ZXI,Coimbatore,2011,51593,Petrol,Manual,Second,15.6,1196.0,70.0,5.0,11.75,3.47,15,Ford,3225.0,0
3534,Maruti Swift VXI BSIII,Pune,2010,75000,Petrol,Manual,First,16.1,1298.0,88.2,5.0,11.75,2.85,16,Maruti,4412.0,1
3535,Audi A4 35 TDI Premium,Coimbatore,2016,39237,Diesel,Automatic,First,17.11,1968.0,174.33,5.0,25.64,25.64,10,Audi,3567.0,1
3536,Honda City V MT,Kochi,2018,11966,Petrol,Manual,First,16.8,1497.0,116.3,5.0,11.75,10.28,8,Honda,1330.0,1
3537,Honda Jazz V,Hyderabad,2015,37000,Petrol,Manual,First,18.2,1199.0,88.7,5.0,8.79,6.3,11,Honda,3083.0,1
3538,Volkswagen Polo 1.5 TDI Highline,Chennai,2014,70920,Diesel,Manual,First,20.14,1498.0,88.8,5.0,10.15,4.75,12,Volkswagen,5455.0,1
3539,Nissan Terrano XL D Option,Hyderabad,2013,65280,Diesel,Manual,First,19.87,1461.0,83.14,5.0,14.72,5.8,13,Nissan,4663.0,1
3540,Land Rover Discovery Sport SD4 HSE Luxury 7S,Hyderabad,2016,62000,Diesel,Automatic,First,12.51,2179.0,187.7,7.0,44.5,44.5,10,Land,5636.0,1
3541,Hyundai i20 Magna Optional 1.2,Kochi,2014,44525,Petrol,Manual,First,18.5,1197.0,82.9,5.0,11.75,4.65,12,Hyundai,3425.0,1
3542,Honda City 1.5 E MT,Jaipur,2009,86863,Petrol,Manual,First,17.0,1497.0,118.0,5.0,11.75,3.6,17,Honda,4826.0,1
3543,Mahindra XUV500 W10 AWD,Hyderabad,2015,102626,Diesel,Manual,First,16.0,2179.0,140.0,7.0,12.25,12.25,11,Mahindra,8552.0,1
3544,Jeep Compass 2.0 Limited Option 4X4,Jaipur,2017,45000,Diesel,Manual,First,16.3,1956.0,170.0,5.0,25.54,20.0,9,Jeep,4500.0,1
3545,Mahindra XUV500 W10 AWD,Jaipur,2017,22000,Diesel,Manual,First,16.0,2179.0,140.0,7.0,16.0,16.0,9,Mahindra,2200.0,1
3546,Mahindra Scorpio VLX 4WD AIRBAG AT BSIV,Coimbatore,2011,108905,Diesel,Automatic,Second,11.79,2179.0,120.0,8.0,11.75,6.21,15,Mahindra,6807.0,0
3547,Datsun GO Plus T,Kolkata,2016,12800,Petrol,Manual,First,19.44,1198.0,67.0,7.0,11.75,3.25,10,Datsun,1164.0,1
3548,Mahindra Scorpio S6 Plus 7 Seater,Kolkata,2016,32000,Diesel,Manual,First,15.4,2179.0,120.0,7.0,11.75,9.75,10,Mahindra,2909.0,1
3549,Honda Amaze S AT i-Vtech,Mumbai,2014,39000,Petrol,Automatic,First,15.5,1198.0,86.7,5.0,11.75,4.45,12,Honda,3000.0,1
3550,Honda City i-DTEC ZX,Pune,2017,42000,Diesel,Manual,First,25.6,1498.0,98.6,5.0,16.84,12.0,9,Honda,4200.0,1
3551,Tata Indigo GLE,Chennai,2008,73000,Petrol,Manual,First,14.4,1396.0,65.0,5.0,11.75,0.8,18,Tata,3842.0,1
3552,Hyundai Grand i10 1.2 CRDi Sportz,Chennai,2018,48000,Diesel,Manual,First,24.0,1186.0,73.97,5.0,8.28,5.95,8,Hyundai,5333.0,1
3554,Hyundai Verna 1.4 CX VTVT,Kolkata,2014,19000,Petrol,Manual,First,17.43,1396.0,105.5,5.0,11.75,5.25,12,Hyundai,1462.0,1
3555,Toyota Innova Crysta 2.4 VX MT,Coimbatore,2019,33598,Diesel,Manual,First,13.68,2393.0,147.8,7.0,23.94,22.2,7,Toyota,4200.0,1
3556,BMW X1 sDrive20d,Jaipur,2012,63000,Diesel,Automatic,First,17.05,1995.0,184.0,5.0,13.5,13.5,14,BMW,4200.0,1
3557,Volkswagen Jetta 2013-2015 2.0L TDI Highline AT,Chennai,2015,48000,Diesel,Automatic,First,16.96,1968.0,138.03,5.0,13.5,13.5,11,Volkswagen,4000.0,1
3558,Ford Figo Diesel ZXI,Delhi,2014,66000,Diesel,Manual,First,20.0,1399.0,68.05,5.0,11.75,3.47,12,Ford,5077.0,1
3559,Mahindra Ssangyong Rexton RX7,Ahmedabad,2013,80000,Diesel,Automatic,Second,11.18,2696.0,184.0,7.0,11.75,9.5,13,Mahindra,5714.0,0
3560,Volkswagen Vento Petrol Highline,Chennai,2011,37000,Petrol,Manual,First,15.04,1598.0,103.6,5.0,11.75,4.8,15,Volkswagen,2312.0,1
3561,Skoda Rapid 1.6 MPI Ambition With Alloy Wheel,Kochi,2016,35058,Petrol,Manual,First,15.0,1598.0,103.52,5.0,11.75,6.54,10,Skoda,3187.0,1
3562,Volkswagen Polo Petrol Comfortline 1.2L,Delhi,2012,52000,Petrol,Manual,First,16.47,1198.0,73.9,5.0,11.75,3.1,14,Volkswagen,3467.0,1
3563,Maruti S Cross DDiS 200 Delta,Hyderabad,2015,61313,Diesel,Manual,First,23.65,1248.0,88.5,5.0,11.75,7.99,11,Maruti,5109.0,1
3564,Toyota Corolla Altis G,Kolkata,2009,45000,Petrol,Manual,Second,14.53,1798.0,138.1,5.0,11.75,3.3,17,Toyota,2500.0,0
3565,Maruti Ertiga ZDI,Bangalore,2015,74000,Diesel,Manual,First,20.77,1248.0,88.8,7.0,12.34,8.75,11,Maruti,6167.0,1
3566,Hyundai i10 Asta Sunroof AT,Hyderabad,2013,89000,Petrol,Automatic,First,19.2,1197.0,80.0,5.0,11.75,4.19,13,Hyundai,6357.0,1
3567,Mercedes-Benz CLA 200 CDI Sport,Kochi,2019,13414,Diesel,Automatic,First,17.9,2143.0,136.0,5.0,43.07,30.77,7,Mercedes-Benz,1677.0,1
3568,Honda City ZX VTEC,Jaipur,2006,95000,Petrol,Manual,Second,16.9,1497.0,100.0,5.0,11.75,2.11,20,Honda,4524.0,0
3569,Mahindra KUV 100 G80 K8,Jaipur,2018,15900,Petrol,Manual,First,18.15,1198.0,82.0,6.0,7.88,6.25,8,Mahindra,1767.0,1
3570,Toyota Fortuner 3.0 Diesel,Delhi,2011,151000,Diesel,Manual,First,11.5,2982.0,171.0,7.0,11.75,11.4,15,Toyota,9438.0,1
3571,Honda City 1.5 V MT,Bangalore,2011,65000,Petrol,Manual,First,17.0,1497.0,118.0,5.0,11.75,5.2,15,Honda,4062.0,1
3572,Audi A6 35 TDI Matrix,Coimbatore,2017,36824,Diesel,Automatic,First,18.53,1968.0,187.74,5.0,69.37,39.84,9,Audi,3682.0,1
3573,Ford Figo Diesel ZXI,Coimbatore,2013,65287,Diesel,Manual,First,20.0,1399.0,68.05,5.0,11.75,4.45,13,Ford,4663.0,1
3574,Mercedes-Benz GLA Class 200 CDI,Kolkata,2014,52000,Diesel,Automatic,First,17.9,2143.0,136.0,5.0,19.5,19.5,12,Mercedes-Benz,4000.0,1
3575,Chevrolet Aveo U-VA 1.2 LS,Hyderabad,2007,33000,Petrol,Manual,First,15.26,1150.0,74.9,5.0,11.75,1.75,19,Chevrolet,1650.0,1
3576,Ford Figo 2015-2019 1.5D Titanium MT,Hyderabad,2016,71000,Diesel,Manual,First,25.83,1498.0,99.0,5.0,11.75,5.1,10,Ford,6455.0,1
3577,Hyundai Elantra CRDi SX AT,Delhi,2013,71000,Diesel,Automatic,First,22.7,1582.0,126.2,5.0,11.75,6.8,13,Hyundai,5071.0,1
3578,Maruti Baleno Zeta CVT,Kolkata,2016,20000,Petrol,Automatic,First,21.4,1197.0,83.1,5.0,9.04,5.74,10,Maruti,1818.0,1
3579,Maruti Swift LXi BSIV,Hyderabad,2010,71000,Petrol,Manual,First,16.1,1197.0,85.0,5.0,11.75,3.3,16,Maruti,4176.0,1
3580,Mercedes-Benz CLS-Class 2006-2010 350 CDI,Hyderabad,2010,29000,Diesel,Automatic,First,9.9,3498.0,271.72,4.0,32.0,32.0,16,Mercedes-Benz,1706.0,1
3581,BMW 3 Series Luxury Line,Ahmedabad,2016,27000,Diesel,Automatic,First,21.76,1995.0,190.0,5.0,55.07,35.0,10,BMW,2455.0,1
3582,Maruti Dzire AMT ZDI Plus,Chennai,2017,19000,Diesel,Automatic,First,28.4,1248.0,73.75,5.0,10.97,8.9,9,Maruti,1900.0,1
3583,Hyundai Verna 1.6 SX VTVT,Mumbai,2011,58000,Petrol,Manual,Second,17.01,1591.0,121.3,5.0,11.75,4.0,15,Hyundai,3625.0,0
3584,Jeep Compass 2.0 Longitude,Kochi,2018,42203,Diesel,Manual,First,17.1,1956.0,170.0,5.0,21.72,19.46,8,Jeep,4689.0,1
3585,Hyundai Sonata Embera 2.0L CRDi AT,Hyderabad,2009,94000,Diesel,Automatic,First,11.4,1991.0,142.0,5.0,11.75,5.25,17,Hyundai,5222.0,1
3587,Tata Nexon 1.5 Revotorq XZ Plus Dual Tone,Kolkata,2018,4900,Diesel,Manual,First,21.5,1497.0,108.5,5.0,11.47,9.22,8,Tata,544.0,1
3588,Hyundai EON Era Plus,Jaipur,2013,70000,Petrol,Manual,First,21.1,814.0,55.2,5.0,11.75,1.8,13,Hyundai,5000.0,1
3590,BMW 5 Series 2013-2017 530d M Sport,Kochi,2015,65266,Diesel,Automatic,First,14.69,2993.0,258.0,5.0,31.75,31.75,11,BMW,5439.0,1
3591,Maruti Ertiga VDI,Delhi,2014,54569,Diesel,Manual,First,20.77,1248.0,88.76,7.0,11.215,5.99,12,Maruti,4198.0,1
3592,Honda Amaze E i-Vtech,Kochi,2015,51361,Petrol,Manual,First,18.0,1198.0,86.7,5.0,11.75,4.94,11,Honda,4280.0,1
3593,Ford Fiesta 1.4 Duratec ZXI,Jaipur,2007,125000,Petrol,Manual,Third,16.6,1388.0,68.0,5.0,11.75,1.5,19,Ford,6250.0,0
3594,Honda Civic 2006-2010 1.8 V MT,Bangalore,2008,66000,Petrol,Manual,Third,13.5,1799.0,130.0,5.0,11.75,3.25,18,Honda,3474.0,0
3596,Maruti Ertiga ZDI,Delhi,2014,22281,Diesel,Manual,First,20.77,1248.0,88.8,7.0,12.34,6.5,12,Maruti,1714.0,1
3597,Hyundai Grand i10 CRDi Sportz,Delhi,2013,63210,Diesel,Manual,First,24.0,1120.0,70.0,5.0,11.75,3.71,13,Hyundai,4515.0,1
3598,Hyundai Xcent 1.2 VTVT E Plus,Pune,2018,31000,Petrol,Manual,First,20.14,1197.0,81.86,5.0,11.75,5.0,8,Hyundai,3444.0,1
3599,Hyundai i10 Era,Ahmedabad,2008,60000,Petrol,Manual,First,19.81,1086.0,68.05,5.0,11.75,1.99,18,Hyundai,3158.0,1
3600,Honda Amaze S i-Vtech,Mumbai,2017,32006,Petrol,Manual,First,18.0,1198.0,86.7,5.0,11.75,4.25,9,Honda,3201.0,1
3601,Audi A6 2.7 TDI,Ahmedabad,2009,78000,Diesel,Automatic,First,12.4,2698.0,179.5,5.0,11.75,8.0,17,Audi,4333.0,1
3602,Hyundai i10 Magna 1.2 iTech SE,Mumbai,2011,9489,Petrol,Manual,First,20.36,1197.0,78.9,5.0,11.75,2.95,15,Hyundai,593.0,1
3603,Renault KWID RXT Optional,Pune,2018,5000,Petrol,Manual,First,25.17,799.0,53.3,5.0,4.9,3.5,8,Renault,556.0,1
3604,Audi A4 New 2.0 TDI Multitronic,Jaipur,2012,60000,Diesel,Automatic,Second,15.2,1968.0,140.8,5.0,16.0,16.0,14,Audi,4000.0,0
3605,Maruti Alto 800 LXI Airbag,Jaipur,2015,50000,Petrol,Manual,First,22.74,796.0,47.3,5.0,11.75,2.75,11,Maruti,4167.0,1
3606,Honda City i VTEC VX Option,Delhi,2015,53000,Petrol,Manual,First,17.8,1497.0,117.3,5.0,11.75,6.95,11,Honda,4417.0,1
3607,Mercedes-Benz New C-Class C250 Avantgarde,Delhi,2011,64000,Petrol,Automatic,Second,11.74,1796.0,186.0,5.0,12.5,12.5,15,Mercedes-Benz,4000.0,0
3608,Audi Q5 3.0 TDI Quattro Technology,Coimbatore,2017,43827,Diesel,Automatic,First,13.22,2967.0,241.4,5.0,36.83,36.83,9,Audi,4383.0,1
3609,Volkswagen Polo 1.2 MPI Comfortline,Pune,2011,36431,Petrol,Manual,First,16.2,1199.0,74.0,5.0,11.75,2.7,15,Volkswagen,2277.0,1
3610,Hyundai Creta 1.4 E Plus Diesel,Mumbai,2017,35000,Diesel,Manual,First,21.38,1396.0,88.7,5.0,11.81,9.9,9,Hyundai,3500.0,1
3611,Honda City 1.5 V MT,Kochi,2011,94832,Petrol,Manual,First,17.0,1497.0,118.0,5.0,11.75,3.83,15,Honda,5927.0,1
3612,Honda City 1.5 S MT,Coimbatore,2012,88381,Petrol,Manual,First,17.0,1497.0,118.0,5.0,11.75,5.25,14,Honda,5892.0,1
3613,Maruti S Cross DDiS 320 Alpha,Kolkata,2016,45194,Diesel,Manual,First,22.7,1598.0,118.0,5.0,11.75,7.75,10,Maruti,4109.0,1
3614,Maruti SX4 Vxi BSIV,Mumbai,2010,66000,Petrol,Manual,Second,16.51,1586.0,103.2,5.0,11.75,2.46,16,Maruti,3882.0,0
3615,Maruti Swift Dzire VDI,Kolkata,2014,38578,Diesel,Manual,First,23.4,1248.0,74.0,5.0,11.75,3.96,12,Maruti,2968.0,1
3616,Maruti Ertiga ZDI,Chennai,2015,40000,Diesel,Manual,First,20.77,1248.0,88.8,7.0,12.34,8.25,11,Maruti,3333.0,1
3617,Hyundai i20 1.2 Spotz,Coimbatore,2018,20632,Petrol,Manual,First,18.6,1197.0,81.83,5.0,11.75,7.58,8,Hyundai,2292.0,1
3618,Hyundai Grand i10 CRDi Magna,Hyderabad,2014,73042,Diesel,Manual,First,24.0,1120.0,70.0,5.0,11.75,3.99,12,Hyundai,5619.0,1
3619,Honda City i VTEC SV,Delhi,2014,54257,Petrol,Manual,First,17.4,1497.0,117.3,5.0,11.75,6.25,12,Honda,4174.0,1
3620,Skoda Rapid 1.6 TDI Elegance,Hyderabad,2013,93000,Diesel,Manual,First,20.5,1598.0,103.5,5.0,11.75,5.0,13,Skoda,6643.0,1
3621,Mercedes-Benz E-Class E270 CDI,Hyderabad,2005,102000,Diesel,Automatic,Second,11.0,2987.0,198.5,5.0,11.75,4.65,21,Mercedes-Benz,4636.0,0
3622,Hyundai Santa Fe 4WD AT,Coimbatore,2016,28881,Diesel,Automatic,First,13.01,2199.0,194.3,7.0,21.37,21.37,10,Hyundai,2626.0,1
3623,Maruti Alto LXi,Hyderabad,2007,52195,Petrol,Manual,First,19.7,796.0,46.3,5.0,11.75,1.75,19,Maruti,2610.0,1
3624,ISUZU D-MAX V-Cross 4X4,Coimbatore,2018,20422,Diesel,Manual,First,12.4,2499.0,134.0,5.0,16.09,16.09,8,ISUZU,2269.0,1
3625,Hyundai Verna 1.4 CRDi GL,Kolkata,2012,38000,Diesel,Manual,First,24.8,1396.0,88.7,5.0,11.75,4.1,14,Hyundai,2533.0,1
3626,Ford Figo Diesel ZXI,Coimbatore,2015,92885,Diesel,Manual,First,20.0,1399.0,68.0,5.0,11.75,3.56,11,Ford,7740.0,1
3627,Honda City 1.5 S MT,Pune,2010,43000,Petrol,Manual,Second,17.0,1497.0,118.0,5.0,11.75,4.21,16,Honda,2529.0,0
3629,Hyundai Verna 1.6 CRDi S,Delhi,2015,57000,Diesel,Manual,First,23.9,1582.0,126.2,5.0,11.75,6.6,11,Hyundai,4750.0,1
3630,Hyundai Creta 1.6 SX Plus Petrol Automatic,Coimbatore,2018,32434,Petrol,Automatic,First,13.0,1591.0,121.3,5.0,14.35,14.35,8,Hyundai,3604.0,1
3631,Ford Ecosport 1.5 DV5 MT Titanium,Hyderabad,2017,32000,Diesel,Manual,First,22.7,1498.0,89.84,5.0,11.75,9.5,9,Ford,3200.0,1
3632,BMW X6 xDrive30d,Delhi,2011,59000,Diesel,Automatic,First,11.2,2993.0,241.0,4.0,21.9,21.9,15,BMW,3688.0,1
3633,BMW 5 Series 2013-2017 520d Luxury Line,Coimbatore,2016,76467,Diesel,Automatic,First,18.12,1995.0,190.0,5.0,30.45,30.45,10,BMW,6952.0,1
3634,Ford Figo Aspire 1.5 TDCi Ambiente,Hyderabad,2016,100000,Diesel,Manual,First,25.83,1498.0,99.0,5.0,11.75,5.1,10,Ford,9091.0,1
3635,Hyundai Verna VTVT 1.6 AT EX,Pune,2013,37086,Petrol,Automatic,First,17.0,1591.0,121.3,5.0,11.75,5.44,13,Hyundai,2649.0,1
3636,Ford Ikon 1.4 TDCi DuraTorq,Jaipur,2010,135000,Diesel,Manual,First,13.8,1399.0,68.0,5.0,11.75,1.6,16,Ford,7941.0,1
3637,Audi A6 2011-2015 2.0 TDI,Kochi,2014,54862,Diesel,Automatic,First,17.68,1968.0,174.33,5.0,16.67,16.67,12,Audi,4220.0,1
3639,Hyundai i20 2015-2017 Sportz AT 1.4,Pune,2012,56200,Petrol,Automatic,First,15.0,1396.0,98.6,5.0,11.75,3.85,14,Hyundai,3747.0,1
3640,Toyota Fortuner 2.8 4WD MT,Kochi,2011,169006,Diesel,Manual,First,14.24,2755.0,174.5,7.0,36.69,10.64,15,Toyota,10563.0,1
3641,Renault KWID RXT,Bangalore,2016,20229,Petrol,Manual,First,25.17,799.0,53.3,5.0,11.75,3.5,10,Renault,1839.0,1
3642,Chevrolet Spark 1.0 LT,Chennai,2008,62000,Petrol,Manual,Third,18.0,995.0,62.0,5.0,11.75,1.1,18,Chevrolet,3263.0,0
3643,Hyundai Verna Transform VTVT,Hyderabad,2011,51500,Petrol,Manual,Second,16.2,1599.0,103.2,5.0,11.75,2.6,15,Hyundai,3219.0,0
3644,BMW 3 Series 320d Sport Line,Hyderabad,2012,69000,Diesel,Automatic,First,18.88,1995.0,184.0,5.0,18.5,18.5,14,BMW,4600.0,1
3646,Maruti Swift Dzire VDI,Hyderabad,2015,62476,Diesel,Manual,First,26.59,1248.0,74.0,5.0,11.75,7.95,11,Maruti,5206.0,1
3647,Hyundai Xcent 1.2 CRDi E Plus,Jaipur,2017,60500,Diesel,Manual,First,25.4,1186.0,73.97,5.0,11.75,5.49,9,Hyundai,6050.0,1
3648,Honda Jazz V CVT,Mumbai,2017,17978,Petrol,Automatic,First,19.0,1199.0,88.7,5.0,10.1,6.95,9,Honda,1798.0,1
3649,Tata Indigo LS,Jaipur,2008,300000,Diesel,Manual,First,17.0,1405.0,70.0,5.0,11.75,1.0,18,Tata,15789.0,1
3650,Ford Fiesta Classic 1.4 Duratorq CLXI,Chennai,2013,123000,Diesel,Manual,Second,17.8,1399.0,67.0,5.0,11.75,4.45,13,Ford,8786.0,0
3651,Maruti S-Cross Alpha DDiS 200 SH,Kolkata,2016,45296,Diesel,Manual,First,25.1,1248.0,88.5,5.0,12.53,6.99,10,Maruti,4118.0,1
3652,Maruti SX4 Zxi with Leather BSIII,Coimbatore,2008,77325,Petrol,Manual,First,15.6,1586.0,104.68,5.0,11.75,3.51,18,Maruti,4070.0,1
3653,Maruti Baleno Zeta Automatic,Kochi,2018,25858,Petrol,Automatic,First,21.4,1197.0,83.1,5.0,11.75,7.54,8,Maruti,2873.0,1
3654,Maruti Ritz LDi,Bangalore,2016,120000,Diesel,Manual,First,23.2,1248.0,73.94,5.0,11.75,3.65,10,Maruti,10909.0,1
3655,Hyundai Elantra CRDi SX AT,Ahmedabad,2016,22000,Diesel,Automatic,First,19.5,1582.0,126.24,5.0,16.0,16.0,10,Hyundai,2000.0,1
3656,Chevrolet Spark 1.0 LT,Kolkata,2012,11000,Petrol,Manual,First,16.2,995.0,62.1,5.0,11.75,1.4,14,Chevrolet,733.0,1
3657,Hyundai i20 1.2 Spotz,Mumbai,2017,3900,Petrol,Manual,First,18.6,1197.0,81.83,5.0,11.75,6.45,9,Hyundai,390.0,1
3658,Hyundai Xcent 1.1 CRDi Base,Hyderabad,2016,106092,Diesel,Manual,First,24.4,1120.0,71.0,5.0,11.75,4.4,10,Hyundai,9645.0,1
3659,Honda Jazz 1.2 V CVT i VTEC,Delhi,2015,27000,Petrol,Automatic,First,19.0,1199.0,88.7,5.0,11.75,5.95,11,Honda,2250.0,1
3660,Honda Brio S MT,Ahmedabad,2013,11000,Petrol,Manual,First,19.4,1198.0,86.8,5.0,11.75,3.9,13,Honda,786.0,1
3661,Mercedes-Benz E-Class E250 CDI Avantgrade,Coimbatore,2016,39753,Diesel,Automatic,First,13.0,2143.0,201.1,5.0,35.28,35.28,10,Mercedes-Benz,3614.0,1
3662,Tata Hexa XT,Pune,2017,39800,Diesel,Manual,First,17.6,2179.0,153.86,7.0,20.87,14.25,9,Tata,3980.0,1
3663,Hyundai Xcent 1.1 CRDi Base,Pune,2017,73000,Diesel,Manual,First,24.4,1120.0,71.0,5.0,11.75,4.5,9,Hyundai,7300.0,1
3664,Ford Ecosport 1.5 DV5 MT Titanium Optional,Pune,2015,55000,Diesel,Manual,First,22.7,1498.0,89.84,5.0,11.75,7.5,11,Ford,4583.0,1
3665,Tata Nano XTA,Coimbatore,2017,18351,Petrol,Automatic,First,21.9,624.0,37.48,4.0,11.75,3.41,9,Tata,1835.0,1
3666,Honda Brio VX,Pune,2013,45000,Petrol,Manual,Second,19.4,1198.0,86.8,5.0,11.75,3.25,13,Honda,3214.0,0
3667,Maruti Ertiga SHVS ZDI Plus,Hyderabad,2016,112200,Diesel,Manual,First,24.52,1248.0,88.5,7.0,11.75,8.3,10,Maruti,10200.0,1
3668,Hyundai i10 Sportz 1.2,Bangalore,2010,29000,Petrol,Manual,First,20.36,1197.0,78.9,5.0,11.75,3.45,16,Hyundai,1706.0,1
3670,Mahindra XUV500 W10 2WD,Mumbai,2015,53392,Diesel,Manual,First,16.0,2179.0,140.0,7.0,11.95,11.95,11,Mahindra,4449.0,1
3671,Volkswagen Vento Diesel Highline,Hyderabad,2010,71000,Diesel,Manual,First,20.54,1598.0,103.6,5.0,11.75,4.25,16,Volkswagen,4176.0,1
3672,Tata Safari Storme 2012-2015 VX,Hyderabad,2014,93000,Diesel,Manual,First,14.0,2179.0,138.1,7.0,11.75,8.25,12,Tata,7154.0,1
3673,Honda Accord 2.4 Elegance M/T,Hyderabad,2010,119000,Petrol,Manual,First,10.2,2354.0,180.0,5.0,11.75,5.95,16,Honda,7000.0,1
3674,Maruti Eeco 7 Seater Standard,Coimbatore,2016,42225,Petrol,Manual,First,15.1,1196.0,73.0,7.0,4.98,4.3,10,Maruti,3839.0,1
3675,Maruti Swift VDI,Ahmedabad,2012,65000,Diesel,Manual,First,22.9,1248.0,74.0,5.0,7.92,3.9,14,Maruti,4333.0,1
3676,Maruti Baleno Zeta Automatic,Pune,2016,27809,Petrol,Automatic,First,21.4,1197.0,83.1,5.0,11.75,6.41,10,Maruti,2528.0,1
3677,Mahindra XUV500 W8 2WD,Coimbatore,2015,65100,Diesel,Manual,First,15.1,2179.0,140.0,7.0,11.75,8.36,11,Mahindra,5425.0,1
3678,Hyundai Xcent 1.2 Kappa S,Chennai,2014,51000,Petrol,Manual,First,19.1,1197.0,82.0,5.0,11.75,3.85,12,Hyundai,3923.0,1
3679,Mercedes-Benz New C-Class C 220 CDI Style,Hyderabad,2017,10000,Diesel,Automatic,First,19.27,2143.0,167.62,5.0,36.0,36.0,9,Mercedes-Benz,1000.0,1
3680,Skoda Superb 1.8 TSI MT,Kolkata,2011,54895,Petrol,Manual,First,13.14,1798.0,160.0,5.0,11.75,7.5,15,Skoda,3431.0,1
3681,Volkswagen CrossPolo 1.5 TDI,Hyderabad,2015,80768,Diesel,Manual,First,20.14,1498.0,88.73,5.0,11.75,5.7,11,Volkswagen,6731.0,1
3682,Maruti Ignis 1.2 Delta,Kochi,2019,12076,Petrol,Manual,First,20.89,1197.0,81.8,5.0,5.9,5.5,7,Maruti,1510.0,1
3683,Maruti Swift VDI BSIV,Chennai,2016,49000,Diesel,Manual,First,25.2,1248.0,74.0,5.0,11.75,5.9,10,Maruti,4455.0,1
3684,Honda City i VTEC VX Option,Mumbai,2015,42366,Petrol,Manual,First,17.8,1497.0,117.3,5.0,11.75,7.75,11,Honda,3530.0,1
3685,BMW 5 Series 530d Highline Sedan,Ahmedabad,2010,68000,Diesel,Automatic,First,11.5,2993.0,235.0,5.0,18.0,18.0,16,BMW,4000.0,1
3686,Skoda Laura Ambiente,Hyderabad,2008,122397,Diesel,Manual,First,17.5,1896.0,106.0,5.0,11.75,4.4,18,Skoda,6442.0,1
3687,Volkswagen Polo GT TSI,Coimbatore,2017,50534,Petrol,Automatic,First,17.21,1197.0,103.5,5.0,11.66,8.27,9,Volkswagen,5053.0,1
3688,Renault Duster 85PS Diesel RxL,Ahmedabad,2014,55300,Diesel,Manual,First,19.87,1461.0,83.8,5.0,11.75,4.75,12,Renault,4254.0,1
3689,Honda City 1.5 S AT,Hyderabad,2008,73095,Petrol,Automatic,First,16.8,1497.0,118.0,5.0,11.75,3.8,18,Honda,3847.0,1
3690,Volkswagen Vento Diesel Highline,Ahmedabad,2011,51100,Diesel,Manual,First,20.54,1598.0,103.6,5.0,11.75,3.4,15,Volkswagen,3194.0,1
3691,Hyundai Grand i10 Sportz,Pune,2016,13436,Petrol,Manual,Second,18.9,1197.0,82.0,5.0,11.75,4.7,10,Hyundai,1221.0,0
3692,Ford Fiesta 1.4 ZXi Duratec,Pune,2008,76000,Petrol,Manual,Second,16.6,1388.0,68.0,5.0,11.75,1.49,18,Ford,4000.0,0
3693,Hyundai Xcent 1.1 CRDi S,Mumbai,2016,63141,Diesel,Manual,Second,24.4,1120.0,71.0,5.0,11.75,4.5,10,Hyundai,5740.0,0
3694,Honda Amaze VX i-DTEC,Hyderabad,2014,74885,Diesel,Manual,First,25.8,1498.0,98.6,5.0,11.75,5.4,12,Honda,5760.0,1
3695,Honda City i VTEC CVT VX,Hyderabad,2016,14000,Petrol,Automatic,First,18.0,1497.0,117.3,5.0,11.75,11.5,10,Honda,1273.0,1
3696,Renault Fluence 1.5,Pune,2012,56000,Diesel,Manual,Second,20.4,1461.0,108.5,5.0,11.75,3.5,14,Renault,3733.0,0
3697,BMW 5 Series 520d Luxury Line,Ahmedabad,2010,46000,Diesel,Automatic,First,22.48,1995.0,190.0,5.0,63.71,16.5,16,BMW,2706.0,1
3698,Maruti SX4 ZXI MT BSIV,Mumbai,2012,51800,Petrol,Manual,First,15.5,1586.0,103.3,5.0,11.75,3.9,14,Maruti,3453.0,1
3699,Honda City ZX CVT,Hyderabad,2007,81000,Petrol,Automatic,First,16.4,1497.0,78.0,5.0,11.75,3.25,19,Honda,4050.0,1
3700,Volkswagen Ameo 1.2 MPI Comfortline,Kochi,2018,17370,Petrol,Manual,First,17.0,1198.0,73.75,5.0,11.75,5.84,8,Volkswagen,1930.0,1
3701,Volkswagen Ameo 1.2 MPI Comfortline,Hyderabad,2016,18456,Petrol,Manual,First,17.0,1198.0,73.75,5.0,11.75,5.75,10,Volkswagen,1678.0,1
3702,Audi A4 2.0 TDI Multitronic,Delhi,2010,59000,Diesel,Automatic,First,16.55,1968.0,140.0,5.0,11.75,10.0,16,Audi,3471.0,1
3703,Maruti Wagon R VXI,Mumbai,2006,141537,Petrol,Manual,Second,18.9,998.0,67.1,5.0,5.44,1.05,20,Maruti,6740.0,0
3704,Hyundai Verna SX CRDi AT,Delhi,2013,51000,Diesel,Automatic,First,19.08,1582.0,126.32,5.0,11.75,5.64,13,Hyundai,3643.0,1
3705,Mercedes-Benz GLC 220d 4MATIC Style,Coimbatore,2019,29311,Diesel,Automatic,First,17.9,2143.0,170.0,5.0,64.57,50.97,7,Mercedes-Benz,3664.0,1
3706,BMW 3 Series Luxury Line,Mumbai,2016,31000,Diesel,Automatic,First,21.76,1995.0,190.0,5.0,60.88,29.95,10,BMW,2818.0,1
3707,Honda Mobilio V Option i DTEC,Mumbai,2014,80000,Diesel,Manual,Second,24.2,1498.0,98.6,7.0,11.75,4.85,12,Honda,6154.0,0
3708,Hyundai Creta 1.6 CRDi AT SX Plus,Hyderabad,2016,33000,Diesel,Automatic,First,17.01,1582.0,126.2,5.0,14.5,14.5,10,Hyundai,3000.0,1
3709,Honda City 1.5 S MT,Hyderabad,2011,71556,Petrol,Manual,First,17.0,1497.0,118.0,5.0,11.75,5.5,15,Honda,4472.0,1
3710,Ford Fiesta 1.4 TDCi EXI,Bangalore,2011,85000,Diesel,Manual,First,17.8,1399.0,68.0,5.0,11.75,3.2,15,Ford,5312.0,1
3711,Maruti Swift Dzire LDI,Chennai,2016,91000,Diesel,Manual,First,26.59,1248.0,74.0,5.0,11.75,4.5,10,Maruti,8273.0,1
3712,Mercedes-Benz E-Class E250 CDI Launch Edition,Coimbatore,2015,73187,Diesel,Automatic,First,13.0,2143.0,204.0,5.0,30.72,30.72,11,Mercedes-Benz,6099.0,1
3713,Chevrolet Captiva LT,Jaipur,2009,232000,Diesel,Manual,First,11.5,1991.0,147.9,7.0,11.75,3.5,17,Chevrolet,12889.0,1
3714,Toyota Innova 2.5 V Diesel 7-seater,Bangalore,2007,127079,Diesel,Manual,First,12.8,2494.0,102.0,7.0,11.75,6.99,19,Toyota,6354.0,1
3715,Mahindra Quanto C8,Kochi,2014,58816,Diesel,Manual,First,17.21,1493.0,100.0,7.0,11.75,3.45,12,Mahindra,4524.0,1
3716,Honda City i VTEC V,Kochi,2015,63818,Petrol,Manual,First,17.4,1497.0,117.3,5.0,11.75,6.57,11,Honda,5318.0,1
3717,Audi A4 2.0 TDI 177 Bhp Premium Plus,Kolkata,2014,40000,Diesel,Automatic,First,17.11,1968.0,174.33,5.0,17.5,17.5,12,Audi,3077.0,1
3718,Volkswagen Polo Diesel Comfortline 1.2L,Delhi,2013,77445,Diesel,Manual,First,22.07,1199.0,73.9,5.0,11.75,3.75,13,Volkswagen,5532.0,1
3719,Ford EcoSport 1.5 Petrol Titanium Plus AT,Pune,2017,14000,Petrol,Automatic,First,14.8,1497.0,121.36,5.0,13.23,9.99,9,Ford,1400.0,1
3720,Toyota Innova 2.5 G (Diesel) 7 Seater BS IV,Kolkata,2012,85122,Diesel,Manual,First,12.99,2494.0,100.0,7.0,11.75,8.2,14,Toyota,5675.0,1
3721,Honda City 1.5 EXI,Jaipur,2005,123000,Petrol,Manual,Third,13.0,1493.0,100.0,5.0,11.75,1.1,21,Honda,5591.0,0
3723,Maruti Alto 800 2016-2019 LXI Optional,Chennai,2015,63714,Petrol,Manual,First,24.7,796.0,47.3,5.0,11.75,2.45,11,Maruti,5310.0,1
3724,Mercedes-Benz M-Class ML 320 CDI,Pune,2009,53000,Diesel,Automatic,First,8.7,2987.0,224.34,5.0,13.75,13.75,17,Mercedes-Benz,2944.0,1
3725,Maruti Swift Dzire LDI,Kolkata,2017,60000,Diesel,Manual,First,26.59,1248.0,74.0,5.0,11.75,3.0,9,Maruti,6000.0,1
3726,Maruti Vitara Brezza ZDi Plus Dual Tone,Ahmedabad,2017,33000,Diesel,Manual,First,24.3,1248.0,88.5,5.0,11.06,9.25,9,Maruti,3300.0,1
3727,Volvo S60 D5 Summum,Mumbai,2013,31000,Diesel,Automatic,First,13.2,2400.0,215.0,5.0,17.65,17.65,13,Volvo,2214.0,1
3728,Toyota Fortuner 4x2 AT,Delhi,2014,79000,Diesel,Automatic,First,12.55,2982.0,168.5,7.0,18.25,18.25,12,Toyota,6077.0,1
3729,Hyundai i20 Sportz Option Diesel,Kochi,2013,67914,Diesel,Manual,First,23.0,1396.0,90.0,5.0,11.75,3.45,13,Hyundai,4851.0,1
3730,Audi A4 35 TDI Premium,Bangalore,2015,58970,Diesel,Automatic,First,17.11,1968.0,174.33,5.0,23.75,23.75,11,Audi,4914.0,1
3731,Nissan Terrano XV D Pre,Mumbai,2013,60000,Diesel,Manual,Second,19.64,1461.0,108.5,5.0,17.21,5.45,13,Nissan,4286.0,0
3732,Maruti Celerio ZXI AMT,Coimbatore,2017,35225,Petrol,Automatic,First,23.1,998.0,67.04,5.0,6.56,5.25,9,Maruti,3522.0,1
3734,Hyundai i10 Sportz AT,Delhi,2012,62282,Petrol,Automatic,First,16.95,1197.0,78.9,5.0,11.75,2.9,14,Hyundai,4152.0,1
3735,BMW 3 Series 320d,Hyderabad,2010,80000,Diesel,Automatic,First,22.69,1995.0,190.0,5.0,47.2,14.2,16,BMW,4706.0,1
3736,Hyundai Grand i10 Sportz,Kochi,2018,43698,Petrol,Manual,First,18.9,1197.0,82.0,5.0,11.75,5.8,8,Hyundai,4855.0,1
3737,Hyundai Grand i10 Asta Option AT,Coimbatore,2017,28052,Petrol,Automatic,First,18.9,1197.0,82.0,5.0,11.75,7.22,9,Hyundai,2805.0,1
3738,Hyundai Grand i10 1.2 Kappa Sportz,Coimbatore,2016,29091,Petrol,Manual,First,18.9,1197.0,81.86,5.0,6.82,4.87,10,Hyundai,2645.0,1
3739,Volkswagen Polo 1.2 MPI Comfortline,Delhi,2013,63000,Petrol,Manual,First,16.47,1198.0,74.0,5.0,11.75,3.3,13,Volkswagen,4500.0,1
3740,Honda City ZX EXi,Hyderabad,2007,91000,Petrol,Manual,Second,17.7,1497.0,78.0,5.0,11.75,3.0,19,Honda,4550.0,0
3741,Mercedes-Benz GLA Class 200 CDI,Hyderabad,2014,30000,Diesel,Automatic,First,17.9,2143.0,136.0,5.0,26.0,26.0,12,Mercedes-Benz,2308.0,1
3742,Maruti Omni 8 Seater BSIV,Hyderabad,2017,24571,Petrol,Manual,First,14.0,796.0,35.0,5.0,11.75,2.9,9,Maruti,2457.0,1
3743,Hyundai Verna 1.6 SX VTVT AT,Bangalore,2014,45000,Petrol,Automatic,First,15.74,1591.0,121.3,5.0,11.75,7.5,12,Hyundai,3462.0,1
3744,Maruti Alto 800 LXI,Hyderabad,2015,24617,Petrol,Manual,First,22.74,796.0,47.3,5.0,11.75,2.36,11,Maruti,2051.0,1
3745,Maruti Vitara Brezza ZDi Plus Dual Tone,Coimbatore,2017,26927,Diesel,Manual,First,24.3,1248.0,88.5,5.0,12.56,11.39,9,Maruti,2693.0,1
3746,Mahindra XUV500 W8 2WD,Kochi,2013,87736,Diesel,Manual,First,15.1,2179.0,140.0,7.0,11.75,7.02,13,Mahindra,6267.0,1
3747,Maruti Vitara Brezza ZDi,Delhi,2016,35299,Diesel,Manual,First,24.3,1248.0,88.5,5.0,10.14,8.0,10,Maruti,3209.0,1
3748,Hyundai i20 1.2 Spotz,Kochi,2017,51612,Petrol,Manual,First,18.6,1197.0,81.83,5.0,11.75,7.11,9,Hyundai,5161.0,1
3749,Mercedes-Benz E-Class 250 D W 210,Mumbai,1998,55300,Diesel,Automatic,First,10.0,1796.0,157.7,5.0,11.75,3.9,28,Mercedes-Benz,1907.0,1
3750,Maruti Alto LXi,Hyderabad,2009,65090,Petrol,Manual,First,19.7,796.0,46.3,5.0,11.75,2.15,17,Maruti,3616.0,1
3751,Honda Amaze S i-Vtech,Kolkata,2013,40000,Petrol,Manual,First,18.0,1198.0,86.7,5.0,11.75,3.25,13,Honda,2857.0,1
3752,Land Rover Range Rover Sport HSE,Kochi,2015,38467,Diesel,Automatic,First,12.65,2993.0,255.0,5.0,160.0,70.66,11,Land,3206.0,1
3753,Hyundai Grand i10 CRDi Magna,Mumbai,2013,71904,Diesel,Manual,First,24.0,1120.0,70.0,5.0,11.75,4.61,13,Hyundai,5136.0,1
3754,Honda Civic 2006-2010 1.8 S MT,Mumbai,2008,87000,Petrol,Manual,First,13.5,1799.0,130.0,5.0,11.75,2.35,18,Honda,4579.0,1
3755,Hyundai Grand i10 CRDi Magna,Chennai,2014,33000,Diesel,Manual,Second,24.0,1120.0,70.0,5.0,11.75,4.05,12,Hyundai,2538.0,0
3756,Maruti 800 AC Uniq,Jaipur,2009,22100,Petrol,Manual,Second,16.1,796.0,37.0,4.0,11.75,0.8,17,Maruti,1228.0,0
3757,Toyota Etios Liva Diesel,Hyderabad,2014,59589,Diesel,Manual,First,23.59,1364.0,67.1,5.0,11.75,5.6,12,Toyota,4584.0,1
3758,Hyundai i20 Magna 1.4 CRDi,Delhi,2015,44000,Diesel,Manual,First,22.54,1396.0,88.73,5.0,11.75,5.35,11,Hyundai,3667.0,1
3759,Maruti Alto K10 VXI,Mumbai,2017,12000,Petrol,Manual,First,24.07,998.0,67.1,5.0,4.82,3.25,9,Maruti,1200.0,1
3760,BMW X1 sDrive20d,Pune,2012,66000,Diesel,Automatic,Second,17.05,1995.0,184.0,5.0,11.75,11.5,14,BMW,4400.0,0
3761,Maruti Celerio VXI AT,Pune,2016,38009,Petrol,Automatic,First,23.1,998.0,67.04,5.0,11.75,4.25,10,Maruti,3455.0,1
3762,Skoda Superb Elegance 1.8 TSI AT,Mumbai,2009,35000,Petrol,Automatic,Second,13.7,1798.0,157.75,5.0,11.75,4.45,17,Skoda,1944.0,0
3763,Mahindra Xylo E4,Pune,2009,70000,Diesel,Manual,First,14.0,2498.0,112.0,7.0,11.75,2.85,17,Mahindra,3889.0,1
3764,Mahindra XUV500 W8 2WD,Delhi,2014,86000,Diesel,Manual,First,15.1,2179.0,140.0,7.0,11.75,7.85,12,Mahindra,6615.0,1
3765,Maruti Swift Dzire VXI,Pune,2016,32000,Petrol,Manual,First,19.1,1197.0,85.8,5.0,11.75,5.3,10,Maruti,2909.0,1
3766,Ford Ecosport 1.0 Ecoboost Platinum Edition,Mumbai,2017,15000,Petrol,Manual,First,18.88,999.0,123.24,5.0,11.75,8.0,9,Ford,1500.0,1
3767,Toyota Corolla Altis Diesel D4DG,Coimbatore,2014,69918,Diesel,Manual,First,21.43,1364.0,87.2,5.0,11.75,9.43,12,Toyota,5378.0,1
3768,Hyundai i20 2015-2017 1.2 Magna,Pune,2012,39000,Petrol,Manual,First,18.5,1197.0,80.0,5.0,11.75,2.75,14,Hyundai,2600.0,1
3769,Renault Captur 1.5 Diesel Platine Mono,Mumbai,2018,1011,Diesel,Manual,First,20.37,1461.0,108.45,5.0,13.5,13.5,8,Renault,112.0,1
3770,Mercedes-Benz E-Class 280 CDI,Hyderabad,2009,85000,Diesel,Automatic,First,11.0,2987.0,198.5,5.0,11.75,9.99,17,Mercedes-Benz,4722.0,1
3771,Maruti Baleno RS 1.0 Petrol,Chennai,2017,46663,Petrol,Manual,First,21.1,998.0,100.0,5.0,11.75,6.95,9,Maruti,4666.0,1
3772,Nissan Sunny 2011-2014 XL AT Special Edition,Chennai,2015,27000,Petrol,Automatic,First,17.97,1498.0,99.6,5.0,11.75,6.75,11,Nissan,2250.0,1
3773,Hyundai Grand i10 AT Asta,Chennai,2015,15000,Petrol,Automatic,First,18.9,1197.0,82.0,5.0,11.75,5.5,11,Hyundai,1250.0,1
3774,Maruti Ciaz Zeta,Kochi,2018,10575,Petrol,Manual,First,21.56,1462.0,103.25,5.0,11.11,9.18,8,Maruti,1175.0,1
3775,Hyundai Xcent 1.2 Kappa S,Jaipur,2014,12500,Petrol,Manual,First,19.1,1197.0,82.0,5.0,11.75,4.15,12,Hyundai,962.0,1
3776,Hyundai Verna 1.6 SX CRDi (O),Ahmedabad,2012,52000,Diesel,Manual,First,22.32,1582.0,126.32,5.0,11.75,6.5,14,Hyundai,3467.0,1
3777,Maruti Wagon R VXI 1.2,Kochi,2015,49818,Petrol,Manual,First,21.5,1197.0,81.8,5.0,5.44,4.11,11,Maruti,4152.0,1
3778,Hyundai Verna CRDi,Hyderabad,2008,90000,Diesel,Manual,Second,16.8,1493.0,110.0,5.0,11.75,2.25,18,Hyundai,4737.0,0
3779,Toyota Etios Liva G,Kochi,2015,52207,Petrol,Manual,First,17.71,1197.0,78.9,5.0,11.75,4.56,11,Toyota,4351.0,1
3780,Mahindra Xylo E4 ABS BS III,Pune,2013,167362,Diesel,Manual,First,11.68,2498.0,112.0,7.0,11.75,4.0,13,Mahindra,11954.0,1
3781,Toyota Etios Liva GD,Coimbatore,2015,49894,Diesel,Manual,First,23.59,1364.0,67.06,5.0,11.75,5.27,11,Toyota,4158.0,1
3782,Mahindra Thar DI 4X4,Kochi,2019,13024,Diesel,Manual,First,18.06,2523.0,63.0,7.0,11.75,9.11,7,Mahindra,1628.0,1
3783,Nissan X-Trail SLX MT,Pune,2010,128000,Diesel,Manual,Second,14.42,1995.0,147.6,5.0,11.75,6.2,16,Nissan,7529.0,0
3784,Toyota Innova Crysta 2.8 ZX AT,Kochi,2017,26023,Diesel,Automatic,First,11.36,2755.0,171.5,7.0,26.55,19.97,9,Toyota,2602.0,1
3785,Hyundai Creta 1.4 CRDi S,Delhi,2016,42784,Diesel,Manual,First,21.38,1396.0,88.7,5.0,11.75,10.17,10,Hyundai,3889.0,1
3786,Maruti Swift VDI,Pune,2014,115000,Diesel,Manual,First,28.4,1248.0,74.0,5.0,8.26,4.5,12,Maruti,8846.0,1
3787,Hyundai Verna 1.6 CRDI SX Option,Kochi,2019,30529,Diesel,Manual,First,23.9,1582.0,126.2,5.0,14.28,14.28,7,Hyundai,3816.0,1
3788,Maruti Alto LXi BSIII,Kochi,2012,14814,Petrol,Manual,Second,19.7,796.0,46.3,5.0,11.75,2.47,14,Maruti,988.0,0
3789,Maruti S Cross DDiS 200 Alpha,Ahmedabad,2016,58000,Diesel,Manual,First,23.65,1248.0,88.5,5.0,11.75,7.9,10,Maruti,5273.0,1
3790,Hyundai EON Era,Hyderabad,2011,68128,Petrol,Manual,First,21.1,814.0,55.2,5.0,11.75,2.3,15,Hyundai,4258.0,1
3791,Nissan Terrano XL,Hyderabad,2013,63220,Petrol,Manual,First,13.24,1598.0,102.5,5.0,11.75,6.5,13,Nissan,4516.0,1
3792,Hyundai EON Era,Hyderabad,2016,30000,Petrol,Manual,First,21.1,814.0,55.2,5.0,11.75,3.25,10,Hyundai,2727.0,1
3793,Tata Zest Quadrajet 1.3 XT,Bangalore,2017,27768,Diesel,Manual,First,20.65,1248.0,88.7,5.0,10.06,5.85,9,Tata,2777.0,1
3794,Mercedes-Benz E-Class 2009-2013 E250 CDI Elegance,Hyderabad,2014,53000,Diesel,Automatic,Second,14.21,2143.0,203.0,5.0,29.0,29.0,12,Mercedes-Benz,4077.0,0
3795,Audi Q5 2.0 TDI Premium Plus,Coimbatore,2014,87652,Diesel,Automatic,Second,14.16,1968.0,174.3,5.0,25.71,25.71,12,Audi,6742.0,0
3796,Ford Fiesta 1.6 ZXi Leather,Chennai,2008,94873,Petrol,Manual,Second,15.3,1596.0,101.0,5.0,11.75,1.85,18,Ford,4993.0,0
3797,BMW 3 Series 320d Prestige,Mumbai,2015,56000,Diesel,Automatic,First,18.88,1995.0,184.0,5.0,22.75,22.75,11,BMW,4667.0,1
3798,Maruti Baleno RS 1.0 Petrol,Kochi,2018,18678,Petrol,Manual,First,21.1,998.0,100.0,5.0,11.75,8.32,8,Maruti,2075.0,1
3799,Mercedes-Benz E-Class 2009-2013 E250 CDI Blue Efficiency,Delhi,2014,30000,Diesel,Automatic,First,14.21,2143.0,203.0,5.0,26.0,26.0,12,Mercedes-Benz,2308.0,1
3801,Hyundai i10 Sportz 1.2,Hyderabad,2013,59000,Petrol,Manual,First,20.36,1197.0,78.9,5.0,11.75,3.45,13,Hyundai,4214.0,1
3802,Hyundai Grand i10 Asta Option,Mumbai,2017,13000,Petrol,Manual,First,18.9,1197.0,82.0,5.0,11.75,5.15,9,Hyundai,1300.0,1
3803,Honda Brio S MT,Kochi,2014,74325,Petrol,Manual,First,19.4,1198.0,86.8,5.0,11.75,3.51,12,Honda,5717.0,1
3804,Hyundai i20 Magna 1.4 CRDi (Diesel),Kolkata,2015,45000,Diesel,Manual,First,21.9,1396.0,88.76,5.0,11.75,3.45,11,Hyundai,3750.0,1
3805,Volkswagen Polo Petrol Highline 1.2L,Pune,2013,57000,Petrol,Manual,First,16.47,1198.0,73.9,5.0,11.75,3.75,13,Volkswagen,4071.0,1
3806,Honda City 1.5 EXI,Pune,2001,125943,Petrol,Manual,Second,13.0,1493.0,100.0,5.0,11.75,1.45,25,Honda,4844.0,0
3807,Skoda Octavia Ambiente 1.9 TDI,Delhi,2008,80000,Diesel,Manual,First,18.7,1896.0,66.0,5.0,11.75,2.2,18,Skoda,4211.0,1
3808,Ford Endeavour 2.5L 4X2,Hyderabad,2010,154000,Diesel,Manual,First,13.1,2499.0,141.0,7.0,11.75,7.99,16,Ford,9059.0,1
3809,Chevrolet Cruze LTZ,Bangalore,2013,62000,Diesel,Manual,Second,18.3,1991.0,147.9,5.0,11.75,6.75,13,Chevrolet,4429.0,0
3810,Honda CR-V AT With Sun Roof,Kolkata,2013,27000,Petrol,Automatic,First,14.0,1497.0,98.6,5.0,11.99,11.99,13,Honda,1929.0,1
3811,Honda Mobilio V i DTEC,Kolkata,2014,45000,Diesel,Manual,First,24.2,1498.0,98.6,7.0,11.75,5.0,12,Honda,3462.0,1
3812,Maruti Ertiga VDI,Pune,2012,105000,Diesel,Manual,Second,20.77,1248.0,88.76,7.0,11.215,5.9,14,Maruti,7000.0,0
3813,Hyundai Grand i10 Sportz,Mumbai,2013,26000,Petrol,Manual,First,18.9,1197.0,82.0,5.0,11.75,3.75,13,Hyundai,1857.0,1
3814,Jaguar XF 3.0 Litre S Premium Luxury,Mumbai,2014,30900,Diesel,Automatic,First,14.74,2993.0,270.9,5.0,29.5,29.5,12,Jaguar,2377.0,1
3815,Honda Amaze VX i-Vtech,Chennai,2014,48000,Petrol,Manual,First,18.0,1198.0,86.7,5.0,11.75,4.75,12,Honda,3692.0,1
3816,Audi A6 2.7 TDI,Pune,2011,112719,Diesel,Automatic,First,12.4,2698.0,179.5,5.0,11.75,11.5,15,Audi,7045.0,1
3817,Hyundai i20 1.2 Spotz,Chennai,2017,5000,Petrol,Manual,First,18.6,1197.0,81.83,5.0,11.75,6.95,9,Hyundai,500.0,1
3818,Volkswagen Ameo 1.2 MPI Highline Plus 16,Mumbai,2016,16000,Petrol,Manual,First,17.0,1198.0,73.75,5.0,11.75,5.4,10,Volkswagen,1455.0,1
3819,Renault Fluence 2.0,Jaipur,2011,63000,Petrol,Automatic,First,13.4,1997.0,135.1,5.0,11.75,4.75,15,Renault,3938.0,1
3820,Maruti Alto K10 VXI,Chennai,2011,28300,Petrol,Manual,First,24.07,998.0,67.1,5.0,4.5,2.15,15,Maruti,1769.0,1
3821,Maruti Alto Std,Jaipur,2005,49000,Petrol,Manual,First,19.7,796.0,46.3,5.0,11.75,0.9,21,Maruti,2227.0,1
3822,Maruti Wagon R VXI BS IV,Kolkata,2016,12501,Petrol,Manual,First,20.51,998.0,67.04,5.0,11.75,3.5,10,Maruti,1136.0,1
3823,Fiat Linea 1.3 Emotion,Kochi,2016,56628,Diesel,Manual,First,20.4,1248.0,92.0,5.0,11.75,5.85,10,Fiat,5148.0,1
3824,Maruti Swift Dzire Vdi BSIV,Pune,2010,105000,Diesel,Manual,First,19.3,1248.0,73.9,5.0,11.75,3.15,16,Maruti,6176.0,1
3825,Renault Scala Diesel RxL,Pune,2016,52126,Diesel,Manual,First,21.64,1461.0,84.8,5.0,11.75,6.0,10,Renault,4739.0,1
3826,Hyundai i20 Magna,Kolkata,2010,38000,Petrol,Manual,First,18.5,1197.0,80.0,5.0,11.75,2.23,16,Hyundai,2235.0,1
3827,Hyundai Xcent 1.2 Kappa SX Option,Bangalore,2016,50000,Petrol,Manual,First,19.1,1197.0,82.0,5.0,11.75,2.5,10,Hyundai,4545.0,1
3828,Maruti Wagon R LXI,Kochi,2015,50230,Petrol,Manual,First,18.9,998.0,67.1,5.0,4.890000000000001,3.87,11,Maruti,4186.0,1
3829,Mahindra XUV500 W8 2WD,Ahmedabad,2014,31000,Diesel,Manual,First,15.1,2179.0,140.0,7.0,11.75,9.5,12,Mahindra,2385.0,1
3830,Toyota Fortuner 4x2 AT,Delhi,2014,79000,Diesel,Automatic,First,12.55,2982.0,168.5,7.0,17.75,17.75,12,Toyota,6077.0,1
3831,Renault Duster 110PS Diesel RxZ Plus,Delhi,2012,130000,Diesel,Manual,First,19.64,1461.0,108.45,5.0,11.75,3.75,14,Renault,8667.0,1
3832,Hyundai Santro Xing GLS,Chennai,2010,115000,Petrol,Manual,Second,17.92,1086.0,62.1,5.0,11.75,1.5,16,Hyundai,6765.0,0
3833,Hyundai Verna 1.6 SX VTVT,Pune,2013,41500,Petrol,Manual,Second,17.01,1591.0,121.3,5.0,11.75,5.0,13,Hyundai,2964.0,0
3834,BMW X1 sDrive 20d Exclusive,Pune,2014,54385,Diesel,Automatic,Second,15.06,1995.0,177.0,5.0,17.0,17.0,12,BMW,4183.0,0
3835,Honda Civic 2006-2010 1.8 V AT,Kochi,2011,56361,Petrol,Automatic,First,12.9,1799.0,130.0,5.0,11.75,4.38,15,Honda,3523.0,1
3836,Audi A6 35 TFSI Matrix,Delhi,2018,22000,Petrol,Automatic,First,15.26,1798.0,187.74,5.0,56.97,41.5,8,Audi,2444.0,1
3837,Maruti Wagon R LXI BS IV,Kolkata,2017,8000,Petrol,Manual,First,20.51,998.0,67.04,5.0,11.75,3.0,9,Maruti,800.0,1
3838,Maruti Vitara Brezza ZDi Plus Dual Tone,Coimbatore,2018,28741,Diesel,Manual,First,24.3,1248.0,88.5,5.0,12.56,11.0,8,Maruti,3193.0,1
3839,Land Rover Discovery 3 TDV6 Diesel Automatic,Pune,2012,117236,Diesel,Automatic,Second,11.8,2720.0,190.0,7.0,14.0,14.0,14,Land,7816.0,0
3840,Maruti Dzire New,Pune,2016,30500,Diesel,Automatic,First,26.59,1248.0,74.0,5.0,11.75,7.65,10,Maruti,2773.0,1
3841,Hyundai Verna VTVT 1.6 SX,Kolkata,2018,5000,Petrol,Manual,First,17.0,1591.0,121.3,5.0,11.19,8.7,8,Hyundai,556.0,1
3842,Maruti Ertiga ZDI Plus,Hyderabad,2016,42000,Diesel,Manual,First,25.47,1248.0,88.5,7.0,13.33,9.9,10,Maruti,3818.0,1
3843,Hyundai Accent GLE,Mumbai,2010,32773,Petrol,Manual,First,13.2,1495.0,94.0,5.0,11.75,2.05,16,Hyundai,1928.0,1
3844,Hyundai i20 1.2 Sportz,Kolkata,2016,19008,Petrol,Manual,First,17.0,1197.0,80.0,5.0,11.75,5.25,10,Hyundai,1728.0,1
3845,Hyundai Verna VTVT 1.6 SX,Kochi,2012,32542,Petrol,Manual,First,17.0,1591.0,121.3,5.0,11.67,5.77,14,Hyundai,2169.0,1
3846,Maruti Alto LX,Hyderabad,2010,94753,Petrol,Manual,First,19.7,796.0,46.3,5.0,11.75,1.95,16,Maruti,5574.0,1
3847,Mahindra Scorpio VLX,Ahmedabad,2011,70000,Diesel,Manual,Second,12.05,2179.0,120.0,8.0,11.75,7.45,15,Mahindra,4375.0,0
3848,Maruti Wagon R LXI,Delhi,2012,68347,Petrol,Manual,First,18.9,998.0,67.1,5.0,4.890000000000001,2.6,14,Maruti,4556.0,1
3849,Hyundai i20 1.2 Sportz,Ahmedabad,2011,72000,Petrol,Manual,Second,17.0,1197.0,80.0,5.0,11.75,3.25,15,Hyundai,4500.0,0
3850,Maruti Ritz VDi,Hyderabad,2010,75014,Diesel,Manual,First,21.1,1248.0,73.9,5.0,11.75,3.85,16,Maruti,4413.0,1
3851,Renault Koleos 2.0 Diesel,Delhi,2013,65000,Diesel,Automatic,Second,13.73,1995.0,148.0,5.0,11.75,7.5,13,Renault,4643.0,0
3852,BMW 3 Series 320d,Kochi,2012,55598,Diesel,Automatic,First,22.69,1995.0,190.0,5.0,47.87,11.5,14,BMW,3707.0,1
3853,Honda Brio V MT,Pune,2013,50000,Petrol,Manual,First,19.4,1198.0,86.8,5.0,11.75,3.25,13,Honda,3571.0,1
3854,Hyundai Sonata GOLD,Chennai,2003,44200,Petrol,Manual,Second,11.7,1997.0,134.0,5.0,11.75,1.5,23,Hyundai,1842.0,0
3855,Maruti Swift Dzire VDi,Jaipur,2014,65000,Diesel,Manual,First,19.3,1248.0,73.9,5.0,11.75,5.31,12,Maruti,5000.0,1
3856,Mahindra XUV500 W8 4WD,Hyderabad,2013,49000,Diesel,Manual,First,16.0,2179.0,140.0,7.0,11.75,9.0,13,Mahindra,3500.0,1
3857,Hyundai i10 Sportz 1.1L,Kolkata,2016,7200,Petrol,Manual,First,19.81,1086.0,68.05,5.0,11.75,3.59,10,Hyundai,655.0,1
3858,Maruti Ciaz ZXi Plus,Kochi,2016,43152,Petrol,Manual,First,20.73,1373.0,91.1,5.0,11.75,7.35,10,Maruti,3923.0,1
3859,Toyota Innova 2.5 V Diesel 8-seater,Pune,2013,112000,Diesel,Manual,First,12.8,2494.0,102.0,8.0,12.0,12.0,13,Toyota,8000.0,1
3860,Hyundai Grand i10 Sportz,Coimbatore,2017,23540,Petrol,Manual,First,18.9,1197.0,82.0,5.0,11.75,6.02,9,Hyundai,2354.0,1
3861,Chevrolet Optra Magnum 2.0 LS BSIII,Coimbatore,2008,82160,Diesel,Manual,First,16.52,1991.0,123.7,5.0,11.75,2.57,18,Chevrolet,4324.0,1
3862,Mahindra Ssangyong Rexton RX5,Pune,2013,57000,Diesel,Manual,First,12.83,2696.0,162.0,7.0,12.45,12.45,13,Mahindra,4071.0,1
3863,Mahindra XUV500 W8 2WD,Coimbatore,2015,39335,Diesel,Manual,First,15.1,2179.0,140.0,7.0,12.63,12.63,11,Mahindra,3278.0,1
3864,Honda City i VTEC SV,Bangalore,2014,62000,Petrol,Manual,Second,17.4,1497.0,117.3,5.0,11.75,7.75,12,Honda,4769.0,0
3865,Ford Ecosport 1.5 DV5 MT Titanium,Delhi,2014,60000,Diesel,Manual,First,22.7,1498.0,89.84,5.0,11.75,5.5,12,Ford,4615.0,1
3866,Hyundai i20 Sportz 1.2,Kolkata,2015,35000,Petrol,Manual,First,18.6,1197.0,81.83,5.0,11.75,4.43,11,Hyundai,2917.0,1
3867,Mercedes-Benz CLA 200 CDI Sport,Kochi,2016,32345,Diesel,Automatic,First,17.9,2143.0,136.0,5.0,43.07,24.51,10,Mercedes-Benz,2940.0,1
3868,Hyundai EON Magna,Ahmedabad,2014,47000,Petrol,Manual,First,22.0,814.0,55.0,5.0,11.75,2.65,12,Hyundai,3615.0,1
3870,Toyota Etios G Safety,Delhi,2011,36000,Petrol,Manual,First,17.6,1496.0,88.7,5.0,11.75,3.2,15,Toyota,2250.0,1
3871,Maruti Swift Dzire Tour LDI,Chennai,2016,75000,Diesel,Manual,First,23.4,1248.0,74.0,5.0,11.75,4.25,10,Maruti,6818.0,1
3872,Maruti Alto LXi,Kolkata,2008,38000,Petrol,Manual,First,19.7,796.0,46.3,5.0,11.75,1.1,18,Maruti,2000.0,1
3873,Maruti Celerio ZXI,Chennai,2015,57818,Petrol,Manual,First,23.1,998.0,67.04,5.0,11.75,4.3,11,Maruti,4818.0,1
3874,Ford Ecosport 1.5 DV5 MT Titanium Optional,Hyderabad,2015,45000,Diesel,Manual,First,22.7,1498.0,89.84,5.0,11.75,8.9,11,Ford,3750.0,1
3875,Nissan Terrano XV 110 PS Limited Edition,Jaipur,2015,75055,Diesel,Manual,First,19.01,1461.0,108.5,5.0,11.75,6.5,11,Nissan,6255.0,1
3876,Honda Accord VTi-L AT,Delhi,2009,65462,Petrol,Automatic,Third,11.1,2354.0,142.0,5.0,11.75,3.5,17,Honda,3637.0,0
3877,Maruti Swift Ldi BSIII,Hyderabad,2008,76206,Diesel,Manual,First,17.8,1248.0,75.0,5.0,11.75,4.25,18,Maruti,4011.0,1
3878,Mahindra XUV500 AT W10 FWD,Kochi,2018,25948,Diesel,Automatic,First,16.0,2179.0,140.0,7.0,16.46,16.46,8,Mahindra,2883.0,1
3879,Honda Jazz 1.2 VX i VTEC,Mumbai,2016,28500,Petrol,Manual,First,18.7,1199.0,88.7,5.0,11.75,5.95,10,Honda,2591.0,1
3880,Honda City i VTEC V,Mumbai,2015,28004,Petrol,Manual,First,17.8,1497.0,117.3,5.0,11.75,7.1,11,Honda,2334.0,1
3881,Fiat Grande Punto 1.2 Dynamic,Kolkata,2011,25000,Petrol,Manual,Second,15.7,1172.0,67.0,5.0,11.75,1.25,15,Fiat,1562.0,0
3883,Maruti Ertiga ZXI,Pune,2013,82543,Petrol,Manual,First,16.02,1373.0,93.7,7.0,11.75,5.5,13,Maruti,5896.0,1
3884,Nissan Micra XL,Chennai,2013,30000,Petrol,Manual,First,18.44,1198.0,75.0,5.0,11.75,3.25,13,Nissan,2143.0,1
3885,Honda City 1.5 V MT,Hyderabad,2010,27800,Petrol,Manual,First,17.0,1497.0,118.0,5.0,11.75,5.0,16,Honda,1635.0,1
3886,Toyota Etios VX,Coimbatore,2016,33415,Petrol,Manual,First,16.78,1496.0,88.73,5.0,11.75,6.58,10,Toyota,3038.0,1
3887,BMW 3 Series 320d Luxury Line,Mumbai,2013,38000,Diesel,Automatic,First,18.88,1995.0,184.0,5.0,54.43,19.5,13,BMW,2714.0,1
3888,Honda Jazz 1.2 SV i VTEC,Kochi,2017,41981,Petrol,Manual,First,18.7,1199.0,88.7,5.0,11.75,6.14,9,Honda,4198.0,1
3889,Maruti Dzire VDI,Jaipur,2013,77084,Diesel,Manual,First,28.4,1248.0,73.75,5.0,8.75,4.95,13,Maruti,5506.0,1
3890,Skoda Rapid 1.6 TDI Elegance,Hyderabad,2013,71803,Diesel,Manual,First,20.5,1598.0,103.5,5.0,11.75,5.75,13,Skoda,5129.0,1
3891,Mahindra XUV500 W6 2WD,Kolkata,2013,73314,Diesel,Manual,First,15.1,2179.0,140.0,7.0,11.75,6.6,13,Mahindra,5237.0,1
3892,Hyundai Grand i10 AT Asta,Coimbatore,2015,69053,Petrol,Automatic,First,18.9,1197.0,82.0,5.0,11.75,5.72,11,Hyundai,5754.0,1
3893,Honda City 1.5 V MT,Delhi,2009,79782,Petrol,Manual,Second,17.0,1497.0,118.0,5.0,11.75,2.6,17,Honda,4432.0,0
3894,Toyota Innova 2.5 GX 7 STR,Hyderabad,2010,250000,Diesel,Manual,Second,12.8,2494.0,102.0,7.0,11.75,6.5,16,Toyota,14706.0,0
3895,Mahindra XUV500 W8 2WD,Pune,2011,90000,Diesel,Manual,Second,15.1,2179.0,140.0,7.0,11.75,6.1,15,Mahindra,5625.0,0
3896,Maruti Swift Dzire VDi,Hyderabad,2010,130000,Diesel,Manual,First,19.3,1248.0,73.9,5.0,11.75,3.85,16,Maruti,7647.0,1
3897,Volkswagen Vento Petrol Highline,Pune,2013,65000,Petrol,Manual,Second,15.04,1598.0,103.6,5.0,11.75,4.5,13,Volkswagen,4643.0,0
3899,Audi A4 2.0 TDI,Bangalore,2013,76000,Diesel,Automatic,Second,16.55,1968.0,147.51,5.0,18.25,18.25,13,Audi,5429.0,0
3900,Maruti Ertiga LXI,Ahmedabad,2012,28002,Petrol,Manual,First,16.02,1373.0,93.7,7.0,11.75,5.75,14,Maruti,1867.0,1
3902,Maruti 800 AC,Jaipur,2010,70000,Petrol,Manual,Second,16.1,796.0,37.0,4.0,11.75,0.9,16,Maruti,4118.0,0
3903,Honda City 1.5 V MT,Hyderabad,2011,66276,Petrol,Manual,First,17.0,1497.0,118.0,5.0,11.75,5.5,15,Honda,4142.0,1
3904,Maruti Swift Dzire VXI,Kolkata,2014,45000,Petrol,Manual,First,19.1,1197.0,85.8,5.0,11.75,3.99,12,Maruti,3462.0,1
3905,Toyota Camry Hybrid,Delhi,2014,67000,Petrol,Automatic,First,19.16,2494.0,158.2,5.0,18.75,18.75,12,Toyota,5154.0,1
3906,Hyundai Grand i10 CRDi Sportz,Kolkata,2014,43068,Diesel,Manual,First,24.0,1120.0,70.0,5.0,11.75,3.5,12,Hyundai,3313.0,1
3907,Toyota Innova Crysta 2.8 GX AT 8S,Chennai,2016,40000,Diesel,Automatic,First,11.36,2755.0,171.5,8.0,21.1,16.45,10,Toyota,3636.0,1
3908,Hyundai i10 Magna,Coimbatore,2011,50436,Petrol,Manual,First,20.36,1197.0,78.9,5.0,11.75,3.65,15,Hyundai,3152.0,1
3909,Hyundai Grand i10 AT Asta,Bangalore,2014,21000,Petrol,Automatic,First,18.9,1197.0,82.0,5.0,11.75,5.4,12,Hyundai,1615.0,1
3910,Maruti Baleno Alpha Diesel,Mumbai,2018,2000,Diesel,Manual,First,27.39,1248.0,74.0,5.0,10.28,8.7,8,Maruti,222.0,1
3911,Skoda Superb Style 1.8 TSI AT,Mumbai,2016,14500,Petrol,Automatic,First,14.67,1798.0,177.46,5.0,33.36,20.75,10,Skoda,1318.0,1
3912,Mercedes-Benz New C-Class 220 CDI AT,Hyderabad,2010,68782,Diesel,Automatic,First,14.84,2143.0,170.0,5.0,12.5,12.5,16,Mercedes-Benz,4046.0,1
3913,Maruti Ritz VDi,Kolkata,2011,35888,Diesel,Manual,First,21.1,1248.0,73.9,5.0,11.75,1.89,15,Maruti,2243.0,1
3914,Maruti Swift Dzire Tour LDI,Kolkata,2015,168205,Diesel,Manual,First,23.4,1248.0,74.0,5.0,11.75,4.0,11,Maruti,14017.0,1
3915,Honda Civic 2010-2013 1.8 V MT,Mumbai,2012,47000,Petrol,Manual,First,14.8,1799.0,130.2,5.0,11.75,3.95,14,Honda,3133.0,1
3916,Maruti Ertiga SHVS VDI,Hyderabad,2015,93700,Diesel,Manual,First,24.52,1248.0,88.5,7.0,11.75,7.85,11,Maruti,7808.0,1
3917,Hyundai Elantra CRDi SX,Kolkata,2014,45000,Diesel,Manual,First,22.7,1582.0,126.24,5.0,11.75,7.0,12,Hyundai,3462.0,1
3918,Toyota Fortuner 4x2 AT,Hyderabad,2016,55547,Diesel,Automatic,First,12.55,2982.0,168.5,7.0,24.99,24.99,10,Toyota,5050.0,1
3919,Volkswagen Polo GT TSI,Delhi,2013,69000,Petrol,Automatic,First,17.21,1197.0,103.6,5.0,11.26,4.5,13,Volkswagen,4929.0,1
3920,Skoda Octavia Classic 1.9 TDI MT,Pune,2005,88000,Diesel,Manual,Third,18.7,1896.0,66.0,5.0,11.75,1.25,21,Skoda,4000.0,0
3921,Volkswagen Polo 1.5 TDI Trendline,Delhi,2014,32400,Diesel,Manual,First,20.14,1498.0,88.8,5.0,11.75,3.95,12,Volkswagen,2492.0,1
3922,Hyundai Santro Xing GL Plus,Pune,2012,79000,Petrol,Manual,Second,17.92,1086.0,62.1,5.0,11.75,1.6,14,Hyundai,5267.0,0
3923,Hyundai Accent GLE,Hyderabad,2004,110000,Petrol,Manual,First,13.2,1495.0,94.0,5.0,11.75,0.6,22,Hyundai,4783.0,1
3924,Hyundai EON D Lite Plus,Coimbatore,2014,45407,Petrol,Manual,Second,21.1,814.0,55.2,5.0,11.75,3.39,12,Hyundai,3493.0,0
3925,Toyota Innova 2.5 V Diesel 7-seater,Hyderabad,2011,136490,Diesel,Manual,First,12.8,2494.0,102.0,7.0,11.75,9.8,15,Toyota,8531.0,1
3926,Maruti Ignis 1.3 Zeta,Mumbai,2017,19000,Diesel,Manual,First,26.8,1248.0,74.0,5.0,11.75,5.91,9,Maruti,1900.0,1
3927,Maruti Ciaz Alpha,Mumbai,2017,19416,Petrol,Manual,First,21.56,1462.0,103.25,5.0,11.56,8.25,9,Maruti,1942.0,1
3928,Maruti Swift Dzire VXi,Mumbai,2012,15500,Petrol,Manual,First,17.5,1298.0,85.8,5.0,11.75,3.75,14,Maruti,1033.0,1
3929,Honda City i VTEC CVT VX,Hyderabad,2017,12538,Petrol,Automatic,First,18.0,1497.0,117.3,5.0,12.5,12.5,9,Honda,1254.0,1
3931,Honda Brio S MT,Delhi,2015,44328,Petrol,Manual,First,19.4,1198.0,86.8,5.0,11.75,3.8,11,Honda,3694.0,1
3932,Toyota Etios Liva GD,Delhi,2014,63000,Diesel,Manual,First,23.59,1364.0,67.04,5.0,11.75,4.35,12,Toyota,4846.0,1
3933,Volvo XC60 D5,Hyderabad,2015,100000,Diesel,Automatic,First,13.5,2400.0,215.0,5.0,32.5,32.5,11,Volvo,8333.0,1
3934,Tata Indigo CS eGVX,Kolkata,2015,103000,Petrol,Manual,First,15.64,1193.0,64.08,5.0,11.75,3.0,11,Tata,8583.0,1
3935,Toyota Innova Crysta 2.8 ZX AT,Pune,2016,50296,Diesel,Automatic,Second,11.36,2755.0,171.5,7.0,27.07,19.0,10,Toyota,4572.0,0
3936,Volkswagen Vento Diesel Highline,Pune,2013,95500,Diesel,Manual,First,20.54,1598.0,103.6,5.0,11.75,5.0,13,Volkswagen,6821.0,1
3937,Ford Ecosport 1.5 DV5 MT Titanium,Pune,2014,72100,Diesel,Manual,First,22.7,1498.0,89.84,5.0,11.75,5.45,12,Ford,5546.0,1
3938,Maruti Wagon R VXI,Mumbai,2010,19119,Petrol,Manual,First,18.9,998.0,67.1,5.0,5.44,2.7,16,Maruti,1125.0,1
3939,Mercedes-Benz S-Class 320 L,Mumbai,2006,30000,Petrol,Manual,First,13.0,2987.0,210.0,5.0,11.75,10.75,20,Mercedes-Benz,1429.0,1
3940,Volkswagen Polo 1.5 TDI Highline,Hyderabad,2015,75600,Diesel,Manual,First,20.14,1498.0,88.8,5.0,10.15,5.8,11,Volkswagen,6300.0,1
3941,Tata Indica GLS BS IV,Pune,2007,137000,Petrol,Manual,Second,15.3,1193.0,65.3,5.0,11.75,0.95,19,Tata,6850.0,0
3942,Maruti 800 Std BSIII,Jaipur,2002,53500,Petrol,Manual,Second,16.1,796.0,37.0,4.0,11.75,0.63,24,Maruti,2140.0,0
3943,Jeep Compass 2.0 Longitude,Kochi,2018,26101,Diesel,Manual,First,17.1,1956.0,170.0,5.0,21.38,17.55,8,Jeep,2900.0,1
3944,Maruti Alto K10 LXI Optional,Pune,2016,7000,Petrol,Manual,First,24.07,998.0,67.1,5.0,4.36,3.0,10,Maruti,636.0,1
3945,Skoda Octavia Elegance 2.0 TDI AT,Bangalore,2013,50000,Diesel,Automatic,First,19.3,1968.0,141.0,5.0,15.0,15.0,13,Skoda,3571.0,1
3946,Maruti Swift Dzire VDI Optional,Hyderabad,2016,30000,Diesel,Manual,First,26.59,1248.0,74.0,5.0,11.75,6.0,10,Maruti,2727.0,1
3947,Maruti Ciaz VDi Plus SHVS,Mumbai,2016,38151,Diesel,Manual,First,28.09,1248.0,88.5,5.0,11.75,7.65,10,Maruti,3468.0,1
3948,Mercedes-Benz New C-Class C 220 CDI CLASSIC,Jaipur,2009,116000,Diesel,Manual,Second,15.8,2148.0,170.0,5.0,11.75,8.5,17,Mercedes-Benz,6444.0,0
3949,Ford Figo Diesel ZXI,Kolkata,2013,22000,Diesel,Manual,First,20.0,1399.0,68.0,5.0,11.75,2.25,13,Ford,1571.0,1
3950,Toyota Corolla Altis VL,Delhi,2010,60000,Petrol,Automatic,Second,14.53,1798.0,138.1,5.0,11.75,4.65,16,Toyota,3529.0,0
3951,Maruti SX4 S Cross DDiS 320 Zeta,Mumbai,2016,38000,Diesel,Manual,First,22.7,1598.0,118.0,5.0,11.75,7.85,10,Maruti,3455.0,1
3952,Ford Figo Petrol ZXI,Coimbatore,2011,51928,Petrol,Manual,First,15.6,1196.0,70.0,5.0,11.75,3.46,15,Ford,3246.0,1
3953,Honda Jazz Exclusive CVT,Mumbai,2018,3000,Petrol,Automatic,First,19.0,1199.0,88.7,5.0,10.81,8.25,8,Honda,333.0,1
3954,Maruti Zen LXi - BS III,Pune,2006,67196,Petrol,Manual,First,17.3,993.0,60.0,5.0,11.75,1.25,20,Maruti,3200.0,1
3955,Toyota Fortuner 3.0 Diesel,Bangalore,2012,100000,Diesel,Manual,Third,11.5,2982.0,171.0,7.0,16.0,16.0,14,Toyota,6667.0,0
3956,Maruti Ciaz ZDi Plus,Jaipur,2015,65218,Diesel,Manual,First,26.21,1248.0,88.5,5.0,11.75,7.4,11,Maruti,5435.0,1
3957,Renault KWID RXT,Kochi,2016,53886,Petrol,Manual,First,25.17,799.0,53.3,5.0,11.75,3.07,10,Renault,4899.0,1
3958,Hyundai i10 Magna AT,Coimbatore,2011,50058,Petrol,Automatic,First,19.2,1197.0,80.0,5.0,11.75,3.84,15,Hyundai,3129.0,1
3959,Maruti Celerio ZXI AT Optional,Pune,2016,64000,Petrol,Automatic,First,23.1,998.0,67.04,5.0,11.75,4.2,10,Maruti,5818.0,1
3960,Hyundai Creta 1.4 E Plus Diesel,Kochi,2018,41641,Diesel,Manual,First,21.38,1396.0,88.7,5.0,11.81,10.82,8,Hyundai,4627.0,1
3961,Honda Jazz 1.5 SV i DTEC,Hyderabad,2016,44345,Diesel,Manual,First,27.3,1498.0,98.6,5.0,11.75,6.1,10,Honda,4031.0,1
3962,Honda City 1.5 S MT,Kolkata,2011,45501,Petrol,Manual,First,17.0,1497.0,118.0,5.0,11.75,3.1,15,Honda,2844.0,1
3963,Mitsubishi Lancer 1.5 SFXi,Chennai,2001,104000,Petrol,Manual,Third,13.7,1468.0,85.8,5.0,11.75,1.0,25,Mitsubishi,4000.0,0
3964,Nissan Sunny XE P,Coimbatore,2012,50297,Petrol,Manual,First,16.95,1498.0,97.6,5.0,8.55,4.69,14,Nissan,3353.0,1
3965,Honda Accord 2.4 AT,Mumbai,2011,87000,Petrol,Automatic,First,11.7,2354.0,177.6,5.0,11.75,5.4,15,Honda,5438.0,1
3966,Mahindra XUV500 W8 2WD,Mumbai,2016,120000,Diesel,Manual,First,15.1,2179.0,140.0,7.0,12.0,12.0,10,Mahindra,10909.0,1
3967,Hyundai i20 1.2 Magna Executive,Mumbai,2018,17000,Petrol,Manual,First,18.6,1197.0,81.83,5.0,11.75,6.5,8,Hyundai,1889.0,1
3968,Nissan Micra Diesel XL,Chennai,2014,100000,Diesel,Manual,First,23.08,1461.0,63.1,5.0,11.75,3.0,12,Nissan,7692.0,1
3969,Maruti Ciaz AT ZXi,Kochi,2015,50979,Petrol,Automatic,First,19.12,1373.0,91.1,5.0,11.75,6.9,11,Maruti,4248.0,1
3970,Volkswagen Vento Diesel Trendline,Chennai,2011,41000,Diesel,Manual,First,20.54,1598.0,103.6,5.0,11.75,4.0,15,Volkswagen,2562.0,1
3971,Hyundai i20 Asta,Chennai,2011,24000,Petrol,Manual,First,17.0,1197.0,80.0,5.0,11.75,4.25,15,Hyundai,1500.0,1
3972,Toyota Corolla Altis G,Hyderabad,2008,44738,Petrol,Manual,First,14.53,1798.0,138.1,5.0,11.75,5.1,18,Toyota,2355.0,1
3973,Honda City i DTEC VX,Kolkata,2014,37298,Diesel,Manual,First,25.1,1498.0,98.6,5.0,11.75,4.9,12,Honda,2869.0,1
3974,Maruti Swift VXI BSIV,Pune,2014,42000,Petrol,Manual,Second,20.4,1197.0,81.8,5.0,11.75,3.6,12,Maruti,3231.0,0
3975,Mercedes-Benz E-Class 2009-2013 E250 CDI Elegance,Pune,2016,45000,Diesel,Automatic,First,14.21,2143.0,203.0,5.0,34.0,34.0,10,Mercedes-Benz,4091.0,1
3976,Toyota Innova 2.5 G (Diesel) 7 Seater,Mumbai,2015,102000,Diesel,Manual,First,12.99,2494.0,100.6,7.0,11.75,8.25,11,Toyota,8500.0,1
3977,Maruti Swift Lxi BSIII,Pune,2011,70000,Petrol,Manual,First,16.1,1298.0,88.2,5.0,11.75,1.3,15,Maruti,4375.0,1
3978,Mercedes-Benz New C-Class C 220d Avantgarde Edition C,Coimbatore,2018,27467,Diesel,Automatic,First,19.27,2143.0,167.62,5.0,39.05,39.05,8,Mercedes-Benz,3052.0,1
3979,Hyundai Grand i10 Asta,Kolkata,2015,15305,Petrol,Manual,First,18.9,1197.0,82.0,5.0,11.75,3.75,11,Hyundai,1275.0,1
3980,Maruti Wagon R LXI BS IV,Mumbai,2010,70000,Petrol,Manual,First,18.9,998.0,67.1,5.0,11.75,2.1,16,Maruti,4118.0,1
3981,Ford EcoSport 1.5 TDCi Titanium,Hyderabad,2016,36778,Diesel,Manual,First,22.77,1498.0,98.59,5.0,11.75,8.8,10,Ford,3343.0,1
3982,Volkswagen Polo 1.2 MPI Comfortline,Coimbatore,2015,25845,Petrol,Manual,First,16.47,1198.0,74.0,5.0,11.75,5.84,11,Volkswagen,2154.0,1
3983,Hyundai Verna 1.6 VTVT AT SX,Kochi,2018,33858,Petrol,Automatic,First,17.01,1591.0,121.3,5.0,11.75,9.03,8,Hyundai,3762.0,1
3984,Renault KWID AMT RXL,Ahmedabad,2017,12000,Petrol,Automatic,Second,24.04,999.0,67.0,5.0,11.75,3.25,9,Renault,1200.0,0
3985,Honda Brio S Option AT,Coimbatore,2013,33709,Petrol,Automatic,First,16.5,1198.0,86.8,5.0,11.75,4.9,13,Honda,2408.0,1
3986,Ford Figo Aspire 1.2 Ti-VCT Titanium,Kochi,2018,32709,Petrol,Manual,First,18.16,1196.0,86.8,5.0,11.75,6.46,8,Ford,3634.0,1
3987,Toyota Fortuner 3.0 Diesel,Bangalore,2014,72000,Diesel,Manual,Second,11.5,2982.0,171.0,7.0,18.5,18.5,12,Toyota,5538.0,0
3988,Tata Indigo eCS eLX BS IV,Ahmedabad,2013,31000,Diesel,Manual,First,25.0,1396.0,69.01,5.0,11.75,2.7,13,Tata,2214.0,1
3989,Ford Figo 2015-2019 1.5D Ambiente MT,Chennai,2016,70000,Diesel,Manual,First,25.83,1498.0,99.0,5.0,11.75,4.6,10,Ford,6364.0,1
3990,Maruti Swift Dzire VDI,Jaipur,2014,61000,Diesel,Manual,First,23.4,1248.0,74.0,5.0,11.75,5.35,12,Maruti,4692.0,1
3991,Nissan Micra Diesel XV Primo,Pune,2011,72000,Diesel,Manual,First,23.08,1461.0,63.1,5.0,11.75,2.3,15,Nissan,4500.0,1
3992,Skoda Octavia Style Plus 2.0 TDI AT,Delhi,2016,49000,Diesel,Automatic,First,19.3,1968.0,141.0,5.0,15.45,15.45,10,Skoda,4455.0,1
3993,Volkswagen Jetta 2013-2015 2.0L TDI Highline AT,Hyderabad,2014,42939,Diesel,Automatic,First,16.96,1968.0,138.03,5.0,12.49,12.49,12,Volkswagen,3303.0,1
3994,Audi Q7 35 TDI Quattro Technology,Coimbatore,2016,32545,Diesel,Automatic,First,12.07,2967.0,241.4,7.0,48.76,48.76,10,Audi,2959.0,1
3995,Hyundai i20 1.2 Sportz,Pune,2011,54000,Petrol,Manual,First,17.0,1197.0,80.0,5.0,11.75,3.2,15,Hyundai,3375.0,1
3996,BMW 3 Series 320d Corporate Edition,Delhi,2012,76000,Diesel,Automatic,First,16.07,1995.0,181.0,4.0,11.75,8.75,14,BMW,5067.0,1
3997,Hyundai i20 Active 1.4 SX Dual Tone,Kolkata,2015,27000,Diesel,Manual,First,21.19,1396.0,88.73,5.0,11.75,5.99,11,Hyundai,2250.0,1
3998,Mahindra Scorpio 2.6 DX,Chennai,2005,120000,Diesel,Manual,Second,12.7,2609.0,116.6,8.0,11.75,2.9,21,Mahindra,5455.0,0
4000,Ford Figo Diesel EXI,Kolkata,2011,37000,Diesel,Manual,First,20.0,1399.0,68.05,5.0,11.75,1.8,15,Ford,2312.0,1
4001,Honda Accord 2.4 Inspire M/T,Mumbai,2012,42000,Petrol,Manual,First,9.8,2354.0,180.0,5.0,11.75,6.25,14,Honda,2800.0,1
4002,Hyundai i20 Sportz 1.4 CRDi,Bangalore,2013,60000,Diesel,Manual,First,21.9,1396.0,88.76,5.0,11.75,5.45,13,Hyundai,4286.0,1
4003,Jaguar XF 2.2 Litre Luxury,Mumbai,2018,3000,Diesel,Automatic,First,16.36,2179.0,187.7,5.0,52.5,52.5,8,Jaguar,333.0,1
4004,Hyundai Verna 1.6 SX VTVT (O) AT,Mumbai,2013,44000,Petrol,Automatic,First,17.1,1591.0,121.4,5.0,11.75,5.6,13,Hyundai,3143.0,1
4005,Honda City i VTEC VX Option,Kolkata,2014,37000,Petrol,Manual,First,17.4,1497.0,117.3,5.0,11.75,6.45,12,Honda,2846.0,1
4006,Hyundai i20 Asta Optional with Sunroof 1.2,Mumbai,2012,50000,Petrol,Manual,First,18.5,1197.0,82.85,5.0,11.75,3.7,14,Hyundai,3333.0,1
4007,Honda Brio S MT,Chennai,2013,58581,Petrol,Manual,First,19.4,1198.0,86.8,5.0,11.75,3.49,13,Honda,4184.0,1
4008,Hyundai i20 Sportz 1.4 CRDi,Kolkata,2013,25500,Diesel,Manual,First,21.9,1396.0,88.76,5.0,11.75,3.55,13,Hyundai,1821.0,1
4009,Maruti Grand Vitara 2.4 MT,Mumbai,2017,25000,Petrol,Manual,First,10.4,2393.0,163.5,5.0,11.75,9.0,9,Maruti,2500.0,1
4010,Maruti A-Star Vxi,Hyderabad,2011,53766,Petrol,Manual,First,19.0,998.0,66.1,5.0,11.75,2.7,15,Maruti,3360.0,1
4011,Fiat Punto 1.3 Emotion,Pune,2011,45271,Diesel,Manual,First,20.3,1497.0,98.6,5.0,11.75,2.6,15,Fiat,2829.0,1
4012,Maruti Alto LXi,Chennai,2006,68000,Petrol,Manual,First,19.7,796.0,46.3,5.0,11.75,1.5,20,Maruti,3238.0,1
4013,Mahindra XUV500 W10 2WD,Jaipur,2017,40000,Diesel,Manual,First,16.0,2179.0,140.0,7.0,15.9,15.9,9,Mahindra,4000.0,1
4014,Maruti Swift RS VDI,Hyderabad,2013,73212,Diesel,Manual,First,22.9,1248.0,74.0,5.0,11.75,5.2,13,Maruti,5229.0,1
4015,BMW X1 sDrive20d,Mumbai,2014,69000,Diesel,Automatic,First,17.05,1995.0,184.0,5.0,16.25,16.25,12,BMW,5308.0,1
4016,Volkswagen Passat 2.0 PD DSG,Mumbai,2007,61932,Diesel,Automatic,Second,14.3,1968.0,140.0,5.0,11.75,3.31,19,Volkswagen,3097.0,0
4017,BMW X3 xDrive20d,Bangalore,2012,52000,Diesel,Automatic,First,16.09,1995.0,184.0,5.0,24.0,24.0,14,BMW,3467.0,1
4018,Maruti Ritz VXi,Kolkata,2011,150000,Petrol,Manual,First,18.5,1197.0,85.8,5.0,11.75,2.5,15,Maruti,9375.0,1
4019,Hyundai i20 Sportz 1.4 CRDi,Jaipur,2013,70933,Diesel,Manual,Second,21.9,1396.0,88.76,5.0,11.75,3.9,13,Hyundai,5067.0,0
4020,Maruti Swift VDI BSIV,Kolkata,2013,115195,Diesel,Manual,First,25.2,1248.0,74.0,5.0,11.75,3.85,13,Maruti,8228.0,1
4021,Mercedes-Benz New C-Class 200 Kompressor,Delhi,2011,62148,Petrol,Manual,First,11.7,1796.0,178.0,5.0,11.75,8.8,15,Mercedes-Benz,3884.0,1
4022,Toyota Corolla Altis 1.8 GL,Chennai,2009,32000,Petrol,Manual,Second,14.28,1798.0,138.03,5.0,22.66,4.95,17,Toyota,1778.0,0
4023,Hyundai Verna 1.6 SX CRDi (O),Kolkata,2014,58000,Diesel,Manual,First,22.32,1582.0,126.32,5.0,11.75,5.75,12,Hyundai,4462.0,1
4024,Renault Duster 110PS Diesel RxZ,Kochi,2014,68598,Diesel,Manual,First,19.01,1461.0,108.45,5.0,15.01,6.17,12,Renault,5277.0,1
4025,Maruti Swift Ldi BSIII,Chennai,2010,84072,Diesel,Manual,First,17.8,1248.0,75.0,5.0,11.75,3.45,16,Maruti,4945.0,1
4026,Maruti Alto K10 VXI,Jaipur,2016,51264,Petrol,Manual,First,24.07,998.0,67.1,5.0,4.24,3.2,10,Maruti,4660.0,1
4027,Hyundai Creta 1.6 SX Plus Petrol Automatic,Coimbatore,2017,21363,Petrol,Automatic,First,13.0,1591.0,121.3,5.0,13.49,13.49,9,Hyundai,2136.0,1
4028,Mercedes-Benz CLA 200 CGI Sport,Delhi,2016,40000,Petrol,Automatic,First,15.04,1991.0,183.0,5.0,41.02,24.5,10,Mercedes-Benz,3636.0,1
4029,Honda CR-V 2.4 4WD AT,Kolkata,2015,35000,Petrol,Automatic,First,10.1,2354.0,152.0,5.0,14.7,14.7,11,Honda,2917.0,1
4030,Ford Ecosport 1.5 DV5 MT Trend,Hyderabad,2014,55000,Diesel,Manual,First,22.7,1498.0,89.84,5.0,11.75,6.0,12,Ford,4231.0,1
4031,Mercedes-Benz E-Class 2015-2017 E250 CDI Avantgarde,Coimbatore,2016,43252,Diesel,Automatic,First,13.0,2143.0,204.0,5.0,34.18,34.18,10,Mercedes-Benz,3932.0,1
4032,Hyundai Grand i10 CRDi Magna,Delhi,2014,42000,Diesel,Manual,First,24.0,1120.0,70.0,5.0,11.75,3.5,12,Hyundai,3231.0,1
4033,Ford Fiesta 1.4 Duratec ZXI,Hyderabad,2006,69000,Petrol,Manual,First,16.6,1388.0,68.0,5.0,11.75,2.15,20,Ford,3286.0,1
4034,Hyundai Creta 1.6 SX Automatic Diesel,Kolkata,2018,14000,Diesel,Automatic,First,17.6,1582.0,126.2,5.0,17.0,11.25,8,Hyundai,1556.0,1
4035,Maruti A-Star Lxi,Delhi,2010,70000,Petrol,Manual,First,19.0,998.0,66.1,5.0,11.75,2.0,16,Maruti,4118.0,1
4036,Maruti Ritz LDi,Kochi,2015,35314,Diesel,Manual,First,23.2,1248.0,73.94,5.0,11.75,4.27,11,Maruti,2943.0,1
4037,Honda City i VTEC SV,Kochi,2017,38691,Petrol,Manual,First,17.8,1497.0,117.3,5.0,11.75,7.68,9,Honda,3869.0,1
4038,Toyota Innova 2.5 GX (Diesel) 7 Seater,Coimbatore,2017,72717,Diesel,Manual,First,12.99,2494.0,100.6,7.0,14.52,14.52,9,Toyota,7272.0,1
4039,Mercedes-Benz R-Class R350 4Matic Long,Mumbai,2011,82000,Petrol,Automatic,Second,11.8,3498.0,272.0,7.0,16.85,16.85,15,Mercedes-Benz,5125.0,0
4040,Skoda Rapid 1.5 TDI Elegance,Mumbai,2015,44000,Diesel,Manual,First,21.14,1498.0,103.52,5.0,11.75,5.75,11,Skoda,3667.0,1
4041,Ford Ecosport 1.5 Ti VCT MT Titanium,Mumbai,2017,27000,Petrol,Manual,First,15.8,1499.0,110.0,5.0,11.75,8.3,9,Ford,2700.0,1
4042,Maruti Celerio VXI AT,Chennai,2014,18500,Petrol,Automatic,First,23.1,998.0,67.04,5.0,11.75,3.95,12,Maruti,1423.0,1
4043,Volkswagen Vento Petrol Highline,Mumbai,2014,45000,Petrol,Manual,First,15.04,1598.0,103.6,5.0,11.75,4.8,12,Volkswagen,3462.0,1
4044,Volvo XC60 D5,Ahmedabad,2011,173000,Diesel,Automatic,First,13.5,2400.0,215.0,5.0,12.0,12.0,15,Volvo,10812.0,1
4045,Toyota Etios Cross 1.4 GD,Ahmedabad,2017,42000,Diesel,Manual,First,23.59,1364.0,67.04,5.0,11.75,6.25,9,Toyota,4200.0,1
4046,Tata Indica Vista TDI LX,Jaipur,2012,90000,Diesel,Manual,First,19.4,1405.0,70.0,5.0,11.75,2.5,14,Tata,6000.0,1
4047,Honda City i VTEC CVT VX,Pune,2014,82329,Petrol,Automatic,First,18.0,1497.0,117.3,5.0,11.75,7.5,12,Honda,6333.0,1
4048,Honda City 1.5 V MT,Delhi,2010,80302,Petrol,Manual,First,17.0,1497.0,118.0,5.0,11.75,3.5,16,Honda,4724.0,1
4049,Skoda Octavia Rider Classic 1.9 TDI,Hyderabad,2005,105000,Diesel,Manual,First,18.7,1896.0,66.0,5.0,11.75,1.99,21,Skoda,4773.0,1
4050,Toyota Corolla 1.8 J,Kolkata,2009,60000,Petrol,Manual,First,14.53,1798.0,138.0,5.0,11.75,2.25,17,Toyota,3333.0,1
4051,Toyota Etios G,Delhi,2014,70000,Petrol,Manual,First,16.78,1496.0,88.73,5.0,11.75,3.25,12,Toyota,5385.0,1
4052,BMW X1 sDrive20d,Bangalore,2016,45000,Diesel,Automatic,First,17.05,1995.0,184.0,5.0,28.5,28.5,10,BMW,4091.0,1
4053,Honda City ZX CVT,Kolkata,2006,44000,Petrol,Automatic,First,16.4,1497.0,78.0,5.0,11.75,1.5,20,Honda,2095.0,1
4054,Hyundai i20 Sportz 1.4 CRDi,Delhi,2017,25500,Diesel,Manual,First,22.54,1396.0,88.73,5.0,11.75,7.0,9,Hyundai,2550.0,1
4055,Mercedes-Benz E-Class E350 CDI,Delhi,2014,68000,Diesel,Automatic,First,13.0,2987.0,261.5,5.0,27.5,27.5,12,Mercedes-Benz,5231.0,1
4056,Hyundai Creta 1.6 CRDi SX Option,Ahmedabad,2015,61786,Diesel,Manual,First,19.67,1582.0,126.2,5.0,11.75,10.5,11,Hyundai,5149.0,1
4057,Audi Q3 2012-2015 2.0 TDI Quattro Premium Plus,Jaipur,2014,65000,Diesel,Automatic,Second,15.73,1968.0,174.33,5.0,21.5,21.5,12,Audi,5000.0,0
4058,Land Rover Discovery Sport TD4 HSE,Delhi,2016,77000,Diesel,Automatic,First,12.63,2179.0,147.5,5.0,35.0,35.0,10,Land,7000.0,1
4059,Skoda Rapid 1.5 TDI AT Elegance Plus,Hyderabad,2015,34000,Diesel,Automatic,First,21.66,1498.0,103.52,5.0,11.75,7.99,11,Skoda,2833.0,1
4060,Maruti Celerio VXI AT,Coimbatore,2015,59751,Petrol,Automatic,First,23.1,998.0,67.04,5.0,11.75,4.88,11,Maruti,4979.0,1
4061,Audi RS5 Coupe,Mumbai,2013,23312,Petrol,Automatic,First,11.05,2894.0,444.0,4.0,128.0,40.5,13,Audi,1665.0,1
4062,Maruti Ciaz ZXi Plus,Mumbai,2015,30000,Petrol,Manual,First,20.73,1373.0,91.1,5.0,11.75,6.55,11,Maruti,2500.0,1
4063,Audi Q5 2.0 TDI Premium Plus,Coimbatore,2015,60146,Diesel,Automatic,First,14.16,1968.0,174.3,5.0,29.64,29.64,11,Audi,5012.0,1
4064,Ford Figo Diesel Titanium,Coimbatore,2013,44731,Diesel,Manual,Second,20.0,1399.0,68.0,5.0,11.75,4.34,13,Ford,3195.0,0
4065,Ford Ecosport 1.0 Ecoboost Titanium,Kochi,2014,43316,Petrol,Manual,First,18.88,999.0,123.37,5.0,11.75,6.22,12,Ford,3332.0,1
4066,Honda City 1.5 S MT,Delhi,2009,92000,Petrol,Manual,Second,17.0,1497.0,118.0,5.0,11.75,2.25,17,Honda,5111.0,0
4067,Jaguar XF 2.2 Litre Luxury,Hyderabad,2015,50000,Diesel,Automatic,First,16.36,2179.0,187.7,5.0,38.0,38.0,11,Jaguar,4167.0,1
4068,Maruti Swift VXI BSIV,Mumbai,2008,69000,Petrol,Manual,Second,20.4,1197.0,81.8,5.0,11.75,2.15,18,Maruti,3632.0,0
4069,BMW 5 Series 520d Luxury Line,Coimbatore,2014,60280,Diesel,Automatic,First,22.48,1995.0,190.0,5.0,63.71,22.45,12,BMW,4637.0,1
4070,Mercedes-Benz B Class B200 CDI,Coimbatore,2017,48161,Diesel,Automatic,First,15.0,2143.0,107.3,5.0,20.87,20.87,9,Mercedes-Benz,4816.0,1
4071,Honda Brio S MT,Mumbai,2013,41000,Petrol,Manual,First,19.4,1198.0,86.8,5.0,11.75,3.1,13,Honda,2929.0,1
4072,Hyundai i20 Sportz 1.2,Mumbai,2016,6000,Petrol,Manual,First,18.6,1197.0,81.83,5.0,11.75,5.95,10,Hyundai,545.0,1
4073,Tata Indica V2 DLG TC,Mumbai,2006,133000,Diesel,Manual,Second,16.8,1405.0,68.0,5.0,11.75,0.86,20,Tata,6333.0,0
4074,Toyota Fortuner 3.0 Diesel,Delhi,2010,76000,Diesel,Manual,First,11.5,2982.0,171.0,7.0,11.75,9.25,16,Toyota,4471.0,1
4075,Hyundai i10 Sportz 1.1L,Mumbai,2011,15590,Petrol,Manual,First,19.81,1086.0,68.05,5.0,11.75,2.25,15,Hyundai,974.0,1
4076,Hyundai i20 1.2 Sportz Option,Kochi,2016,69681,Petrol,Manual,First,17.0,1197.0,80.0,5.0,11.75,6.13,10,Hyundai,6335.0,1
4078,Honda Amaze S AT i-Vtech,Pune,2014,49112,Petrol,Automatic,Second,15.5,1198.0,86.7,5.0,11.75,3.79,12,Honda,3778.0,0
4079,Land Rover Range Rover 3.0 Diesel LWB Vogue,Hyderabad,2017,25000,Diesel,Automatic,First,13.33,2993.0,255.0,5.0,229.99999999999997,160.0,9,Land,2500.0,1
4081,Hyundai i10 Sportz 1.2 AT,Pune,2013,15200,Petrol,Automatic,Second,16.95,1197.0,78.9,5.0,11.75,3.85,13,Hyundai,1086.0,0
4082,Volkswagen Polo Diesel Trendline 1.2L,Hyderabad,2013,86300,Diesel,Manual,First,22.07,1199.0,73.9,5.0,11.75,4.5,13,Volkswagen,6164.0,1
4083,Maruti Baleno RS Petrol,Coimbatore,2018,26731,Petrol,Manual,First,21.1,998.0,100.0,5.0,10.89,8.61,8,Maruti,2970.0,1
4084,Hyundai i20 Sportz 1.4 CRDi,Ahmedabad,2016,74000,Diesel,Manual,First,21.9,1396.0,88.76,5.0,11.75,6.5,10,Hyundai,6727.0,1
4085,Toyota Corolla H4,Chennai,2005,83929,Petrol,Automatic,First,11.3,1794.0,125.0,5.0,11.75,2.6,21,Toyota,3815.0,1
4086,Toyota Innova 2.5 VX (Diesel) 7 Seater,Pune,2015,65000,Diesel,Manual,First,12.99,2494.0,100.6,7.0,15.0,15.0,11,Toyota,5417.0,1
4087,Maruti Celerio VXI AT Optional,Pune,2017,20000,Petrol,Automatic,First,23.1,998.0,67.04,5.0,11.75,4.7,9,Maruti,2000.0,1
4088,Skoda Octavia Elegance 2.0 TDI AT,Hyderabad,2015,122086,Diesel,Automatic,First,19.3,1968.0,141.0,5.0,12.99,12.99,11,Skoda,10174.0,1
4089,Honda Mobilio S i VTEC,Kochi,2018,35442,Petrol,Manual,First,17.3,1497.0,117.3,7.0,11.75,7.32,8,Honda,3938.0,1
4090,Hyundai Verna 1.6 CRDi SX,Delhi,2015,62542,Diesel,Manual,Second,23.9,1582.0,126.2,5.0,11.75,6.5,11,Hyundai,5212.0,0
4091,Honda City 1.5 S MT,Coimbatore,2012,26671,Petrol,Manual,Second,17.0,1497.0,118.0,5.0,11.75,5.67,14,Honda,1778.0,0
4092,Ford Classic 1.4 Duratorq Titanium,Chennai,2014,83500,Diesel,Manual,Second,19.68,1399.0,67.0,5.0,11.75,3.0,12,Ford,6423.0,0
4093,Maruti Ciaz ZDi,Delhi,2015,46166,Diesel,Manual,Second,26.21,1248.0,88.5,5.0,11.75,5.5,11,Maruti,3847.0,0
4094,Maruti Wagon R VXI BS IV,Pune,2015,25200,Petrol,Manual,First,18.9,998.0,67.1,5.0,11.75,3.35,11,Maruti,2100.0,1
4095,Audi A4 3.0 TDI Quattro,Coimbatore,2015,35463,Diesel,Automatic,First,14.94,2967.0,241.4,5.0,25.02,25.02,11,Audi,2955.0,1
4096,Toyota Camry Hybrid 2.5,Coimbatore,2017,23249,Petrol,Automatic,First,19.16,2487.0,175.67,5.0,40.62,26.11,9,Toyota,2325.0,1
4097,Hyundai i20 Asta 1.2,Coimbatore,2016,40310,Petrol,Manual,First,18.6,1197.0,81.83,5.0,11.75,7.09,10,Hyundai,3665.0,1
4099,Hyundai Grand i10 1.2 Kappa Asta,Delhi,2018,10000,Petrol,Manual,First,18.9,1197.0,81.86,5.0,7.54,6.5,8,Hyundai,1111.0,1
4100,Volkswagen Polo Diesel Trendline 1.2L,Chennai,2012,94000,Diesel,Manual,First,22.07,1199.0,73.9,5.0,11.75,4.5,14,Volkswagen,6267.0,1
4101,BMW X5 xDrive 30d M Sport,Chennai,2016,45000,Diesel,Automatic,First,15.97,2993.0,258.0,5.0,57.0,57.0,10,BMW,4091.0,1
4102,Volkswagen Polo Petrol Comfortline 1.2L,Kochi,2012,52818,Petrol,Manual,First,16.47,1198.0,73.9,5.0,11.75,3.82,14,Volkswagen,3521.0,1
4103,Renault Duster 85PS Diesel RxE,Jaipur,2013,61238,Diesel,Manual,First,20.45,1461.0,83.8,5.0,11.27,5.25,13,Renault,4374.0,1
4104,Skoda Superb Style 1.8 TSI AT,Coimbatore,2016,54253,Petrol,Automatic,First,14.67,1798.0,177.46,5.0,30.19,16.81,10,Skoda,4932.0,1
4105,Audi Q5 2.0 TDI,Delhi,2013,71000,Diesel,Automatic,First,14.16,1968.0,174.3,5.0,21.5,21.5,13,Audi,5071.0,1
4106,Maruti Baleno Delta 1.3,Hyderabad,2017,20000,Diesel,Manual,First,27.39,1248.0,74.0,5.0,11.75,8.5,9,Maruti,2000.0,1
4107,Volkswagen Polo Petrol Comfortline 1.2L,Delhi,2013,75000,Petrol,Manual,First,16.47,1198.0,73.9,5.0,11.75,3.25,13,Volkswagen,5357.0,1
4108,Mitsubishi Pajero Sport 4X4 AT,Coimbatore,2019,11827,Diesel,Automatic,First,13.5,2477.0,175.56,6.0,27.11,27.11,7,Mitsubishi,1478.0,1
4109,Maruti Ciaz VXi Plus,Mumbai,2015,51579,Petrol,Manual,First,20.73,1373.0,91.1,5.0,11.75,5.95,11,Maruti,4298.0,1
4110,Renault Duster 85PS Diesel RxL Option,Kochi,2015,65178,Diesel,Manual,First,19.87,1461.0,83.8,5.0,11.75,6.79,11,Renault,5432.0,1
4111,Hyundai EON D Lite Plus Option,Mumbai,2016,25350,Petrol,Manual,First,21.1,814.0,55.2,5.0,11.75,2.55,10,Hyundai,2305.0,1
4112,Honda CR-V 2.4 MT,Pune,2008,92000,Petrol,Manual,Second,10.8,2354.0,152.0,5.0,11.75,3.7,18,Honda,4842.0,0
4113,Hyundai Verna 1.6 SX VTVT,Bangalore,2014,45000,Petrol,Manual,Second,17.01,1591.0,121.3,5.0,11.75,6.75,12,Hyundai,3462.0,0
4114,Toyota Corolla Altis JS MT,Kolkata,2015,46000,Petrol,Manual,First,14.28,1798.0,138.03,5.0,11.75,6.95,11,Toyota,3833.0,1
4115,Maruti SX4 ZXI MT BSIV,Kochi,2011,79940,Petrol,Manual,First,15.5,1586.0,103.3,5.0,11.75,2.78,15,Maruti,4996.0,1
4116,Volkswagen Polo Petrol Comfortline 1.2L,Coimbatore,2016,28851,Petrol,Manual,First,16.47,1198.0,73.9,5.0,11.75,6.18,10,Volkswagen,2623.0,1
4117,Audi Q5 30 TDI quattro Premium Plus,Bangalore,2015,63000,Diesel,Automatic,First,14.16,1968.0,174.3,5.0,36.0,36.0,11,Audi,5250.0,1
4118,Honda City 1.5 V MT,Coimbatore,2012,77283,Petrol,Manual,First,17.0,1497.0,118.0,5.0,11.75,5.81,14,Honda,5152.0,1
4119,Maruti Wagon R VXI,Pune,2014,38958,Petrol,Manual,First,22.5,998.0,67.04,5.0,5.56,3.41,12,Maruti,2997.0,1
4120,Mitsubishi Pajero Sport 4X4 AT,Bangalore,2018,8900,Diesel,Automatic,First,13.5,2477.0,175.56,6.0,26.5,26.5,8,Mitsubishi,989.0,1
4121,Skoda Octavia Elegance 1.8 TSI AT,Hyderabad,2015,38000,Petrol,Automatic,First,14.7,1798.0,177.5,5.0,16.0,16.0,11,Skoda,3167.0,1
4122,Hyundai Creta 1.6 CRDi SX Option,Kochi,2017,44887,Diesel,Manual,First,19.67,1582.0,126.2,5.0,12.13,12.13,9,Hyundai,4489.0,1
4123,Maruti Alto LXi BSIII,Hyderabad,2009,85000,Petrol,Manual,Second,19.7,796.0,46.3,5.0,11.75,1.8,17,Maruti,4722.0,0
4124,Honda City V MT,Pune,2013,100000,Petrol,Manual,First,16.8,1497.0,116.3,5.0,11.75,6.25,13,Honda,7143.0,1
4125,Datsun redi-GO S,Chennai,2016,26239,Petrol,Manual,First,22.7,799.0,53.0,5.0,4.43,2.75,10,Datsun,2385.0,1
4126,Skoda Yeti Ambition 4WD,Pune,2011,97000,Diesel,Manual,First,17.67,1968.0,138.08,5.0,11.75,6.0,15,Skoda,6062.0,1
4127,Mercedes-Benz B Class B180,Delhi,2013,28000,Petrol,Automatic,First,14.8,1595.0,120.7,5.0,11.75,11.56,13,Mercedes-Benz,2000.0,1
4128,Volkswagen Polo GT TSI,Mumbai,2014,20364,Petrol,Automatic,Second,17.21,1197.0,103.6,5.0,11.26,5.2,12,Volkswagen,1566.0,0
4129,Ford EcoSport 1.5 TDCi Titanium,Coimbatore,2014,64637,Diesel,Manual,First,22.77,1498.0,98.59,5.0,11.75,7.52,12,Ford,4972.0,1
4130,Hyundai Creta 1.6 SX Plus Dual Tone Petrol,Coimbatore,2017,15731,Petrol,Manual,First,15.29,1591.0,121.3,5.0,12.49,12.49,9,Hyundai,1573.0,1
4131,Toyota Fortuner 2.8 2WD MT,Coimbatore,2019,56251,Diesel,Manual,First,14.24,2755.0,174.5,7.0,37.17,35.82,7,Toyota,7031.0,1
4132,Maruti Swift Dzire ZXI,Chennai,2017,28000,Petrol,Manual,First,20.85,1197.0,83.14,5.0,11.75,6.25,9,Maruti,2800.0,1
4133,Hyundai i20 1.2 Asta with AVN,Coimbatore,2015,20045,Petrol,Manual,First,17.0,1197.0,80.0,5.0,11.75,6.22,11,Hyundai,1670.0,1
4134,Honda BR-V i-VTEC S MT,Bangalore,2016,34004,Petrol,Manual,First,15.4,1497.0,117.3,7.0,12.9,8.02,10,Honda,3091.0,1
4135,Maruti Celerio ZXI,Mumbai,2014,21000,Petrol,Manual,First,23.1,998.0,67.04,5.0,11.75,3.75,12,Maruti,1615.0,1
4136,Mercedes-Benz E-Class 2009-2013 E350 Petrol,Mumbai,2009,68001,Petrol,Automatic,Second,10.93,3498.0,272.0,5.0,11.75,11.75,17,Mercedes-Benz,3778.0,0
4137,Hyundai i10 Magna 1.2 iTech SE,Kolkata,2012,31000,Petrol,Manual,First,20.36,1197.0,78.9,5.0,11.75,2.25,14,Hyundai,2067.0,1
4138,Toyota Etios Liva V,Mumbai,2013,8950,Petrol,Manual,First,17.71,1197.0,78.9,5.0,11.75,3.55,13,Toyota,639.0,1
4139,Mercedes-Benz E-Class 2015-2017 E250 Edition E,Coimbatore,2017,43477,Diesel,Automatic,First,15.0,2143.0,204.0,5.0,38.15,38.15,9,Mercedes-Benz,4348.0,1
4140,Hyundai EON D Lite Plus,Ahmedabad,2015,20000,Petrol,Manual,First,21.1,814.0,55.2,5.0,11.75,2.66,11,Hyundai,1667.0,1
4142,Honda City 1.5 S MT,Bangalore,2011,60000,Petrol,Manual,First,17.0,1497.0,118.0,5.0,11.75,4.95,15,Honda,3750.0,1
4143,Mercedes-Benz S-Class 280 AT,Chennai,2003,111000,Petrol,Automatic,First,13.0,2987.0,210.0,5.0,11.75,6.5,23,Mercedes-Benz,4625.0,1
4144,Tata Indigo CS eVX,Pune,2016,52000,Diesel,Manual,Second,25.0,1396.0,69.01,5.0,11.75,2.4,10,Tata,4727.0,0
4145,Hyundai Creta 1.6 VTVT S,Pune,2016,26000,Petrol,Manual,First,15.29,1591.0,121.3,5.0,12.5,12.5,10,Hyundai,2364.0,1
4146,Maruti Wagon R LXI BS IV,Pune,2013,32425,Petrol,Manual,First,20.51,998.0,67.04,5.0,11.75,3.0,13,Maruti,2316.0,1
4147,Maruti Dzire VDI,Kochi,2017,54758,Diesel,Manual,First,28.4,1248.0,73.75,5.0,8.58,6.67,9,Maruti,5476.0,1
4148,Ford Ikon 1.3 Flair,Coimbatore,2008,59833,Petrol,Manual,Fourth & Above,13.8,1299.0,70.0,5.0,11.75,1.97,18,Ford,3149.0,0
4149,Volkswagen Polo Petrol Comfortline 1.2L,Kolkata,2013,30000,Petrol,Manual,First,16.47,1198.0,73.9,5.0,11.75,2.8,13,Volkswagen,2143.0,1
4150,Hyundai i10 Magna 1.2,Jaipur,2011,40496,Petrol,Manual,First,20.36,1197.0,78.9,5.0,11.75,2.65,15,Hyundai,2531.0,1
4151,Chevrolet Enjoy 1.3 TCDi LTZ 8,Chennai,2014,45000,Diesel,Manual,First,18.2,1248.0,73.74,8.0,11.75,4.75,12,Chevrolet,3462.0,1
4152,Land Rover Range Rover 3.0 D,Mumbai,2003,75000,Diesel,Automatic,Second,0.0,1497.0,98.6,5.0,16.11,16.11,23,Land,3125.0,0
4153,Mercedes-Benz E-Class 200 Kompressor Elegance,Bangalore,2011,34000,Petrol,Automatic,Second,10.5,1796.0,157.7,5.0,19.0,19.0,15,Mercedes-Benz,2125.0,0
4154,Maruti Swift Vdi BSIII,Bangalore,2012,62000,Diesel,Manual,First,17.8,1248.0,75.0,5.0,11.75,4.5,14,Maruti,4133.0,1
4155,Mahindra XUV500 W8 4WD,Hyderabad,2012,123600,Diesel,Manual,First,15.1,2179.0,140.0,7.0,11.75,8.25,14,Mahindra,8240.0,1
4156,Toyota Etios Liva G,Pune,2014,80102,Petrol,Manual,First,17.71,1197.0,78.9,5.0,11.75,3.5,12,Toyota,6162.0,1
4157,Mahindra XUV500 W8 4WD,Pune,2013,55000,Diesel,Manual,First,15.1,2179.0,140.0,7.0,11.75,8.5,13,Mahindra,3929.0,1
4158,Hyundai Creta 1.6 VTVT S,Hyderabad,2015,48200,Petrol,Manual,First,15.29,1591.0,121.3,5.0,11.75,9.0,11,Hyundai,4017.0,1
4159,Honda City i DTEC SV,Hyderabad,2014,90000,Diesel,Manual,First,26.0,1498.0,98.6,5.0,11.75,6.75,12,Honda,6923.0,1
4160,Maruti Swift Dzire VDi,Hyderabad,2014,123900,Diesel,Manual,First,19.3,1248.0,73.9,5.0,11.75,5.4,12,Maruti,9531.0,1
4161,Maruti Wagon R LXI BS IV,Delhi,2015,13008,Petrol,Manual,First,20.51,998.0,67.04,5.0,11.75,3.5,11,Maruti,1084.0,1
4162,Hyundai EON Era Plus,Hyderabad,2012,60500,Petrol,Manual,First,21.1,814.0,55.2,5.0,11.75,2.6,14,Hyundai,4033.0,1
4163,Toyota Innova Crysta 2.8 ZX AT,Bangalore,2017,53841,Diesel,Automatic,First,11.36,2755.0,171.5,7.0,28.05,20.5,9,Toyota,5384.0,1
4164,Hyundai Creta 1.6 SX Option,Kochi,2017,47183,Petrol,Manual,Second,15.8,1591.0,121.3,5.0,15.86,11.31,9,Hyundai,4718.0,0
4165,Maruti Wagon R VXI Plus,Kolkata,2018,10000,Petrol,Manual,First,20.51,998.0,67.04,5.0,11.75,4.5,8,Maruti,1111.0,1
4166,Mercedes-Benz GL-Class 350 CDI Blue Efficiency,Chennai,2015,45000,Diesel,Automatic,First,11.3,2987.0,254.8,7.0,56.0,56.0,11,Mercedes-Benz,3750.0,1
4167,Maruti Celerio VXI,Kochi,2017,3923,Petrol,Manual,First,23.1,998.0,67.04,5.0,11.75,5.2,9,Maruti,392.0,1
4168,Mahindra Scorpio SLE BSIV,Delhi,2011,85000,Diesel,Manual,First,12.05,2179.0,120.0,8.0,11.75,5.25,15,Mahindra,5312.0,1
4169,Datsun redi-GO T Option,Kochi,2018,6279,Petrol,Manual,First,22.7,799.0,53.64,5.0,4.05,3.6,8,Datsun,698.0,1
4170,Fiat Grande Punto EVO 1.3 Active,Pune,2014,74500,Diesel,Manual,First,21.2,1248.0,75.0,5.0,11.75,3.3,12,Fiat,5731.0,1
4171,Hyundai Elantra CRDi SX,Kolkata,2013,42000,Diesel,Manual,First,22.7,1582.0,126.24,5.0,11.75,5.85,13,Hyundai,3000.0,1
4172,Maruti Swift Dzire LXI,Delhi,2014,56510,Petrol,Manual,First,19.1,1197.0,85.8,5.0,11.75,3.9,12,Maruti,4347.0,1
4173,Audi A4 2.0 TDI Multitronic,Delhi,2009,88000,Diesel,Automatic,First,16.55,1968.0,140.0,5.0,11.75,7.98,17,Audi,4889.0,1
4174,Honda Brio VX AT,Mumbai,2014,36631,Petrol,Automatic,First,16.5,1198.0,86.8,5.0,11.75,4.3,12,Honda,2818.0,1
4175,Maruti Wagon R LXI BS IV,Kolkata,2011,34000,Petrol,Manual,First,18.9,998.0,67.1,5.0,11.75,2.25,15,Maruti,2125.0,1
4176,Hyundai i10 Magna 1.1,Ahmedabad,2013,49000,Petrol,Manual,First,19.81,1086.0,68.05,5.0,11.75,3.2,13,Hyundai,3500.0,1
4177,Hyundai Verna 1.6 SX,Hyderabad,2012,65254,Diesel,Manual,First,22.32,1582.0,126.32,5.0,11.75,6.55,14,Hyundai,4350.0,1
4178,Hyundai Verna 1.6 SX,Bangalore,2014,95000,Diesel,Manual,Second,22.32,1582.0,126.32,5.0,11.75,6.9,12,Hyundai,7308.0,0
4179,Maruti Ritz VDi,Chennai,2009,83000,Diesel,Manual,First,23.2,1248.0,73.94,5.0,11.75,2.95,17,Maruti,4611.0,1
4180,Hyundai Creta 1.6 SX Option Diesel,Coimbatore,2017,101065,Diesel,Manual,First,20.5,1582.0,126.2,5.0,19.18,11.45,9,Hyundai,10106.0,1
4181,Maruti Baleno Delta,Kochi,2017,15134,Petrol,Manual,First,21.4,1197.0,83.1,5.0,7.36,6.37,9,Maruti,1513.0,1
4182,Hyundai Verna 1.6 CRDI,Jaipur,2011,72000,Diesel,Manual,First,22.32,1582.0,126.3,5.0,11.75,5.0,15,Hyundai,4500.0,1
4183,Tata Indica Vista Quadrajet VX,Chennai,2012,120000,Diesel,Manual,Second,22.3,1248.0,74.0,5.0,11.75,2.6,14,Tata,8000.0,0
4184,Hyundai i20 1.2 Magna,Kolkata,2010,45000,Petrol,Manual,First,18.5,1197.0,80.0,5.0,11.75,1.9,16,Hyundai,2647.0,1
4185,Porsche Panamera Diesel,Kochi,2015,54996,Diesel,Automatic,First,17.85,2967.0,300.0,4.0,60.95,60.95,11,Porsche,4583.0,1
4186,Maruti Eeco Smiles 5 Seater AC,Coimbatore,2017,22874,Petrol,Manual,First,15.1,1196.0,73.0,5.0,11.75,4.44,9,Maruti,2287.0,1
4187,BMW 3 Series 320d Sport,Chennai,2012,58000,Diesel,Automatic,Second,22.69,1995.0,190.0,5.0,15.3,15.3,14,BMW,3867.0,0
4188,Maruti Ertiga VDI,Chennai,2016,86000,Diesel,Manual,Second,25.47,1248.0,88.5,7.0,10.99,8.2,10,Maruti,7818.0,0
4189,Hyundai Xcent 1.2 Kappa AT S Option,Ahmedabad,2014,69000,Petrol,Automatic,First,16.9,1197.0,81.86,5.0,11.75,5.25,12,Hyundai,5308.0,1
4190,Volkswagen Vento 1.2 TSI Highline AT,Pune,2016,55001,Petrol,Automatic,Second,16.93,1197.0,103.2,5.0,11.75,8.5,10,Volkswagen,5000.0,0
4191,Audi Q3 35 TDI Quattro Premium,Chennai,2015,28000,Diesel,Automatic,First,15.73,1968.0,174.33,5.0,23.75,23.75,11,Audi,2333.0,1
4192,Hyundai i10 Magna 1.1,Delhi,2013,53213,Petrol,Manual,First,19.81,1086.0,68.05,5.0,11.75,2.74,13,Hyundai,3801.0,1
4193,Volkswagen Jetta 2013-2015 2.0L TDI Highline AT,Coimbatore,2016,44340,Diesel,Automatic,First,16.96,1968.0,138.03,5.0,13.83,13.83,10,Volkswagen,4031.0,1
4194,Maruti Baleno RS 1.0 Petrol,Mumbai,2017,16900,Petrol,Manual,First,21.1,998.0,100.0,5.0,11.75,6.99,9,Maruti,1690.0,1
4195,Hyundai i10 Era,Jaipur,2009,57000,Petrol,Manual,First,19.81,1086.0,68.05,5.0,11.75,2.25,17,Hyundai,3167.0,1
4196,Toyota Innova 2.5 G4 Diesel 8-seater,Hyderabad,2013,83165,Diesel,Manual,First,12.8,2494.0,102.0,8.0,11.75,11.49,13,Toyota,5940.0,1
4197,Chevrolet Beat LT,Coimbatore,2012,24735,Petrol,Manual,Second,18.6,1199.0,79.4,5.0,11.75,2.87,14,Chevrolet,1649.0,0
4198,Toyota Innova 2.5 G3,Kolkata,2005,65175,Diesel,Manual,First,12.8,2494.0,102.0,8.0,11.75,3.25,21,Toyota,2962.0,1
4199,Honda Accord 2.4 Inspire M/T,Pune,2009,60000,Petrol,Manual,Second,9.8,2354.0,180.0,5.0,11.75,3.5,17,Honda,3333.0,0
4200,Mahindra KUV 100 mFALCON D75 K4 Plus,Kochi,2017,60357,Diesel,Manual,First,25.32,1198.0,77.0,6.0,11.75,4.49,9,Mahindra,6036.0,1
4201,Volkswagen Polo Diesel Trendline 1.2L,Jaipur,2011,77000,Diesel,Manual,First,22.07,1199.0,73.9,5.0,11.75,2.9,15,Volkswagen,4812.0,1
4202,Toyota Innova 2.0 GX 8 STR,Coimbatore,2014,85301,Petrol,Manual,First,12.4,1998.0,132.0,8.0,12.36,12.36,12,Toyota,6562.0,1
4203,Mahindra Scorpio VLX AT AIRBAG BSIV,Mumbai,2011,50000,Diesel,Automatic,First,11.79,2179.0,120.0,8.0,11.75,6.0,15,Mahindra,3125.0,1
4204,BMW 7 Series 730Ld Sedan,Chennai,2010,58000,Diesel,Automatic,First,16.46,2993.0,258.0,5.0,31.0,31.0,16,BMW,3412.0,1
4205,Honda City i-DTEC SV,Kolkata,2015,39000,Diesel,Manual,First,25.6,1498.0,98.6,5.0,12.23,5.49,11,Honda,3250.0,1
4206,Volkswagen Polo Diesel Comfortline 1.2L,Coimbatore,2015,46190,Diesel,Manual,First,22.07,1199.0,73.9,5.0,11.75,5.86,11,Volkswagen,3849.0,1
4207,Mahindra XUV500 W8 2WD,Mumbai,2015,83000,Diesel,Manual,First,16.0,2179.0,140.0,7.0,11.75,9.0,11,Mahindra,6917.0,1
4208,Volkswagen Vento 1.6 Highline,Jaipur,2016,33000,Petrol,Manual,First,16.09,1598.0,103.5,5.0,11.63,7.7,10,Volkswagen,3000.0,1
4209,Honda City i VTEC V,Coimbatore,2017,27279,Petrol,Manual,First,17.4,1497.0,117.3,5.0,11.75,9.47,9,Honda,2728.0,1
4210,Audi Q5 2.0 TDI Premium Plus,Bangalore,2014,53900,Diesel,Automatic,First,14.16,1968.0,174.3,5.0,29.0,29.0,12,Audi,4146.0,1
4211,Honda City 1.5 V AT Exclusive,Kochi,2012,63998,Petrol,Automatic,First,17.0,1497.0,118.0,5.0,11.75,5.42,14,Honda,4267.0,1
4212,Maruti Swift VXI BSIV,Coimbatore,2016,57932,Petrol,Manual,First,20.4,1197.0,81.8,5.0,11.75,6.39,10,Maruti,5267.0,1
4213,Maruti Alto 800 LXI,Jaipur,2015,25000,Petrol,Manual,First,22.74,796.0,47.3,5.0,11.75,2.75,11,Maruti,2083.0,1
4214,Ford Figo Diesel Titanium,Chennai,2011,169000,Diesel,Manual,First,20.0,1399.0,68.0,5.0,11.75,2.5,15,Ford,10562.0,1
4215,Hyundai Santro Xing GL Plus,Delhi,2012,53000,Petrol,Manual,First,17.92,1086.0,62.1,5.0,11.75,2.35,14,Hyundai,3533.0,1
4216,Maruti Wagon R VXI,Coimbatore,2015,43053,Petrol,Manual,First,18.9,998.0,67.1,5.0,5.44,4.65,11,Maruti,3588.0,1
4217,Honda City i DTEC SV,Ahmedabad,2014,75000,Diesel,Manual,First,26.0,1498.0,98.6,5.0,11.75,6.0,12,Honda,5769.0,1
4218,Honda City V MT AVN,Pune,2012,89000,Petrol,Manual,Second,16.8,1497.0,116.3,5.0,11.75,3.5,14,Honda,5933.0,0
4219,Honda City i DTEC VX,Hyderabad,2014,75578,Diesel,Manual,First,25.1,1498.0,98.6,5.0,11.75,7.0,12,Honda,5814.0,1
4220,Hyundai Verna VTVT 1.6 SX,Bangalore,2014,46676,Petrol,Manual,First,17.0,1591.0,121.3,5.0,12.27,7.75,12,Hyundai,3590.0,1
4221,Maruti Alto K10 LXI,Kochi,2014,51349,Petrol,Manual,First,24.07,998.0,67.1,5.0,3.91,2.93,12,Maruti,3950.0,1
4222,Mercedes-Benz E-Class 2009-2013 E250 CDI Avantgarde,Kolkata,2014,34233,Diesel,Automatic,First,14.21,2143.0,203.0,5.0,22.5,22.5,12,Mercedes-Benz,2633.0,1
4223,BMW X6 xDrive30d,Coimbatore,2014,39626,Diesel,Automatic,First,11.2,2993.0,241.0,4.0,40.66,40.66,12,BMW,3048.0,1
4224,Maruti Wagon R LXI BSIII,Pune,2008,82500,Petrol,Manual,First,14.0,1061.0,64.0,5.0,11.75,1.75,18,Maruti,4342.0,1
4225,Renault Duster RXZ AWD,Hyderabad,2015,63000,Diesel,Manual,Second,19.72,1461.0,108.45,5.0,11.75,8.2,11,Renault,5250.0,0
4226,Mahindra Scorpio VLX 2.2 mHawk Airbag BSIV,Delhi,2011,77001,Diesel,Manual,First,12.05,2179.0,120.0,8.0,11.75,4.49,15,Mahindra,4813.0,1
4227,Ford Endeavour 3.2 Trend AT 4X4,Chennai,2016,43000,Diesel,Automatic,First,10.91,3198.0,197.2,7.0,26.5,26.5,10,Ford,3909.0,1
4228,Maruti Zen Estilo LXI BS IV,Hyderabad,2011,61111,Petrol,Manual,First,19.0,998.0,67.1,5.0,11.75,2.6,15,Maruti,3819.0,1
4229,Hyundai Santro Xing XG,Bangalore,2005,79000,Petrol,Manual,Second,17.0,1497.0,98.6,5.0,11.75,1.65,21,Hyundai,3591.0,0
4230,Hyundai i10 Asta,Kolkata,2011,43000,Petrol,Manual,First,20.36,1197.0,78.9,5.0,11.75,2.49,15,Hyundai,2688.0,1
4231,Honda Brio VX AT,Hyderabad,2013,47000,Petrol,Automatic,First,16.5,1198.0,86.8,5.0,11.75,5.4,13,Honda,3357.0,1
4232,Maruti Wagon R AMT VXI,Jaipur,2017,34000,Petrol,Automatic,First,20.51,998.0,67.0,5.0,11.75,4.35,9,Maruti,3400.0,1
4233,Audi Q3 30 TDI Premium FWD,Coimbatore,2018,22060,Diesel,Automatic,First,18.51,1968.0,147.51,5.0,44.8,32.73,8,Audi,2451.0,1
4234,Mercedes-Benz M-Class ML 350 4Matic,Chennai,2012,63000,Diesel,Automatic,First,0.0,2987.0,165.0,5.0,26.0,26.0,14,Mercedes-Benz,4200.0,1
4235,Maruti Wagon R LXI,Jaipur,2011,80000,Petrol,Manual,First,18.9,998.0,67.1,5.0,4.890000000000001,2.5,15,Maruti,5000.0,1
4236,Audi A4 35 TDI Premium Plus,Kochi,2015,13506,Diesel,Automatic,First,18.25,1968.0,187.74,5.0,50.4,21.66,11,Audi,1126.0,1
4237,Renault KWID RXT Optional,Mumbai,2016,16000,Petrol,Manual,First,25.17,799.0,53.3,5.0,4.78,2.99,10,Renault,1455.0,1
4238,Maruti Alto 800 2016-2019 VXI,Kolkata,2016,31006,Petrol,Manual,First,24.7,796.0,47.3,5.0,11.75,2.61,10,Maruti,2819.0,1
4239,Toyota Innova 2.5 GX (Diesel) 8 Seater,Delhi,2013,91200,Diesel,Manual,First,12.99,2494.0,100.0,8.0,11.75,8.25,13,Toyota,6514.0,1
4240,Toyota Corolla Altis 2008-2013 1.8 VL AT,Pune,2015,43000,Petrol,Automatic,First,14.53,1794.0,138.1,5.0,12.5,12.5,11,Toyota,3583.0,1
4241,Ford Figo 2015-2019 1.5D Titanium Plus MT,Hyderabad,2015,45000,Diesel,Manual,First,25.83,1498.0,99.0,5.0,11.75,5.5,11,Ford,3750.0,1
4242,Honda Brio S MT,Coimbatore,2014,28637,Petrol,Manual,First,19.4,1198.0,86.8,5.0,11.75,5.53,12,Honda,2203.0,1
4243,Ford Ikon 1.6 ZXI NXt,Pune,2004,69870,Petrol,Manual,Second,14.2,1597.0,92.0,5.0,11.75,1.1,22,Ford,3038.0,0
4244,Mahindra Scorpio 2009-2014 LX 2WD 7S,Mumbai,2014,84000,Diesel,Manual,First,12.05,2179.0,120.0,7.0,11.75,6.85,12,Mahindra,6462.0,1
4245,Mercedes-Benz S-Class 320 L,Coimbatore,2007,84143,Petrol,Manual,First,13.0,2987.0,210.0,5.0,17.09,17.09,19,Mercedes-Benz,4207.0,1
4246,Mahindra Scorpio SLE BSIV,Delhi,2012,77000,Diesel,Manual,Second,12.05,2179.0,120.0,8.0,11.75,4.93,14,Mahindra,5133.0,0
4247,Land Rover Freelander 2 SE,Ahmedabad,2012,75000,Diesel,Automatic,Second,12.39,2179.0,147.51,5.0,17.5,17.5,14,Land,5000.0,0
4248,Chevrolet Beat LS,Delhi,2011,76155,Petrol,Manual,First,18.6,1199.0,79.4,5.0,11.75,1.95,15,Chevrolet,4760.0,1
4249,Maruti Swift ZDi,Bangalore,2014,98000,Diesel,Manual,First,22.9,1248.0,74.0,5.0,11.75,6.1,12,Maruti,7538.0,1
4250,Toyota Corolla H2,Mumbai,2008,48233,Petrol,Manual,Second,13.4,1794.0,125.0,5.0,11.75,1.8,18,Toyota,2539.0,0
4251,Audi Q5 3.0 TDI Quattro,Bangalore,2015,63000,Diesel,Automatic,First,13.22,2967.0,241.4,5.0,34.5,34.5,11,Audi,5250.0,1
4252,Hyundai EON Era Plus,Coimbatore,2015,34063,Petrol,Manual,First,21.1,814.0,55.2,5.0,11.75,4.01,11,Hyundai,2839.0,1
4253,Honda Amaze S Petrol,Kolkata,2013,32576,Petrol,Manual,First,19.5,1199.0,88.76,5.0,7.36,3.15,13,Honda,2327.0,1
4254,Ford Figo Aspire 1.5 Ti-VCT Titanium,Mumbai,2015,28843,Petrol,Automatic,First,17.01,1499.0,110.5,5.0,11.75,5.49,11,Ford,2404.0,1
4255,Renault Duster 110PS Diesel RxL AMT,Bangalore,2016,26000,Diesel,Automatic,Second,19.6,1461.0,108.45,5.0,11.75,10.0,10,Renault,2364.0,0
4256,Honda City V AT,Kolkata,2013,39000,Petrol,Automatic,First,15.6,1497.0,116.3,5.0,11.75,4.55,13,Honda,2786.0,1
4257,Maruti Alto LXi,Mumbai,2010,66000,Petrol,Manual,First,19.7,796.0,46.3,5.0,11.75,1.5,16,Maruti,3882.0,1
4258,Hyundai i10 Magna 1.2,Kolkata,2011,38002,Petrol,Manual,First,20.36,1197.0,78.9,5.0,11.75,2.15,15,Hyundai,2375.0,1
4259,Chevrolet Spark 1.0 LS,Chennai,2010,49000,Petrol,Manual,Second,18.0,995.0,62.0,5.0,11.75,1.4,16,Chevrolet,2882.0,0
4260,Skoda Rapid 1.5 TDI Ambition Plus,Bangalore,2014,52000,Diesel,Manual,First,21.14,1498.0,103.6,5.0,11.75,6.2,12,Skoda,4000.0,1
4261,Audi A6 2011-2015 2.0 TDI Premium Plus,Mumbai,2013,56500,Diesel,Automatic,First,17.68,1968.0,174.33,5.0,19.8,19.8,13,Audi,4036.0,1
4262,Honda Jazz 1.2 V i VTEC,Mumbai,2015,20568,Petrol,Manual,First,18.7,1199.0,88.7,5.0,11.75,5.6,11,Honda,1714.0,1
4263,Hyundai Creta 1.6 SX Plus Dual Tone Petrol,Mumbai,2015,26000,Petrol,Manual,First,15.29,1591.0,121.3,5.0,11.75,9.5,11,Hyundai,2167.0,1
4264,Chevrolet Beat LS,Delhi,2012,56000,Petrol,Manual,First,18.6,1199.0,79.4,5.0,11.75,2.21,14,Chevrolet,3733.0,1
4265,Datsun redi-GO T Option,Coimbatore,2017,27509,Petrol,Manual,First,22.7,799.0,53.64,5.0,4.04,3.31,9,Datsun,2751.0,1
4266,Hyundai Xcent 1.2 Kappa S Option,Kochi,2016,36216,Petrol,Manual,First,19.1,1197.0,81.86,5.0,11.75,5.44,10,Hyundai,3292.0,1
4267,Mercedes-Benz E-Class 230 E AT,Kolkata,2009,28888,Petrol,Automatic,First,10.0,2496.0,157.7,5.0,11.75,7.56,17,Mercedes-Benz,1605.0,1
4268,Maruti Swift ZDi,Jaipur,2011,120000,Diesel,Manual,Second,22.9,1248.0,74.0,5.0,11.75,3.2,15,Maruti,7500.0,0
4269,Maruti Celerio ZXI,Kochi,2018,31396,Petrol,Manual,First,23.1,998.0,67.04,5.0,11.75,5.53,8,Maruti,3488.0,1
4270,Skoda Octavia Elegance 2.0 TDI AT,Hyderabad,2015,79000,Diesel,Automatic,First,19.3,1968.0,141.0,5.0,17.0,17.0,11,Skoda,6583.0,1
4271,Honda City 1.5 V AT,Delhi,2010,62000,Petrol,Automatic,First,16.8,1497.0,118.0,5.0,11.75,3.55,16,Honda,3647.0,1
4272,Honda Accord V6 AT,Chennai,2006,120000,Petrol,Automatic,Second,9.0,2997.0,218.0,5.0,11.75,2.65,20,Honda,5714.0,0
4273,Skoda Superb Style 1.8 TSI AT,Mumbai,2016,53000,Petrol,Automatic,First,14.67,1798.0,177.46,5.0,33.36,17.85,10,Skoda,4818.0,1
4274,Toyota Innova 2.5 G (Diesel) 8 Seater,Coimbatore,2010,124313,Diesel,Manual,First,12.99,2494.0,100.6,8.0,11.75,7.96,16,Toyota,7313.0,1
4275,Maruti Celerio VXI AT,Pune,2015,26725,Petrol,Automatic,First,23.1,998.0,67.04,5.0,11.75,4.25,11,Maruti,2227.0,1
4276,Maruti Ertiga VDI,Kolkata,2014,45617,Diesel,Manual,First,20.77,1248.0,88.76,7.0,11.215,5.85,12,Maruti,3509.0,1
4277,Mercedes-Benz A Class A180 CDI,Mumbai,2013,37000,Diesel,Automatic,First,20.0,2143.0,107.3,5.0,13.0,13.0,13,Mercedes-Benz,2643.0,1
4278,Mahindra Xylo E2,Kochi,2010,109147,Diesel,Manual,First,14.0,2498.0,112.0,8.0,11.75,2.65,16,Mahindra,6420.0,1
4279,Honda Amaze E i-Dtech,Ahmedabad,2014,59000,Diesel,Manual,First,25.8,1498.0,98.6,5.0,11.75,4.75,12,Honda,4538.0,1
4280,Renault KWID RXT,Pune,2015,28000,Petrol,Manual,First,25.17,799.0,53.3,5.0,11.75,2.65,11,Renault,2333.0,1
4281,Renault KWID RXT,Pune,2017,4700,Petrol,Manual,First,25.17,799.0,53.3,5.0,11.75,3.0,9,Renault,470.0,1
4282,Audi Q7 3.0 TDI Quattro Premium Plus,Coimbatore,2014,72469,Diesel,Automatic,First,12.07,2967.0,241.4,7.0,32.52,32.52,12,Audi,5575.0,1
4283,Hyundai Verna 1.6 SX CRDI (O) AT,Pune,2014,57539,Diesel,Automatic,First,22.32,1582.0,126.32,5.0,11.75,7.75,12,Hyundai,4426.0,1
4284,Toyota Innova Crysta 2.8 ZX AT,Delhi,2016,42000,Diesel,Automatic,First,11.36,2755.0,171.5,7.0,26.55,19.6,10,Toyota,3818.0,1
4285,Hyundai i20 Sportz Option,Delhi,2010,62489,Petrol,Manual,First,17.0,1197.0,80.0,5.0,11.75,2.6,16,Hyundai,3676.0,1
4286,Volkswagen Polo Petrol Comfortline 1.2L,Mumbai,2013,51167,Petrol,Manual,First,16.47,1198.0,73.9,5.0,11.75,3.76,13,Volkswagen,3655.0,1
4287,Volkswagen Vento Diesel Trendline,Chennai,2012,130000,Diesel,Manual,First,20.54,1598.0,103.6,5.0,11.75,4.75,14,Volkswagen,8667.0,1
4288,Honda City ZX GXi,Mumbai,2007,63000,Petrol,Manual,Second,17.7,1497.0,78.0,5.0,11.75,1.75,19,Honda,3150.0,0
4289,Hyundai Verna Transform Xxi ABS,Bangalore,2011,60000,Petrol,Manual,First,16.2,1599.0,103.2,5.0,11.75,3.95,15,Hyundai,3750.0,1
4290,Hyundai Accent GLE,Pune,2005,123200,Petrol,Manual,Second,13.2,1495.0,94.0,5.0,11.75,1.0,21,Hyundai,5600.0,0
4291,Skoda Laura Ambiente 2.0 TDI CR AT,Jaipur,2011,115692,Diesel,Automatic,First,20.0,1968.0,138.1,5.0,11.75,4.5,15,Skoda,7231.0,1
4292,Mercedes-Benz E-Class 2009-2013 E 250 Elegance,Coimbatore,2011,87073,Petrol,Automatic,First,10.93,2497.0,204.0,5.0,17.23,17.23,15,Mercedes-Benz,5442.0,1
4293,Hyundai i20 Sportz 1.2,Kochi,2015,40901,Petrol,Manual,First,18.6,1197.0,81.83,5.0,11.75,5.76,11,Hyundai,3408.0,1
4294,Hyundai i10 Magna 1.2,Coimbatore,2013,36264,Petrol,Manual,First,20.36,1197.0,78.9,5.0,11.75,4.32,13,Hyundai,2590.0,1
4295,Hyundai i10 Magna 1.1L,Delhi,2009,60000,Petrol,Manual,Second,19.81,1086.0,68.05,5.0,11.75,1.9,17,Hyundai,3333.0,0
4296,Volkswagen Ameo 1.2 MPI Anniversary Edition,Pune,2018,20000,Petrol,Manual,First,17.0,1198.0,74.0,5.0,11.75,5.5,8,Volkswagen,2222.0,1
4297,Toyota Camry 2.5 G,Mumbai,2014,68400,Petrol,Automatic,First,12.98,2494.0,178.4,5.0,13.5,13.5,12,Toyota,5262.0,1
4298,Mahindra XUV500 W8 2WD,Bangalore,2013,71231,Diesel,Manual,Second,16.0,2179.0,140.0,7.0,11.75,9.75,13,Mahindra,5088.0,0
4299,Skoda Superb Elegance 2.0 TDI CR AT,Hyderabad,2011,75000,Diesel,Automatic,First,17.2,1968.0,138.1,5.0,11.75,9.44,15,Skoda,4688.0,1
4300,Maruti Wagon R VXI AMT,Mumbai,2018,1997,Petrol,Automatic,First,22.5,998.0,67.0,5.0,6.14,4.45,8,Maruti,222.0,1
4301,Maruti Vitara Brezza ZDi Plus Dual Tone,Pune,2016,47300,Diesel,Manual,First,24.3,1248.0,88.5,5.0,11.96,8.85,10,Maruti,4300.0,1
4302,Hyundai Santro Xing GL,Delhi,2012,61449,Petrol,Manual,First,0.0,1086.0,62.0,5.0,11.75,2.15,14,Hyundai,4097.0,1
4303,Volkswagen Vento Diesel Comfortline,Kochi,2013,47910,Diesel,Manual,First,20.54,1598.0,103.6,5.0,11.75,4.89,13,Volkswagen,3422.0,1
4304,Volkswagen Polo 1.5 TDI Highline,Hyderabad,2015,62000,Diesel,Manual,First,20.14,1498.0,88.8,5.0,10.15,6.25,11,Volkswagen,5167.0,1
4305,Maruti Swift ZDi,Chennai,2012,65060,Diesel,Manual,First,22.9,1248.0,74.0,5.0,11.75,4.8,14,Maruti,4337.0,1
4306,Hyundai i10 Era 1.1,Jaipur,2008,82203,Petrol,Manual,First,19.81,1086.0,68.05,5.0,11.75,1.8,18,Hyundai,4326.0,1
4307,Mahindra XUV500 W8 2WD,Kolkata,2013,44000,Diesel,Manual,First,16.0,2179.0,140.0,7.0,11.75,7.25,13,Mahindra,3143.0,1
4308,Maruti Ertiga VDI,Coimbatore,2014,53817,Diesel,Manual,First,25.47,1248.0,88.5,7.0,11.44,7.56,12,Maruti,4140.0,1
4309,Mahindra XUV500 W8 2WD,Kochi,2013,61591,Diesel,Manual,First,16.0,2179.0,140.0,7.0,11.75,6.82,13,Mahindra,4399.0,1
4310,Tata Manza Aura Quadrajet BS IV,Jaipur,2011,86500,Diesel,Manual,Second,21.12,1248.0,88.8,5.0,11.75,1.8,15,Tata,5406.0,0
4311,Mercedes-Benz E-Class 280 CDI,Pune,2009,100000,Diesel,Automatic,First,11.0,2987.0,198.5,5.0,11.75,11.5,17,Mercedes-Benz,5556.0,1
4312,Maruti SX4 Zxi with Leather BSIII,Chennai,2010,87000,Petrol,Manual,First,15.6,1586.0,104.68,5.0,11.75,2.8,16,Maruti,5118.0,1
4313,Maruti Wagon R AMT VXI,Hyderabad,2016,35000,Petrol,Automatic,First,20.51,998.0,67.0,5.0,11.75,5.5,10,Maruti,3182.0,1
4314,Datsun GO NXT,Kolkata,2016,6000,Petrol,Manual,First,20.63,1198.0,67.06,5.0,11.75,2.7,10,Datsun,545.0,1
4315,Ford Figo Diesel ZXI,Jaipur,2014,59327,Diesel,Manual,First,20.0,1399.0,68.0,5.0,11.75,3.25,12,Ford,4564.0,1
4316,Skoda Superb Elegance 2.0 TDI CR AT,Coimbatore,2014,81001,Diesel,Automatic,First,17.2,1968.0,138.1,5.0,11.75,10.9,12,Skoda,6231.0,1
4317,Hyundai i20 1.2 Magna,Kochi,2014,44612,Petrol,Manual,First,18.5,1197.0,80.0,5.0,11.75,4.07,12,Hyundai,3432.0,1
4318,Toyota Innova Crysta 2.8 ZX AT,Ahmedabad,2016,42388,Diesel,Automatic,First,11.36,2755.0,171.5,7.0,24.63,18.0,10,Toyota,3853.0,1
4319,Honda Brio V MT,Mumbai,2012,54000,Petrol,Manual,First,19.4,1198.0,86.8,5.0,11.75,2.95,14,Honda,3600.0,1
4320,Skoda Superb Elegance 2.0 TDI CR AT,Mumbai,2011,83010,Diesel,Automatic,First,17.2,1968.0,138.1,5.0,11.75,7.5,15,Skoda,5188.0,1
4321,Mercedes-Benz E-Class 2015-2017 E250 CDI Avantgarde,Coimbatore,2016,65405,Diesel,Automatic,First,13.0,2143.0,204.0,5.0,32.73,32.73,10,Mercedes-Benz,5946.0,1
4322,Toyota Fortuner 4x2 AT TRD Sportivo,Delhi,2015,36000,Diesel,Automatic,Second,12.55,2982.0,168.7,7.0,21.5,21.5,11,Toyota,3000.0,0
4323,Maruti SX4 ZXI MT BSIV,Pune,2008,85000,Petrol,Manual,First,16.51,1586.0,103.2,5.0,11.75,2.5,18,Maruti,4474.0,1
4324,Honda Jazz 1.5 V i DTEC,Ahmedabad,2016,35000,Diesel,Manual,First,27.3,1498.0,98.6,5.0,11.75,5.5,10,Honda,3182.0,1
4325,Toyota Corolla Altis 2008-2013 1.8 VL AT,Mumbai,2012,54000,Petrol,Automatic,First,14.53,1794.0,138.1,5.0,11.75,7.5,14,Toyota,3600.0,1
4326,Honda City ZX VTEC,Mumbai,2007,70000,Petrol,Manual,First,16.9,1497.0,100.0,5.0,11.75,1.55,19,Honda,3500.0,1
4327,BMW X1 xDrive 20d M Sport,Kolkata,2017,27001,Diesel,Automatic,First,20.68,1995.0,190.0,5.0,50.26,29.0,9,BMW,2700.0,1
4328,Maruti Swift DDiS VDI,Coimbatore,2019,41075,Diesel,Manual,First,28.4,1248.0,74.0,5.0,11.75,8.4,7,Maruti,5134.0,1
4329,Mahindra KUV 100 mFALCON D75 K8,Hyderabad,2016,26000,Diesel,Manual,First,25.32,1198.0,77.0,6.0,11.75,6.5,10,Mahindra,2364.0,1
4330,Honda Jazz Mode,Mumbai,2010,55000,Petrol,Manual,First,16.0,1198.0,90.0,5.0,11.75,2.35,16,Honda,3235.0,1
4331,Maruti Swift ZXI,Mumbai,2016,19000,Petrol,Manual,First,20.4,1197.0,81.8,5.0,11.75,5.55,10,Maruti,1727.0,1
4332,Hyundai Grand i10 Asta Option AT,Mumbai,2016,15000,Petrol,Automatic,First,18.9,1197.0,82.0,5.0,11.75,5.35,10,Hyundai,1364.0,1
4333,Honda Amaze SX i-VTEC,Chennai,2016,37000,Petrol,Manual,First,17.8,1198.0,86.7,5.0,11.75,5.25,10,Honda,3364.0,1
4334,Hyundai Grand i10 1.2 Kappa Sportz,Coimbatore,2017,38712,Petrol,Manual,First,18.9,1197.0,81.86,5.0,7.45,5.87,9,Hyundai,3871.0,1
4335,Volkswagen Vento Diesel Comfortline,Kochi,2014,52400,Diesel,Manual,First,20.54,1598.0,103.6,5.0,11.75,5.36,12,Volkswagen,4031.0,1
4336,Maruti Ciaz 1.3 S,Bangalore,2016,23988,Diesel,Manual,First,28.09,1248.0,88.5,5.0,11.75,7.75,10,Maruti,2181.0,1
4337,Volkswagen Vento Petrol Highline AT,Kochi,2014,32283,Petrol,Automatic,Second,14.4,1598.0,103.6,5.0,11.75,5.41,12,Volkswagen,2483.0,0
4338,Hyundai i20 1.2 Magna,Bangalore,2010,52000,Petrol,Manual,First,18.5,1197.0,80.0,5.0,11.75,3.65,16,Hyundai,3059.0,1
4339,Honda Brio VX AT,Pune,2016,32000,Petrol,Automatic,First,16.5,1198.0,86.8,5.0,11.75,5.25,10,Honda,2909.0,1
4340,Honda City i VTEC VX,Kolkata,2014,39000,Petrol,Manual,First,17.4,1497.0,117.3,5.0,11.75,6.25,12,Honda,3000.0,1
4341,Tata Nano XT,Coimbatore,2017,14149,Petrol,Manual,First,23.9,624.0,37.48,4.0,11.75,3.47,9,Tata,1415.0,1
4342,Mercedes-Benz S Class 2005 2013 S 350 L,Mumbai,2006,103000,Petrol,Automatic,First,10.13,3498.0,364.9,5.0,11.75,8.85,20,Mercedes-Benz,4905.0,1
4343,Maruti Wagon R LXI BSIII,Pune,2004,82000,Petrol,Manual,First,14.0,1061.0,64.0,5.0,11.75,0.85,22,Maruti,3565.0,1
4344,Skoda Superb Elegance 1.8 TSI AT,Mumbai,2015,34000,Petrol,Automatic,First,13.7,1798.0,157.75,5.0,13.65,13.65,11,Skoda,2833.0,1
4345,Audi Q7 35 TDI Quattro Technology,Coimbatore,2016,45180,Diesel,Automatic,First,12.07,2967.0,241.4,7.0,50.22,50.22,10,Audi,4107.0,1
4346,Maruti Swift ZXI Plus,Ahmedabad,2018,2000,Petrol,Manual,First,22.0,1197.0,81.8,5.0,8.16,7.75,8,Maruti,222.0,1
4347,Toyota Innova 2.5 G4 Diesel 7-seater,Coimbatore,2011,82321,Diesel,Manual,First,12.8,2494.0,102.0,7.0,11.75,10.05,15,Toyota,5145.0,1
4348,BMW 3 Series 320i Sedan,Kolkata,2011,7000,Petrol,Automatic,First,12.05,1995.0,154.0,5.0,11.75,9.75,15,BMW,438.0,1
4349,Mercedes-Benz GLA Class 200 CDI SPORT,Delhi,2015,27000,Diesel,Automatic,First,17.9,2143.0,136.0,5.0,23.0,23.0,11,Mercedes-Benz,2250.0,1
4350,Toyota Innova Crysta 2.4 VX MT 8S,Coimbatore,2019,31271,Diesel,Manual,First,13.68,2393.0,147.8,8.0,24.01,21.42,7,Toyota,3909.0,1
4352,Maruti Swift VDI BSIV,Delhi,2014,24000,Diesel,Manual,First,25.2,1248.0,74.0,5.0,11.75,5.21,12,Maruti,1846.0,1
4353,Toyota Innova 2.5 GX (Diesel) 7 Seater,Hyderabad,2009,147000,Diesel,Manual,First,12.99,2494.0,100.6,7.0,11.75,7.5,17,Toyota,8167.0,1
4355,Chevrolet Beat LT,Chennai,2010,115000,Petrol,Manual,First,18.6,1199.0,79.4,5.0,11.75,1.75,16,Chevrolet,6765.0,1
4356,Ford Ikon 1.4 TDCi DuraTorq,Jaipur,2010,82000,Diesel,Manual,Second,13.8,1399.0,68.0,5.0,11.75,1.0,16,Ford,4824.0,0
4357,Mercedes-Benz New C-Class C 220 CDI Avantgarde,Delhi,2016,20000,Diesel,Automatic,First,19.27,2143.0,170.0,5.0,33.0,33.0,10,Mercedes-Benz,1818.0,1
4358,Toyota Etios G,Kolkata,2011,45560,Petrol,Manual,First,17.6,1496.0,88.73,5.0,11.75,2.2,15,Toyota,2848.0,1
4359,Toyota Innova 2.5 GX (Diesel) 7 Seater BS IV,Kochi,2017,57539,Diesel,Manual,First,12.8,2494.0,102.0,7.0,12.83,12.83,9,Toyota,5754.0,1
4360,BMW 6 Series Gran Coupe,Kochi,2018,20004,Diesel,Automatic,First,17.54,2993.0,313.0,4.0,68.94,68.94,8,BMW,2223.0,1
4361,Skoda Rapid 1.5 TDI Ambition,Mumbai,2012,54500,Diesel,Manual,First,21.13,1498.0,108.4,5.0,13.72,4.1,14,Skoda,3633.0,1
4362,Hyundai EON Magna,Jaipur,2016,27886,Petrol,Manual,First,22.0,814.0,55.0,5.0,11.75,2.85,10,Hyundai,2535.0,1
4363,Honda CR-V 2.4L 4WD AT,Mumbai,2007,66000,Petrol,Automatic,First,11.1,2354.0,158.8,5.0,11.75,3.7,19,Honda,3300.0,1
4364,Skoda Laura Elegance 2.0 TDI CR AT,Coimbatore,2013,72202,Diesel,Automatic,First,20.0,1968.0,138.1,5.0,11.75,9.06,13,Skoda,5157.0,1
4365,Skoda Laura RS,Delhi,2011,70000,Petrol,Manual,Second,13.4,1798.0,157.8,5.0,11.75,4.75,15,Skoda,4375.0,0
4366,Honda City i DTec S,Jaipur,2015,78233,Diesel,Manual,First,26.0,1498.0,98.6,5.0,11.75,6.6,11,Honda,6519.0,1
4367,Tata New Safari 4X4 EX,Chennai,2007,120203,Diesel,Manual,Second,13.93,2179.0,138.0,7.0,11.75,3.5,19,Tata,6010.0,0
4368,Maruti Zen Estilo LXI BS IV,Pune,2011,20575,Petrol,Manual,First,19.0,998.0,67.1,5.0,11.75,2.0,15,Maruti,1286.0,1
4369,Honda Amaze S i-VTEC,Mumbai,2013,39879,Petrol,Manual,First,17.8,1198.0,86.7,5.0,11.75,3.89,13,Honda,2848.0,1
4370,Renault KWID 1.0 RXL,Jaipur,2017,31056,Petrol,Manual,First,23.01,999.0,67.0,5.0,11.75,3.6,9,Renault,3106.0,1
4371,Maruti Ciaz AT ZXi,Mumbai,2015,50940,Petrol,Automatic,First,19.12,1373.0,91.1,5.0,11.75,6.95,11,Maruti,4245.0,1
4372,Hyundai i20 Asta Option 1.4 CRDi,Coimbatore,2016,99362,Diesel,Manual,First,22.54,1396.0,88.73,5.0,11.75,7.03,10,Hyundai,9033.0,1
4373,Toyota Innova Crysta 2.4 ZX MT,Ahmedabad,2016,54000,Diesel,Manual,First,13.68,2393.0,147.8,7.0,23.14,16.5,10,Toyota,4909.0,1
4374,Maruti Ciaz ZDi Plus SHVS,Coimbatore,2016,54268,Diesel,Manual,First,28.09,1248.0,88.5,5.0,11.75,7.67,10,Maruti,4933.0,1
4375,Jaguar XF Diesel,Coimbatore,2012,94521,Diesel,Automatic,First,14.74,2993.0,270.9,5.0,23.19,23.19,14,Jaguar,6301.0,1
4376,Hyundai Xcent 1.2 Kappa S,Kochi,2017,38932,Petrol,Manual,First,19.1,1197.0,82.0,5.0,11.75,6.21,9,Hyundai,3893.0,1
4377,Porsche Cayenne Diesel,Coimbatore,2015,60395,Diesel,Automatic,First,16.12,2967.0,245.0,5.0,45.82,45.82,11,Porsche,5033.0,1
4378,Hyundai Xcent 1.1 CRDi S,Mumbai,2016,29000,Diesel,Manual,First,24.4,1120.0,71.0,5.0,11.75,5.95,10,Hyundai,2636.0,1
4379,Audi A4 2.0 TDI Multitronic,Delhi,2011,58000,Diesel,Automatic,First,16.55,1968.0,140.0,5.0,11.75,11.0,15,Audi,3625.0,1
4380,Maruti Ciaz RS ZXi Plus,Coimbatore,2016,60913,Petrol,Manual,First,20.73,1373.0,91.1,5.0,11.75,7.19,10,Maruti,5538.0,1
4381,Toyota Innova 2.5 G4 Diesel 8-seater,Delhi,2011,65000,Diesel,Manual,First,12.8,2494.0,102.0,8.0,11.75,6.4,15,Toyota,4062.0,1
4382,Mercedes-Benz New C-Class 220 CDI MT,Chennai,2015,26000,Diesel,Manual,First,15.8,2148.0,170.0,5.0,26.0,26.0,11,Mercedes-Benz,2167.0,1
4383,Hyundai i10 Sportz,Hyderabad,2016,19947,Petrol,Manual,First,20.36,1197.0,78.9,5.0,11.75,4.5,10,Hyundai,1813.0,1
4384,Hyundai i10 Sportz 1.2 AT,Chennai,2011,70816,Petrol,Automatic,First,16.95,1197.0,78.9,5.0,11.75,3.1,15,Hyundai,4426.0,1
4385,Maruti Baleno Zeta 1.3,Delhi,2015,54000,Diesel,Manual,First,27.39,1248.0,74.0,5.0,11.75,5.95,11,Maruti,4500.0,1
4386,Maruti Zen Estilo 1.1 VXI BSIII,Delhi,2008,138000,Petrol,Manual,First,18.2,1061.0,64.0,5.0,11.75,1.2,18,Maruti,7263.0,1
4387,BMW 7 Series 730Ld,Chennai,2014,35000,Diesel,Automatic,First,16.46,2993.0,258.0,5.0,52.0,52.0,12,BMW,2692.0,1
4388,Audi Q7 4.2 TDI Quattro Technology,Bangalore,2015,50000,Diesel,Automatic,First,11.33,4134.0,335.2,7.0,48.0,48.0,11,Audi,4167.0,1
4389,BMW X5 xDrive 30d,Hyderabad,2011,124652,Diesel,Automatic,First,11.7,2993.0,245.0,5.0,21.99,21.99,15,BMW,7791.0,1
4390,Maruti Ritz LXI,Hyderabad,2013,80264,Petrol,Manual,First,21.1,1197.0,85.8,5.0,11.75,4.3,13,Maruti,5733.0,1
4391,Nissan Sunny 2011-2014 Diesel XL,Pune,2013,125600,Diesel,Manual,First,21.64,1461.0,84.8,5.0,11.75,3.75,13,Nissan,8971.0,1
4392,Toyota Corolla Altis 1.8 Limited Edition,Mumbai,2015,49000,Petrol,Manual,First,14.28,1798.0,138.03,5.0,11.75,8.95,11,Toyota,4083.0,1
4393,Toyota Etios VXD,Pune,2012,111000,Diesel,Manual,First,23.59,1364.0,67.1,5.0,11.75,4.75,14,Toyota,7400.0,1
4394,Toyota Corolla Altis GL MT,Coimbatore,2016,33690,Petrol,Manual,First,14.28,1798.0,138.03,5.0,14.6,14.6,10,Toyota,3063.0,1
4395,Audi A6 2011-2015 2.0 TDI Premium Plus,Mumbai,2012,50000,Diesel,Automatic,First,17.68,1968.0,174.33,5.0,17.5,17.5,14,Audi,3333.0,1
4396,Maruti Ertiga ZDI,Kolkata,2012,38092,Diesel,Manual,First,20.77,1248.0,88.8,7.0,12.34,5.2,14,Maruti,2539.0,1
4397,Hyundai Grand i10 Sportz,Coimbatore,2017,47774,Petrol,Manual,First,18.9,1197.0,82.0,5.0,11.75,6.04,9,Hyundai,4777.0,1
4398,Tata Indigo CS LX (TDI) BS III,Chennai,2009,167000,Diesel,Manual,Second,19.09,1396.0,69.0,5.0,11.75,2.7,17,Tata,9278.0,0
4399,Maruti Swift Dzire AMT ZDI,Chennai,2019,65000,Diesel,Automatic,First,26.59,1248.0,74.0,5.0,11.75,6.75,7,Maruti,8125.0,1
4400,Volkswagen Polo Petrol Highline 1.6L,Kolkata,2011,46000,Petrol,Manual,First,15.26,1598.0,103.5,5.0,11.75,2.35,15,Volkswagen,2875.0,1
4401,Tata Tiago 1.2 Revotron XZ WO Alloy,Hyderabad,2017,16500,Petrol,Manual,First,23.84,1199.0,84.0,5.0,6.29,5.0,9,Tata,1650.0,1
4402,Honda City i VTEC VX,Kolkata,2016,39000,Petrol,Manual,First,17.8,1497.0,117.3,5.0,11.75,6.95,10,Honda,3545.0,1
4403,Honda Amaze V Petrol,Jaipur,2018,6000,Petrol,Manual,First,19.5,1199.0,86.76,5.0,8.18,6.7,8,Honda,667.0,1
4404,Audi A4 35 TDI Premium,Hyderabad,2015,60000,Diesel,Automatic,First,17.11,1968.0,174.33,5.0,25.0,25.0,11,Audi,5000.0,1
4405,Volkswagen Vento Petrol Highline AT,Chennai,2011,97320,Petrol,Automatic,First,14.4,1598.0,103.6,5.0,11.75,3.75,15,Volkswagen,6082.0,1
4406,Volkswagen Vento Diesel Trendline,Chennai,2011,99807,Diesel,Manual,First,20.54,1598.0,103.6,5.0,11.75,3.75,15,Volkswagen,6238.0,1
4407,Honda City 1.5 S MT,Pune,2013,46000,Petrol,Manual,First,17.0,1497.0,118.0,5.0,11.75,5.1,13,Honda,3286.0,1
4408,Maruti Wagon R LXI,Mumbai,2010,12000,Petrol,Manual,First,22.5,998.0,67.04,5.0,5.04,2.45,16,Maruti,706.0,1
4409,Skoda Superb 2.8 V6 AT,Kolkata,2005,13002,Petrol,Automatic,First,9.3,2771.0,193.1,5.0,11.75,3.25,21,Skoda,591.0,1
4410,Honda City i DTEC SV,Kolkata,2014,26000,Diesel,Manual,First,26.0,1498.0,98.6,5.0,11.75,5.5,12,Honda,2000.0,1
4412,Mercedes-Benz M-Class ML 350 4Matic,Coimbatore,2016,27833,Diesel,Automatic,First,0.0,2987.0,165.0,5.0,49.24,49.24,10,Mercedes-Benz,2530.0,1
4413,Maruti Alto 800 LXI,Kochi,2016,51639,Petrol,Manual,First,22.74,796.0,47.3,5.0,11.75,3.04,10,Maruti,4694.0,1
4414,Hyundai i20 Magna 1.2,Delhi,2015,21000,Petrol,Manual,First,18.6,1197.0,81.83,5.0,11.75,4.9,11,Hyundai,1750.0,1
4415,Ford Ecosport 1.5 DV5 MT Trend,Bangalore,2013,90000,Diesel,Manual,First,22.7,1498.0,89.84,5.0,11.75,6.25,13,Ford,6429.0,1
4416,BMW 3 Series GT 320d Luxury Line,Hyderabad,2015,36255,Diesel,Automatic,First,19.59,1995.0,184.0,5.0,33.0,33.0,11,BMW,3021.0,1
4417,BMW X5 xDrive 30d,Chennai,2011,58000,Diesel,Automatic,Second,11.7,2993.0,245.0,5.0,27.0,27.0,15,BMW,3625.0,0
4418,Honda Amaze S i-Vtech,Coimbatore,2014,48997,Petrol,Manual,Second,18.0,1198.0,86.7,5.0,11.75,5.21,12,Honda,3769.0,0
4419,Ford EcoSport 1.5 Ti VCT MT Titanium,Mumbai,2014,31130,Petrol,Manual,First,15.85,1499.0,110.4,5.0,11.75,5.75,12,Ford,2395.0,1
4420,Jaguar XF 3.0 Litre S Premium Luxury,Coimbatore,2012,75668,Diesel,Automatic,First,14.74,2993.0,270.9,5.0,16.58,16.58,14,Jaguar,5045.0,1
4421,Toyota Corolla 1.8 J,Delhi,2015,12000,Petrol,Manual,First,14.53,1798.0,138.0,5.0,11.75,11.0,11,Toyota,1000.0,1
4422,Hyundai i10 Sportz,Pune,2014,90000,Petrol,Manual,Second,20.36,1197.0,78.9,5.0,11.75,2.8,12,Hyundai,6923.0,0
4423,Mercedes-Benz New C-Class C220 CDI Executive Edition,Kochi,2019,17320,Diesel,Automatic,First,15.8,2148.0,170.0,5.0,37.99,37.99,7,Mercedes-Benz,2165.0,1
4424,Skoda Laura Ambiente 2.0 TDI CR MT,Delhi,2011,85000,Diesel,Manual,Second,20.0,1968.0,108.5,5.0,11.75,3.65,15,Skoda,5312.0,0
4425,Ford Endeavour 4x2 XLT,Hyderabad,2007,130000,Diesel,Manual,First,13.1,2499.0,141.0,7.0,11.75,6.0,19,Ford,6500.0,1
4426,Ford Figo Petrol EXI,Coimbatore,2013,60328,Petrol,Manual,First,15.6,1196.0,70.0,5.0,11.75,4.54,13,Ford,4309.0,1
4427,Honda Amaze S i-Vtech,Kochi,2015,34327,Petrol,Manual,First,18.0,1198.0,86.7,5.0,11.75,5.4,11,Honda,2861.0,1
4428,Tata Indica Vista TDI LS,Mumbai,2014,75000,Diesel,Manual,First,19.1,1405.0,70.0,5.0,11.75,3.3,12,Tata,5769.0,1
4429,Volvo XC60 D4 Summum,Hyderabad,2012,86000,Diesel,Automatic,Second,14.7,1985.0,163.0,5.0,18.25,18.25,14,Volvo,5733.0,0
4430,Datsun Redi GO Sport,Bangalore,2017,12000,Petrol,Manual,First,22.7,799.0,53.0,5.0,11.75,3.1,9,Datsun,1200.0,1
4431,Hyundai EON Era Plus,Kochi,2013,57759,Petrol,Manual,First,21.1,814.0,55.2,5.0,11.75,3.84,13,Hyundai,4126.0,1
4432,Maruti Alto 800 VXI,Kolkata,2016,24300,Petrol,Manual,First,22.74,796.0,47.3,5.0,11.75,2.44,10,Maruti,2209.0,1
4433,Volkswagen Polo Petrol Trendline 1.2L,Bangalore,2011,66000,Petrol,Manual,Second,16.47,1198.0,73.9,5.0,11.75,3.6,15,Volkswagen,4125.0,0
4434,Hyundai i10 Asta,Mumbai,2015,75915,Petrol,Manual,First,20.36,1197.0,78.9,5.0,11.75,3.9,11,Hyundai,6326.0,1
4435,Nissan Sunny 2011-2014 XL,Chennai,2013,107000,Petrol,Manual,Second,16.95,1498.0,97.7,5.0,11.75,2.9,13,Nissan,7643.0,0
4436,Toyota Corolla Altis G,Chennai,2008,86000,Petrol,Manual,Second,14.53,1798.0,138.1,5.0,11.75,3.5,18,Toyota,4526.0,0
4437,Hyundai Verna CRDi ABS,Chennai,2009,160000,Diesel,Manual,Second,18.1,1493.0,110.0,5.0,11.75,3.5,17,Hyundai,8889.0,0
4438,Maruti Alto 800 2016-2019 LXI Optional,Jaipur,2019,3000,Petrol,Manual,First,24.7,796.0,47.3,5.0,11.75,3.5,7,Maruti,375.0,1
4439,Hyundai i20 Sportz 1.4 CRDi,Hyderabad,2015,72495,Diesel,Manual,First,21.9,1396.0,88.76,5.0,11.75,7.0,11,Hyundai,6041.0,1
4440,Hyundai Verna 1.6 CRDi AT S,Chennai,2016,33000,Diesel,Automatic,First,19.08,1582.0,126.2,5.0,11.75,8.7,10,Hyundai,3000.0,1
4441,Audi Q7 3.0 TDI Quattro Technology,Hyderabad,2014,60000,Diesel,Automatic,First,12.07,2967.0,241.4,7.0,45.0,45.0,12,Audi,4615.0,1
4442,Tata Indica V2 eLS,Hyderabad,2016,80103,Diesel,Manual,First,25.0,1396.0,69.0,5.0,11.75,1.8,10,Tata,7282.0,1
4443,Chevrolet Spark 1.0 LS,Kolkata,2007,42100,Petrol,Manual,First,18.0,995.0,62.0,5.0,11.75,0.99,19,Chevrolet,2105.0,1
4444,Hyundai Grand i10 1.2 Kappa Magna,Kolkata,2018,4500,Petrol,Manual,First,18.9,1197.0,81.86,5.0,6.4,4.8,8,Hyundai,500.0,1
4445,Toyota Fortuner 4x4 MT TRD Sportivo,Mumbai,2014,97000,Diesel,Manual,First,12.55,2982.0,169.0,7.0,17.95,17.95,12,Toyota,7462.0,1
4446,Mahindra E Verito D4,Chennai,2016,50000,Electric,Automatic,First,18.19,72.0,41.0,5.0,13.58,13.0,10,Mahindra,4545.0,1
4447,Hyundai Grand i10 1.2 Kappa Asta,Kochi,2017,51223,Petrol,Manual,First,18.9,1197.0,81.86,5.0,7.48,5.66,9,Hyundai,5122.0,1
4448,Honda City 1.5 S MT,Delhi,2009,64000,Petrol,Manual,First,17.0,1497.0,118.0,5.0,11.75,3.1,17,Honda,3556.0,1
4449,Hyundai Elite i20 Petrol Asta,Kochi,2016,56911,Petrol,Manual,First,18.6,1197.0,81.86,5.0,11.75,6.54,10,Hyundai,5174.0,1
4450,Toyota Innova 2.5 G4 Diesel 8-seater,Hyderabad,2015,147848,Diesel,Manual,First,12.8,2494.0,102.0,8.0,13.2,13.2,11,Toyota,12321.0,1
4451,Ford Mustang V8,Kochi,2018,21290,Petrol,Automatic,First,13.0,4951.0,395.0,4.0,83.92,56.8,8,Ford,2366.0,1
4452,Toyota Innova Crysta 2.8 GX AT,Kochi,2019,14076,Diesel,Automatic,First,11.36,2755.0,171.5,7.0,20.74,19.4,7,Toyota,1760.0,1
4453,Maruti Zen Estilo 1.1 VXI BSIII,Ahmedabad,2007,75180,Petrol,Manual,First,18.2,1061.0,64.0,5.0,11.75,1.65,19,Maruti,3759.0,1
4454,Maruti Swift ZDi,Jaipur,2013,92000,Diesel,Manual,Second,22.9,1248.0,74.0,5.0,11.75,4.35,13,Maruti,6571.0,0
4455,Fiat Avventura MULTIJET Emotion,Hyderabad,2015,57266,Diesel,Manual,First,20.5,1248.0,91.72,5.0,11.75,6.5,11,Fiat,4772.0,1
4456,Maruti Zen Estilo VXI BSIII,Delhi,2007,64000,Petrol,Manual,First,18.2,998.0,67.1,5.0,11.75,1.11,19,Maruti,3200.0,1
4457,Renault Duster 85PS Diesel RxL,Mumbai,2013,41000,Diesel,Manual,First,19.87,1461.0,83.8,5.0,11.75,5.5,13,Renault,2929.0,1
4458,Mitsubishi Pajero 2.8 SFX,Delhi,2012,45999,Diesel,Manual,First,10.5,2835.0,107.2,6.0,11.75,11.0,14,Mitsubishi,3067.0,1
4459,Maruti Celerio VXI AT,Pune,2015,50000,Petrol,Automatic,First,23.1,998.0,67.04,5.0,11.75,3.9,11,Maruti,4167.0,1
4460,Tata Indica V2 DLS BSIII,Pune,2013,70000,Diesel,Manual,First,17.88,1405.0,48.21,5.0,11.75,1.8,13,Tata,5000.0,1
4461,Hyundai Elite i20 Petrol Asta,Kochi,2016,37540,Petrol,Manual,First,18.6,1197.0,81.86,5.0,11.75,6.22,10,Hyundai,3413.0,1
4462,Maruti Celerio VXI AT,Hyderabad,2014,44000,Petrol,Automatic,First,23.1,998.0,67.04,5.0,11.75,4.3,12,Maruti,3385.0,1
4463,Hyundai Grand i10 1.2 Kappa Asta,Hyderabad,2017,22500,Petrol,Manual,First,18.9,1197.0,81.86,5.0,7.82,5.99,9,Hyundai,2250.0,1
4464,Hyundai i20 1.2 Magna Executive,Delhi,2017,17431,Petrol,Manual,First,18.6,1197.0,81.83,5.0,11.75,6.0,9,Hyundai,1743.0,1
4465,Hyundai Verna 1.6 SX VTVT (O),Delhi,2014,61566,Petrol,Manual,First,17.1,1591.0,121.3,5.0,11.75,5.85,12,Hyundai,4736.0,1
4466,Land Rover Freelander 2 SE,Kochi,2014,61730,Diesel,Automatic,First,12.39,2179.0,147.51,5.0,19.94,19.94,12,Land,4748.0,1
4467,Maruti Swift VXI BSIII,Chennai,2009,68000,Petrol,Manual,First,16.1,1298.0,88.2,5.0,11.75,2.9,17,Maruti,3778.0,1
4468,Honda Amaze SX i-VTEC,Mumbai,2014,29000,Petrol,Manual,First,18.0,1198.0,86.7,5.0,11.75,4.25,12,Honda,2231.0,1
4469,Toyota Corolla Altis Diesel D4DG,Hyderabad,2010,156210,Diesel,Manual,First,21.43,1364.0,87.2,5.0,11.75,5.99,16,Toyota,9189.0,1
4470,Honda Amaze S Diesel,Kolkata,2013,46500,Diesel,Manual,First,27.4,1498.0,98.6,5.0,8.54,3.3,13,Honda,3321.0,1
4471,Audi A6 3.0 TDI quattro,Coimbatore,2009,52830,Diesel,Automatic,Second,16.77,2967.0,241.38,5.0,11.75,8.08,17,Audi,2935.0,0
4472,Maruti Wagon R VXI,Jaipur,2017,39867,Petrol,Manual,First,22.5,998.0,67.04,5.0,5.44,4.5,9,Maruti,3987.0,1
4473,Honda Mobilio E i DTEC,Hyderabad,2014,58972,Diesel,Manual,First,24.2,1498.0,98.6,7.0,11.75,6.5,12,Honda,4536.0,1
4474,Honda CR-V 2.4 4WD AT,Bangalore,2006,66000,Petrol,Automatic,Second,10.1,2354.0,152.0,5.0,11.75,3.9,20,Honda,3143.0,0
4475,Hyundai Verna 1.6 SX VTVT (O),Delhi,2013,52000,Petrol,Manual,First,17.1,1591.0,121.3,5.0,11.75,5.25,13,Hyundai,3714.0,1
4476,Hyundai Santa Fe 4x4 AT,Bangalore,2014,58000,Diesel,Automatic,First,11.72,2199.0,194.3,7.0,17.0,17.0,12,Hyundai,4462.0,1
4477,Hyundai i10 Sportz AT,Ahmedabad,2012,58000,Petrol,Automatic,First,16.95,1197.0,78.9,5.0,11.75,3.5,14,Hyundai,3867.0,1
4478,Ford Fusion Plus 1.4 TDCi Diesel,Hyderabad,2008,75000,Diesel,Manual,Second,17.7,1399.0,68.0,5.0,11.75,3.0,18,Ford,3947.0,0
4479,Hyundai i10 Sportz,Coimbatore,2015,41008,Petrol,Manual,Second,20.36,1197.0,78.9,5.0,11.75,4.87,11,Hyundai,3417.0,0
4480,Hyundai Xcent 1.1 CRDi SX Option,Jaipur,2014,65000,Diesel,Manual,First,24.4,1120.0,71.0,5.0,11.75,6.0,12,Hyundai,5000.0,1
4481,Skoda Superb Style 2.0 TDI AT,Mumbai,2015,19000,Diesel,Automatic,First,18.19,1968.0,174.5,5.0,36.94,15.5,11,Skoda,1583.0,1
4482,Ford Fiesta 1.4 Duratec EXI,Pune,2008,74000,Petrol,Manual,Second,16.6,1388.0,68.0,5.0,11.75,1.6,18,Ford,3895.0,0
4483,Maruti Baleno Zeta Automatic,Pune,2017,33000,Petrol,Automatic,First,21.4,1197.0,83.1,5.0,11.75,7.25,9,Maruti,3300.0,1
4484,Skoda Laura 1.9 TDI MT Ambiente,Mumbai,2010,95000,Diesel,Manual,Second,17.0,1896.0,105.0,5.0,11.75,3.25,16,Skoda,5588.0,0
4485,Volkswagen Vento 1.5 TDI Comfortline,Kolkata,2012,34000,Diesel,Manual,First,20.64,1498.0,108.5,5.0,11.16,3.4,14,Volkswagen,2267.0,1
4486,Audi Q7 3.0 TDI Quattro Technology,Coimbatore,2014,102865,Diesel,Automatic,First,12.07,2967.0,241.4,7.0,30.5,30.5,12,Audi,7913.0,1
4487,Hyundai Verna VTVT 1.6 SX Option,Kochi,2016,52378,Petrol,Manual,First,17.0,1591.0,121.3,5.0,13.6,7.97,10,Hyundai,4762.0,1
4488,Mercedes-Benz New C-Class 220 CDI AT,Delhi,2012,38000,Diesel,Automatic,First,14.84,2143.0,170.0,5.0,13.51,13.51,14,Mercedes-Benz,2533.0,1
4489,Honda Amaze S i-Dtech,Kochi,2015,60334,Diesel,Manual,First,25.8,1498.0,98.6,5.0,11.75,5.43,11,Honda,5028.0,1
4490,Ford Fiesta 1.4 Duratec EXI Limited Edition,Chennai,2010,107000,Petrol,Manual,First,16.6,1388.0,68.0,5.0,11.75,2.6,16,Ford,6294.0,1
4491,Hyundai i20 Magna Optional 1.2,Bangalore,2013,445000,Petrol,Manual,First,18.5,1197.0,82.9,5.0,11.75,4.45,13,Hyundai,31786.0,1
4492,Maruti Alto 800 LXI,Kolkata,2017,2196,Petrol,Manual,First,22.74,796.0,47.3,5.0,11.75,2.75,9,Maruti,220.0,1
4493,BMW 5 Series 530i Sedan,Kolkata,2010,24000,Petrol,Automatic,First,10.6,2996.0,258.0,5.0,11.75,8.75,16,BMW,1412.0,1
4494,Fiat Grande Punto 1.4 Emotion,Coimbatore,2015,44846,Petrol,Manual,Second,14.6,1368.0,88.7,5.0,11.75,5.41,11,Fiat,3737.0,0
4495,Maruti Dzire AMT ZDI Plus,Kochi,2018,64035,Diesel,Automatic,First,28.4,1248.0,73.75,5.0,10.7,8.55,8,Maruti,7115.0,1
4496,Mahindra XUV500 W6 2WD,Mumbai,2014,45600,Diesel,Manual,First,15.1,2179.0,140.0,7.0,11.75,8.25,12,Mahindra,3508.0,1
4497,Volvo XC90 2007-2015 D5 AT AWD,Kochi,2014,102001,Diesel,Automatic,First,11.1,2400.0,200.0,7.0,23.58,23.58,12,Volvo,7846.0,1
4498,Hyundai i10 Sportz 1.2,Coimbatore,2014,47439,Petrol,Manual,First,20.36,1197.0,78.9,5.0,11.75,4.49,12,Hyundai,3649.0,1
4499,Toyota Fortuner 3.0 Diesel,Hyderabad,2010,193254,Diesel,Manual,First,11.5,2982.0,171.0,7.0,12.99,12.99,16,Toyota,11368.0,1
4500,Tata Nano XTA,Bangalore,2016,29000,Petrol,Automatic,First,21.9,624.0,37.48,4.0,11.75,2.8,10,Tata,2636.0,1
4501,Renault Lodgy 110PS RxZ 8 Seater,Coimbatore,2016,51681,Diesel,Manual,First,19.98,1461.0,108.5,8.0,11.75,8.43,10,Renault,4698.0,1
4502,Audi Q7 3.0 TDI Quattro Premium Plus,Hyderabad,2015,50000,Diesel,Automatic,First,12.07,2967.0,241.4,7.0,47.5,47.5,11,Audi,4167.0,1
4503,Honda City i VTEC CVT VX,Mumbai,2016,42666,Petrol,Automatic,First,18.0,1497.0,117.3,5.0,11.75,8.95,10,Honda,3879.0,1
4504,Renault Duster 110PS Diesel RxL,Jaipur,2013,65000,Diesel,Manual,Second,19.01,1461.0,108.45,5.0,11.75,5.5,13,Renault,4643.0,0
4505,Honda Amaze S i-VTEC,Jaipur,2014,18776,Petrol,Manual,First,17.8,1198.0,86.7,5.0,11.75,4.75,12,Honda,1444.0,1
4506,Honda Amaze S i-Vtech,Jaipur,2016,6714,Petrol,Manual,First,18.0,1198.0,86.7,5.0,11.75,4.75,10,Honda,610.0,1
4507,BMW 3 Series 320i,Pune,2009,40000,Petrol,Automatic,Second,12.05,1995.0,154.0,5.0,11.75,9.5,17,BMW,2222.0,0
4508,Maruti Ritz LDi,Coimbatore,2011,88539,Diesel,Manual,First,23.2,1248.0,73.94,5.0,11.75,3.77,15,Maruti,5534.0,1
4509,Honda City 1.5 S MT,Delhi,2012,65055,Petrol,Manual,Second,17.0,1497.0,118.0,5.0,11.75,4.25,14,Honda,4337.0,0
4510,BMW 3 Series 320d Sport Line,Mumbai,2014,23000,Diesel,Automatic,First,18.88,1995.0,184.0,5.0,19.9,19.9,12,BMW,1769.0,1
4511,Volkswagen Jetta 2007-2011 1.9 TDI Trendline,Chennai,2009,60000,Diesel,Manual,First,15.0,1896.0,105.0,5.0,11.75,4.0,17,Volkswagen,3333.0,1
4512,Maruti Swift Dzire LXI,Kochi,2013,59350,Petrol,Manual,First,19.1,1197.0,85.8,5.0,11.75,4.16,13,Maruti,4239.0,1
4513,Jaguar XF 2.2 Litre Executive,Bangalore,2015,19000,Diesel,Automatic,Second,16.36,2179.0,187.7,5.0,38.0,38.0,11,Jaguar,1583.0,0
4514,Hyundai Xcent 1.2 Kappa AT SX Option,Kochi,2016,45560,Petrol,Automatic,First,16.9,1197.0,82.0,5.0,11.75,6.34,10,Hyundai,4142.0,1
4515,Toyota Innova 2.5 G (Diesel) 7 Seater BS IV,Pune,2009,118000,Diesel,Manual,First,12.8,2494.0,102.0,8.0,11.75,4.5,17,Toyota,6556.0,1
4516,Maruti Eeco 7 Seater Standard,Chennai,2016,55000,Petrol,Manual,First,15.1,1196.0,73.0,7.0,4.87,3.75,10,Maruti,5000.0,1
4517,Audi A4 New 2.0 TDI Multitronic,Delhi,2012,60000,Diesel,Automatic,Second,15.2,1968.0,140.8,5.0,11.75,10.2,14,Audi,4000.0,0
4518,Toyota Innova 2.5 G (Diesel) 7 Seater BS IV,Chennai,2007,145000,Diesel,Manual,First,12.8,2494.0,102.0,8.0,11.75,5.0,19,Toyota,7250.0,1
4519,Maruti Grand Vitara MT,Mumbai,2008,46810,Petrol,Manual,First,9.8,1995.0,163.5,5.0,11.75,3.95,18,Maruti,2464.0,1
4520,Volkswagen Vento 1.5 TDI Highline,Coimbatore,2016,62767,Diesel,Manual,First,20.34,1498.0,103.2,5.0,14.2,9.75,10,Volkswagen,5706.0,1
4521,Hyundai Elite i20 Petrol Asta,Kochi,2018,18553,Petrol,Manual,First,18.6,1197.0,81.86,5.0,11.75,7.93,8,Hyundai,2061.0,1
4522,Ford Fiesta Classic 1.4 Duratorq CLXI,Hyderabad,2011,143143,Diesel,Manual,First,17.8,1399.0,67.0,5.0,11.75,2.1,15,Ford,8946.0,1
4523,Mitsubishi Pajero Sport 4X4,Coimbatore,2015,53497,Diesel,Manual,First,13.5,2477.0,175.56,7.0,34.6,16.42,11,Mitsubishi,4458.0,1
4524,Hyundai Santa Fe 4X4,Bangalore,2011,148000,Diesel,Manual,Second,14.66,2199.0,194.3,7.0,11.75,8.9,15,Hyundai,9250.0,0
4525,Mahindra XUV500 W8 2WD,Pune,2012,95000,Diesel,Manual,First,15.1,2179.0,140.0,7.0,11.75,7.21,14,Mahindra,6333.0,1
4526,Toyota Innova 2.5 V Diesel 8-seater,Chennai,2015,100000,Diesel,Manual,First,12.8,2494.0,102.0,8.0,13.5,13.5,11,Toyota,8333.0,1
4527,Mercedes-Benz GLE 350d,Chennai,2016,29000,Diesel,Automatic,First,11.57,2987.0,254.79,5.0,92.79,65.0,10,Mercedes-Benz,2636.0,1
4528,Mahindra Scorpio 2009-2014 SLE 7S BSIV,Bangalore,2014,87000,Diesel,Manual,First,12.05,2179.0,120.0,7.0,11.75,7.4,12,Mahindra,6692.0,1
4529,Honda City 1.5 S AT,Kochi,2014,56838,Petrol,Automatic,First,16.8,1497.0,118.0,5.0,11.75,5.15,12,Honda,4372.0,1
4530,Mercedes-Benz GL-Class 2007 2012 350 CDI Luxury,Pune,2013,100000,Diesel,Automatic,First,12.0,2987.0,224.0,7.0,32.0,32.0,13,Mercedes-Benz,7143.0,1
4531,Honda City 1.5 S MT,Kolkata,2011,125000,Petrol,Manual,First,17.0,1497.0,118.0,5.0,11.75,3.25,15,Honda,7812.0,1
4532,Maruti Wagon R VXI AMT,Kolkata,2017,17000,Petrol,Automatic,First,22.5,998.0,67.0,5.0,5.8,3.95,9,Maruti,1700.0,1
4533,Tata Indigo eCS GLE BSIII,Pune,2013,70000,Petrol,Manual,Second,15.4,1193.0,65.0,5.0,11.75,1.5,13,Tata,5000.0,0
4534,Hyundai i20 2015-2017 1.2 Asta with AVN,Pune,2010,50000,Petrol,Manual,Second,17.0,1197.0,80.0,5.0,11.75,3.0,16,Hyundai,2941.0,0
4535,Honda Jazz Active,Kolkata,2010,39800,Petrol,Manual,First,16.0,1198.0,90.0,5.0,11.75,1.99,16,Honda,2341.0,1
4536,Maruti A-Star Lxi,Kolkata,2010,60000,Petrol,Manual,First,19.0,998.0,66.1,5.0,11.75,1.35,16,Maruti,3529.0,1
4537,BMW 3 Series 320d Highline,Hyderabad,2009,58000,Diesel,Automatic,First,16.07,1995.0,181.0,5.0,13.5,13.5,17,BMW,3222.0,1
4538,Skoda Yeti Elegance,Hyderabad,2010,110009,Diesel,Manual,First,17.67,1968.0,138.08,5.0,11.75,6.99,16,Skoda,6471.0,1
4539,Nissan Terrano XV Premium 110 PS,Hyderabad,2013,85000,Diesel,Manual,First,19.01,1461.0,108.5,5.0,11.75,8.5,13,Nissan,6071.0,1
4540,Volkswagen Polo Diesel Comfortline 1.2L,Pune,2010,84000,Diesel,Manual,Second,22.07,1199.0,73.9,5.0,11.75,2.89,16,Volkswagen,4941.0,0
4541,BMW 3 Series 320d,Mumbai,2011,51000,Diesel,Automatic,First,22.69,1995.0,190.0,5.0,47.87,10.5,15,BMW,3188.0,1
4542,Nissan Sunny 2011-2014 XL,Kochi,2013,68880,Petrol,Manual,First,16.95,1498.0,97.7,5.0,11.75,3.97,13,Nissan,4920.0,1
4543,Maruti Alto K10 VXI AGS,Chennai,2017,5500,Petrol,Automatic,First,24.07,998.0,67.1,5.0,11.75,4.25,9,Maruti,550.0,1
4544,Maruti Ritz ZXI,Coimbatore,2016,40052,Petrol,Manual,First,21.1,1197.0,85.8,5.0,11.75,6.17,10,Maruti,3641.0,1
4545,Audi Q5 30 TDI quattro Premium Plus,Coimbatore,2016,47293,Diesel,Automatic,First,14.16,1968.0,174.3,5.0,38.72,38.72,10,Audi,4299.0,1
4546,Hyundai Verna CRDi SX,Hyderabad,2013,79663,Diesel,Manual,First,16.8,1493.0,110.0,5.0,11.75,6.5,13,Hyundai,5690.0,1
4547,Honda Amaze S i-Dtech,Jaipur,2013,63000,Diesel,Manual,Second,25.8,1498.0,98.6,5.0,11.75,4.25,13,Honda,4500.0,0
4548,Honda City i DTEC SV,Kolkata,2014,45000,Diesel,Manual,First,26.0,1498.0,98.6,5.0,11.75,4.75,12,Honda,3462.0,1
4549,Toyota Fortuner TRD Sportivo 2.8 2WD AT,Kochi,2014,56501,Diesel,Automatic,First,12.9,2755.0,174.5,7.0,17.71,17.71,12,Toyota,4346.0,1
4550,Volkswagen Vento 1.5 TDI Highline,Jaipur,2015,58000,Diesel,Manual,First,20.34,1498.0,103.2,5.0,14.2,5.85,11,Volkswagen,4833.0,1
4551,BMW 5 Series 520d Luxury Line,Coimbatore,2011,51602,Diesel,Automatic,First,22.48,1995.0,190.0,5.0,63.71,17.27,15,BMW,3225.0,1
4552,BMW 3 Series 320d Sedan,Hyderabad,2007,74199,Diesel,Automatic,First,16.07,1995.0,181.0,5.0,11.75,9.25,19,BMW,3710.0,1
4553,Hyundai Creta 1.6 SX Plus Petrol Automatic,Ahmedabad,2017,25000,Petrol,Automatic,First,13.0,1591.0,121.3,5.0,12.75,12.75,9,Hyundai,2500.0,1
4554,BMW 3 Series Luxury Line,Pune,2016,70000,Diesel,Automatic,Second,21.76,1995.0,190.0,5.0,62.11,27.0,10,BMW,6364.0,0
4555,Mercedes-Benz New C-Class C 220 CDI BE Avantgare,Bangalore,2013,25000,Diesel,Automatic,Second,14.84,2143.0,167.62,5.0,21.0,21.0,13,Mercedes-Benz,1786.0,0
4556,Maruti Swift Dzire VDI,Hyderabad,2017,22000,Diesel,Manual,First,26.59,1248.0,74.0,5.0,11.75,7.95,9,Maruti,2200.0,1
4557,Maruti Celerio ZXI,Hyderabad,2015,47020,Petrol,Manual,Second,23.1,998.0,67.04,5.0,11.75,4.5,11,Maruti,3918.0,0
4558,BMW 3 Series 320d GT Luxury Line,Mumbai,2017,8000,Diesel,Automatic,First,19.59,1995.0,187.74,5.0,33.75,33.75,9,BMW,800.0,1
4559,Audi Q7 4.2 TDI Quattro Technology,Delhi,2010,73000,Diesel,Automatic,First,11.33,4134.0,335.2,7.0,17.51,17.51,16,Audi,4294.0,1
4560,Honda Jazz V,Kochi,2017,36973,Petrol,Manual,First,18.2,1199.0,88.7,5.0,8.71,6.8,9,Honda,3697.0,1
4561,Tata Nano Cx BSIV,Coimbatore,2014,42083,Petrol,Manual,First,25.4,624.0,37.48,4.0,11.75,1.68,12,Tata,3237.0,1
4562,Maruti Alto 800 2016-2019 LXI,Chennai,2016,61000,Petrol,Manual,First,24.7,796.0,47.3,5.0,11.75,2.9,10,Maruti,5545.0,1
4563,Maruti Wagon R VXI,Mumbai,2014,43628,Petrol,Manual,First,22.5,998.0,67.04,5.0,5.61,3.16,12,Maruti,3356.0,1
4564,Hyundai Xcent 1.1 CRDi Base,Jaipur,2014,60000,Diesel,Manual,First,24.4,1120.0,71.0,5.0,11.75,3.9,12,Hyundai,4615.0,1
4565,Chevrolet Beat LT,Delhi,2010,54000,Petrol,Manual,Second,17.8,1199.0,76.8,5.0,11.75,1.95,16,Chevrolet,3176.0,0
4566,Jaguar XF 2.2 Litre Luxury,Kochi,2015,27001,Diesel,Automatic,First,16.36,2179.0,187.7,5.0,26.52,26.52,11,Jaguar,2250.0,1
4567,Volkswagen Passat Diesel Highline 2.0 TDI,Chennai,2010,52000,Diesel,Automatic,First,18.33,1968.0,167.7,5.0,11.75,9.0,16,Volkswagen,3059.0,1
4568,Hyundai i20 Asta 1.4 CRDi,Hyderabad,2012,80000,Diesel,Manual,First,21.27,1396.0,88.76,5.0,11.75,4.5,14,Hyundai,5333.0,1
4569,Mitsubishi Pajero 2.8 SFX,Chennai,2008,160000,Diesel,Manual,First,10.5,2835.0,107.2,6.0,11.75,8.75,18,Mitsubishi,8421.0,1
4570,Maruti Vitara Brezza ZDi Plus AMT Dual Tone,Chennai,2018,3300,Diesel,Automatic,First,24.3,1248.0,88.5,5.0,12.88,11.5,8,Maruti,367.0,1
4571,Maruti Alto K10 LXI,Delhi,2016,35027,Petrol,Manual,First,24.07,998.0,67.1,5.0,3.91,3.0,10,Maruti,3184.0,1
4572,Hyundai EON Magna Plus,Coimbatore,2015,26568,Petrol,Manual,First,21.1,814.0,55.2,5.0,11.75,3.79,11,Hyundai,2214.0,1
4573,Maruti Ciaz VDi Plus SHVS,Ahmedabad,2015,59000,Diesel,Manual,First,28.09,1248.0,88.5,5.0,11.75,6.0,11,Maruti,4917.0,1
4574,Hyundai Creta 1.6 CRDi SX Option,Bangalore,2016,51000,Diesel,Manual,First,19.67,1582.0,126.2,5.0,13.25,13.25,10,Hyundai,4636.0,1
4575,Skoda Superb Ambition 2.0 TDI CR AT,Delhi,2012,56400,Diesel,Automatic,First,17.2,1968.0,138.1,5.0,11.75,8.0,14,Skoda,3760.0,1
4576,Volkswagen Polo 1.5 TDI Highline,Hyderabad,2015,80000,Diesel,Manual,First,20.14,1498.0,88.8,5.0,10.15,5.8,11,Volkswagen,6667.0,1
4577,BMW 5 Series 520d Sedan,Delhi,2012,72000,Diesel,Automatic,Third,18.48,1497.0,98.6,5.0,13.85,13.85,14,BMW,4800.0,0
4578,Toyota Innova 2.5 VX (Diesel) 7 Seater,Hyderabad,2013,107000,Diesel,Manual,Second,12.99,2494.0,100.6,7.0,13.5,13.5,13,Toyota,7643.0,0
4579,Mercedes-Benz E-Class 2009-2013 E250 CDI Elegance,Pune,2014,100000,Diesel,Automatic,First,14.21,2143.0,203.0,5.0,25.0,25.0,12,Mercedes-Benz,7692.0,1
4580,Volkswagen Polo 1.5 TDI Highline,Kochi,2016,59998,Diesel,Manual,First,20.14,1498.0,88.8,5.0,10.15,5.49,10,Volkswagen,5454.0,1
4581,Audi Q3 2.0 TDI,Hyderabad,2013,105000,Diesel,Automatic,First,17.32,1968.0,150.0,5.0,19.0,19.0,13,Audi,7500.0,1
4582,Hyundai i20 1.2 Magna,Kolkata,2011,36000,Petrol,Manual,First,18.5,1197.0,80.0,5.0,11.75,2.5,15,Hyundai,2250.0,1
4583,Hyundai i10 Sportz 1.1L,Kolkata,2015,24350,Petrol,Manual,Second,19.81,1086.0,68.05,5.0,11.75,3.0,11,Hyundai,2029.0,0
4584,Tata Tigor 1.05 Revotorq XT,Kochi,2018,28973,Diesel,Manual,First,24.7,1047.0,69.0,5.0,11.75,6.64,8,Tata,3219.0,1
4585,Hyundai EON Era,Kochi,2017,8243,Petrol,Manual,First,21.1,814.0,55.2,5.0,11.75,3.21,9,Hyundai,824.0,1
4586,Hyundai Santro Xing GLS,Chennai,2009,136642,Petrol,Manual,Second,17.92,1086.0,62.1,5.0,11.75,1.55,17,Hyundai,7591.0,0
4587,Hyundai Santro Xing GLS,Hyderabad,2011,60000,Petrol,Manual,First,17.92,1086.0,62.1,5.0,11.75,2.59,15,Hyundai,3750.0,1
4588,Mahindra Scorpio SLX,Chennai,2008,100000,Diesel,Manual,Second,12.7,2609.0,120.0,8.0,11.75,4.0,18,Mahindra,5263.0,0
4589,Honda City i-VTEC S,Jaipur,2010,48689,Petrol,Manual,First,17.4,1497.0,117.3,5.0,11.75,3.87,16,Honda,2864.0,1
4590,Maruti Vitara Brezza ZDi,Bangalore,2017,45000,Diesel,Manual,First,24.3,1248.0,88.5,5.0,11.0,9.75,9,Maruti,4500.0,1
4591,Audi A4 35 TDI Technology Edition,Kochi,2019,38163,Diesel,Automatic,First,17.11,1968.0,174.33,5.0,32.91,32.91,7,Audi,4770.0,1
4592,Mercedes-Benz E-Class 2009-2013 E250 CDI Elegance,Chennai,2011,43800,Diesel,Automatic,Second,14.21,2143.0,203.0,5.0,16.75,16.75,15,Mercedes-Benz,2738.0,0
4593,Honda Civic 2006-2010 1.8 MT Sport,Jaipur,2007,92000,Petrol,Manual,First,13.5,1799.0,130.0,5.0,11.75,1.9,19,Honda,4600.0,1
4594,Hyundai i20 Magna 1.2,Kochi,2017,14064,Petrol,Manual,First,18.6,1197.0,81.83,5.0,11.75,6.59,9,Hyundai,1406.0,1
4595,Audi Q3 35 TDI Quattro Premium Plus,Coimbatore,2017,42366,Diesel,Automatic,First,15.73,1968.0,174.33,5.0,48.64,31.93,9,Audi,4237.0,1
4596,Honda City i DTEC VX,Jaipur,2014,76551,Diesel,Manual,First,25.1,1498.0,98.6,5.0,11.75,7.25,12,Honda,5889.0,1
4597,Hyundai i10 Era 1.1 iTech SE,Pune,2008,72672,Petrol,Manual,First,19.81,1086.0,68.05,5.0,11.75,1.9,18,Hyundai,3825.0,1
4598,Maruti Swift VDI BSIV,Kolkata,2015,45000,Diesel,Manual,First,25.2,1248.0,74.0,5.0,11.75,3.55,11,Maruti,3750.0,1
4599,Ford Endeavour 3.0L 4X4 AT,Hyderabad,2012,91696,Diesel,Automatic,First,11.4,2953.0,153.86,7.0,11.75,9.25,14,Ford,6113.0,1
4600,Ford Ikon 1.3 Flair,Kochi,2009,66484,Petrol,Manual,First,13.8,1299.0,70.0,5.0,11.75,1.65,17,Ford,3694.0,1
4601,BMW X1 sDrive 20d xLine,Coimbatore,2019,15456,Diesel,Automatic,First,20.68,1995.0,190.0,5.0,48.18,36.64,7,BMW,1932.0,1
4602,Mercedes-Benz E-Class 2009-2013 E250 CDI Classic,Mumbai,2011,55000,Diesel,Automatic,Second,14.21,2143.0,203.0,5.0,16.0,16.0,15,Mercedes-Benz,3438.0,0
4604,Honda Jazz Select Edition,Pune,2011,98000,Petrol,Manual,First,16.7,1497.0,98.6,5.0,11.75,3.15,15,Honda,6125.0,1
4605,Honda Amaze S i-Dtech,Ahmedabad,2014,61297,Diesel,Manual,First,25.8,1498.0,98.6,5.0,11.75,4.35,12,Honda,4715.0,1
4606,Maruti Zen LXi - BS III,Hyderabad,2006,80000,Petrol,Manual,Second,17.3,993.0,60.0,5.0,11.75,1.2,20,Maruti,3810.0,0
4607,Hyundai i20 Magna,Jaipur,2013,59000,Petrol,Manual,Second,18.5,1197.0,80.0,5.0,11.75,4.1,13,Hyundai,4214.0,0
4608,BMW X5 3.0d,Chennai,2009,150000,Diesel,Automatic,First,11.0,2993.0,235.0,5.0,18.75,18.75,17,BMW,8333.0,1
4609,Hyundai Creta 1.6 CRDi SX Option,Coimbatore,2017,60083,Diesel,Manual,First,19.67,1582.0,126.2,5.0,13.78,13.78,9,Hyundai,6008.0,1
4610,Maruti Swift Dzire LDI,Kolkata,2016,85450,Diesel,Manual,First,26.59,1248.0,74.0,5.0,11.75,4.0,10,Maruti,7768.0,1
4611,Maruti Swift VDI,Jaipur,2013,88000,Diesel,Manual,First,22.9,1248.0,74.0,5.0,7.92,4.33,13,Maruti,6286.0,1
4612,Hyundai Grand i10 1.2 CRDi Asta,Kochi,2015,81828,Diesel,Manual,First,24.0,1186.0,73.97,5.0,8.68,5.43,11,Hyundai,6819.0,1
4613,Ford Figo Aspire 1.2 Ti-VCT Trend,Mumbai,2016,18000,Petrol,Manual,First,18.16,1196.0,86.8,5.0,11.75,4.9,10,Ford,1636.0,1
4614,BMW X5 X5 M,Chennai,2017,15000,Diesel,Automatic,First,15.97,2993.0,258.0,5.0,70.0,70.0,9,BMW,1500.0,1
4615,Mercedes-Benz New C-Class C 220 CDI Celebration Edition,Kolkata,2016,34000,Diesel,Automatic,First,11.78,2143.0,167.62,5.0,25.5,25.5,10,Mercedes-Benz,3091.0,1
4616,Hyundai Grand i10 AT Asta,Ahmedabad,2015,46000,Petrol,Automatic,First,18.9,1197.0,82.0,5.0,11.75,5.1,11,Hyundai,3833.0,1
4617,Hyundai Verna 1.6 SX CRDi (O),Hyderabad,2013,48158,Diesel,Manual,First,22.32,1582.0,126.32,5.0,11.75,6.7,13,Hyundai,3440.0,1
4618,BMW 5 Series 525d Sedan,Hyderabad,2013,93000,Diesel,Automatic,First,16.73,2993.0,218.0,5.0,26.5,26.5,13,BMW,6643.0,1
4619,Nissan Micra Diesel XV Premium,Ahmedabad,2013,71007,Diesel,Manual,First,23.08,1461.0,63.1,5.0,11.75,3.9,13,Nissan,5072.0,1
4620,Maruti SX4 ZXI MT BSIV,Pune,2010,63067,Petrol,Manual,Second,15.5,1586.0,103.3,5.0,11.75,2.7,16,Maruti,3710.0,0
4621,Tata Manza Aura Quadrajet BS IV,Hyderabad,2011,70259,Diesel,Manual,First,21.12,1248.0,88.8,5.0,11.75,2.95,15,Tata,4391.0,1
4622,Audi A4 2.0 TDI Multitronic,Ahmedabad,2015,13000,Diesel,Automatic,First,16.55,1968.0,140.0,5.0,23.0,23.0,11,Audi,1083.0,1
4623,Maruti Swift Ldi BSIV,Pune,2009,140000,Diesel,Manual,Second,17.8,1248.0,75.0,5.0,11.75,2.49,17,Maruti,7778.0,0
4624,Maruti Swift LDI Optional,Jaipur,2015,130000,Diesel,Manual,First,25.2,1248.0,74.0,5.0,11.75,4.5,11,Maruti,10833.0,1
4625,Toyota Corolla Altis Diesel D4DJ,Delhi,2011,89401,Diesel,Manual,First,21.43,1364.0,87.2,5.0,11.75,4.5,15,Toyota,5588.0,1
4626,Honda Jazz 1.5 VX i DTEC,Hyderabad,2015,67000,Diesel,Manual,First,27.3,1498.0,98.6,5.0,11.75,6.9,11,Honda,5583.0,1
4627,BMW 6 Series 650i Coupe,Kochi,2010,65329,Petrol,Automatic,First,7.94,4395.0,450.0,4.0,20.72,20.72,16,BMW,3843.0,1
4628,Skoda Fabia 1.2 Petrol Active,Jaipur,2010,72000,Petrol,Manual,First,16.25,1198.0,73.9,5.0,11.75,2.21,16,Skoda,4235.0,1
4630,Land Rover Freelander 2 HSE,Mumbai,2011,82000,Diesel,Automatic,Second,12.35,2179.0,187.74,5.0,13.9,13.9,15,Land,5125.0,0
4631,Ford Fiesta 1.6 ZXi Duratec,Pune,2010,85000,Petrol,Manual,First,15.3,1596.0,101.0,5.0,11.75,1.46,16,Ford,5000.0,1
4632,Hyundai Verna SX CRDi AT,Pune,2012,83000,Diesel,Automatic,First,19.08,1582.0,126.32,5.0,11.75,6.0,14,Hyundai,5533.0,1
4633,Renault KWID 1.0 RXT Optional,Jaipur,2016,26000,Petrol,Manual,First,21.7,999.0,67.0,5.0,4.78,3.0,10,Renault,2364.0,1
4634,Tata Indica Vista Quadrajet 90 ZX Plus,Delhi,2012,27000,Diesel,Manual,First,22.3,1248.0,88.8,5.0,11.75,3.5,14,Tata,1800.0,1
4635,Hyundai i20 Active 1.4 SX,Kochi,2018,37746,Diesel,Manual,First,21.19,1396.0,88.73,5.0,11.75,7.59,8,Hyundai,4194.0,1
4636,Maruti SX4 Zxi BSIII,Mumbai,2009,63274,Petrol,Manual,Second,15.0,1586.0,104.68,5.0,11.75,1.99,17,Maruti,3515.0,0
4637,Renault KWID RXT,Hyderabad,2016,25000,Petrol,Manual,First,25.17,799.0,53.3,5.0,11.75,3.8,10,Renault,2273.0,1
4638,Mahindra Xylo E4 ABS BS III,Bangalore,2013,197000,Diesel,Manual,First,11.68,2498.0,112.0,7.0,11.75,4.0,13,Mahindra,14071.0,1
4639,Hyundai EON D Lite Plus,Bangalore,2013,45010,Petrol,Manual,Second,21.1,814.0,55.2,5.0,11.75,2.95,13,Hyundai,3215.0,0
4640,Honda Amaze VX i-DTEC,Delhi,2013,75348,Diesel,Manual,First,25.8,1498.0,98.6,5.0,11.75,3.75,13,Honda,5382.0,1
4641,Volkswagen Polo Diesel Highline 1.2L,Kolkata,2010,90110,Diesel,Manual,First,22.07,1199.0,73.9,5.0,11.75,2.5,16,Volkswagen,5301.0,1
4642,Honda City 1.5 V MT,Pune,2011,102013,Petrol,Manual,First,17.0,1497.0,118.0,5.0,11.75,3.75,15,Honda,6376.0,1
4643,Toyota Fortuner 4x2 AT,Pune,2015,36000,Diesel,Automatic,First,12.55,2982.0,168.5,7.0,22.0,22.0,11,Toyota,3000.0,1
4644,Honda Amaze E i-Vtech,Kochi,2017,37578,Petrol,Manual,First,18.0,1198.0,86.7,5.0,11.75,6.14,9,Honda,3758.0,1
4645,BMW 1 Series 118d Base,Pune,2015,46001,Diesel,Automatic,First,20.58,1995.0,143.0,5.0,16.0,16.0,11,BMW,3833.0,1
4646,Maruti Celerio VXI AT,Hyderabad,2014,46559,Petrol,Automatic,First,23.1,998.0,67.04,5.0,11.75,3.75,12,Maruti,3581.0,1
4647,Toyota Innova 2.5 GX (Diesel) 8 Seater,Mumbai,2015,48000,Diesel,Manual,First,12.99,2494.0,100.6,8.0,11.75,11.75,11,Toyota,4000.0,1
4648,Jaguar XF 2.2 Litre Luxury,Pune,2013,46000,Diesel,Automatic,Second,16.36,2179.0,187.7,5.0,24.0,24.0,13,Jaguar,3286.0,0
4649,Honda WRV i-VTEC VX,Hyderabad,2017,15000,Petrol,Manual,First,17.5,1199.0,88.7,5.0,10.83,8.9,9,Honda,1500.0,1
4650,BMW X1 sDrive20d,Chennai,2012,85000,Diesel,Automatic,Third,17.05,1995.0,184.0,5.0,11.75,10.0,14,BMW,5667.0,0
4651,Skoda Rapid 1.6 MPI AT Elegance,Mumbai,2014,32000,Petrol,Automatic,First,14.3,1598.0,103.5,5.0,11.75,5.55,12,Skoda,2462.0,1
4652,Volkswagen Vento 1.6 Comfortline,Kochi,2012,60818,Petrol,Manual,First,16.09,1598.0,103.5,5.0,11.05,3.59,14,Volkswagen,4055.0,1
4653,Ford EcoSport 1.5 TDCi Trend Plus BE,Coimbatore,2019,35188,Diesel,Manual,First,22.77,1498.0,98.59,5.0,11.75,11.13,7,Ford,4398.0,1
4654,Mahindra XUV500 W6 2WD,Jaipur,2012,110000,Diesel,Manual,First,15.1,2179.0,140.0,7.0,11.75,7.2,14,Mahindra,7333.0,1
4655,Ford Fiesta Classic 1.4 Duratorq LXI,Mumbai,2014,61000,Diesel,Manual,First,18.6,1388.0,67.0,5.0,11.75,2.98,12,Ford,4692.0,1
4656,Hyundai Santro Xing GLS,Pune,2010,75000,Petrol,Manual,Second,17.92,1086.0,62.1,5.0,11.75,1.7,16,Hyundai,4412.0,0
4657,Mercedes-Benz GL-Class 2007 2012 350 CDI Luxury,Delhi,2015,55000,Diesel,Automatic,First,12.0,2987.0,224.0,7.0,52.0,52.0,11,Mercedes-Benz,4583.0,1
4658,Maruti Alto LXi BSII,Pune,2003,69966,Petrol,Manual,First,19.7,796.0,46.3,5.0,11.75,0.95,23,Maruti,2915.0,1
4659,Honda City i VTEC VX Option,Mumbai,2016,42000,Petrol,Manual,First,17.8,1497.0,117.3,5.0,11.75,9.25,10,Honda,3818.0,1
4660,Hyundai Santa Fe 2WD AT,Bangalore,2014,48000,Diesel,Automatic,First,13.01,2199.0,194.3,7.0,16.25,16.25,12,Hyundai,3692.0,1
4661,Mercedes-Benz GLA Class 200 CDI SPORT,Kolkata,2015,35000,Diesel,Automatic,First,17.9,2143.0,136.0,5.0,20.99,20.99,11,Mercedes-Benz,2917.0,1
4662,Toyota Innova 2.5 G4 Diesel 8-seater,Chennai,2005,128000,Diesel,Manual,Second,12.8,2494.0,102.0,8.0,11.75,4.25,21,Toyota,5818.0,0
4663,BMW 3 Series 320d Sedan,Bangalore,2008,78000,Diesel,Automatic,Second,16.07,1995.0,181.0,5.0,11.75,7.2,18,BMW,4105.0,0
4664,Maruti Swift ZXI,Hyderabad,2011,53080,Petrol,Manual,First,18.6,1197.0,85.8,5.0,11.75,4.4,15,Maruti,3318.0,1
4665,Volkswagen Vento Petrol Highline,Pune,2011,66000,Petrol,Manual,Second,15.04,1598.0,103.6,5.0,11.75,4.25,15,Volkswagen,4125.0,0
4666,Maruti Ertiga VXI,Ahmedabad,2012,25000,Petrol,Manual,First,16.02,1373.0,93.7,7.0,11.75,5.35,14,Maruti,1667.0,1
4667,Hyundai Grand i10 AT Asta,Coimbatore,2016,36139,Petrol,Automatic,Second,18.9,1197.0,82.0,5.0,11.75,6.3,10,Hyundai,3285.0,0
4668,Hyundai Creta 1.6 CRDi SX,Delhi,2017,44000,Diesel,Manual,First,19.67,1582.0,126.2,5.0,12.5,12.5,9,Hyundai,4400.0,1
4669,Audi A6 3.0 TDI quattro,Ahmedabad,2008,50000,Diesel,Automatic,Second,16.77,2967.0,241.38,5.0,11.75,7.5,18,Audi,2632.0,0
4670,Mahindra XUV500 W8 1.99 mHawk,Delhi,2016,81177,Diesel,Manual,First,16.0,1997.0,140.0,7.0,11.75,11.25,10,Mahindra,7380.0,1
4671,Ford EcoSport 1.5 Ti VCT AT Titanium BE,Mumbai,2016,26000,Petrol,Automatic,First,16.05,1499.0,110.4,5.0,11.75,7.65,10,Ford,2364.0,1
4672,Hyundai Xcent 1.1 CRDi Base,Mumbai,2016,100000,Diesel,Manual,First,24.4,1120.0,71.0,5.0,11.75,4.5,10,Hyundai,9091.0,1
4673,Volkswagen Vento 1.5 TDI Comfortline AT,Hyderabad,2014,75000,Diesel,Automatic,First,21.21,1498.0,103.2,5.0,11.75,7.5,12,Volkswagen,5769.0,1
4674,Mercedes-Benz S-Class 280 AT,Kochi,2004,119859,Petrol,Automatic,First,13.0,2987.0,210.0,5.0,11.75,7.1,22,Mercedes-Benz,5211.0,1
4675,Hyundai i10 Magna,Mumbai,2010,55980,Petrol,Manual,First,20.36,1197.0,78.9,5.0,11.75,2.25,16,Hyundai,3293.0,1
4676,Audi A4 35 TDI Technology Edition,Hyderabad,2015,30000,Diesel,Automatic,First,17.11,1968.0,174.33,5.0,27.0,27.0,11,Audi,2500.0,1
4677,Hyundai i20 Sportz 1.4 CRDi,Pune,2012,49700,Diesel,Manual,Second,21.9,1396.0,88.76,5.0,11.75,4.18,14,Hyundai,3313.0,0
4678,Hyundai Verna 1.4 EX,Chennai,2013,79000,Diesel,Manual,First,23.5,1396.0,88.7,5.0,11.75,6.5,13,Hyundai,5643.0,1
4679,Honda City 1.5 V MT,Delhi,2010,65100,Petrol,Manual,First,17.0,1497.0,118.0,5.0,11.75,3.15,16,Honda,3829.0,1
4680,Maruti Ertiga VDI,Pune,2016,54161,Diesel,Manual,First,25.47,1248.0,88.5,7.0,11.27,7.64,10,Maruti,4924.0,1
4681,Maruti Alto LXi BSII,Hyderabad,2011,28619,Petrol,Manual,First,19.7,796.0,46.3,5.0,11.75,2.4,15,Maruti,1789.0,1
4682,Maruti Wagon R AMT VXI,Mumbai,2016,9000,Petrol,Automatic,First,20.51,998.0,67.0,5.0,11.75,4.25,10,Maruti,818.0,1
4683,Hyundai Verna 1.6 CRDi AT SX,Kochi,2016,42876,Diesel,Automatic,First,19.08,1582.0,126.2,5.0,11.75,9.31,10,Hyundai,3898.0,1
4684,Maruti Alto LXi BSIII,Bangalore,2011,64000,Petrol,Manual,First,19.7,796.0,46.3,5.0,11.75,2.39,15,Maruti,4000.0,1
4685,Volkswagen Vento 1.6 Comfortline,Kochi,2018,20488,Petrol,Manual,Second,16.09,1598.0,103.5,5.0,11.48,7.64,8,Volkswagen,2276.0,0
4686,Maruti Baleno Zeta 1.2,Delhi,2016,21000,Petrol,Manual,First,21.4,1197.0,83.1,5.0,11.75,6.21,10,Maruti,1909.0,1
4687,Land Rover Freelander 2 TD4 SE,Jaipur,2012,119203,Diesel,Automatic,First,0.0,2179.0,115.0,5.0,16.5,16.5,14,Land,7947.0,1
4688,Honda CR-V 2.0L 2WD AT,Kochi,2011,55987,Petrol,Automatic,First,13.7,1997.0,153.86,5.0,11.75,8.22,15,Honda,3499.0,1
4689,Toyota Fortuner 2.8 2WD MT,Coimbatore,2017,72668,Diesel,Manual,First,14.24,2755.0,174.5,7.0,37.17,28.85,9,Toyota,7267.0,1
4690,Honda City V AT,Mumbai,2015,32000,Petrol,Automatic,First,15.6,1497.0,116.3,5.0,11.75,8.5,11,Honda,2667.0,1
4691,Mercedes-Benz SLK-Class 55 AMG,Bangalore,2014,3000,Petrol,Automatic,Second,12.0,5461.0,421.0,2.0,90.0,90.0,12,Mercedes-Benz,231.0,0
4692,Honda City i-VTEC S,Mumbai,2015,10400,Petrol,Manual,First,17.4,1497.0,117.3,5.0,11.75,6.51,11,Honda,867.0,1
4693,Maruti Swift VDI,Mumbai,2013,35000,Diesel,Manual,First,22.9,1248.0,74.0,5.0,7.92,4.65,13,Maruti,2500.0,1
4694,Toyota Corolla Altis 2008-2013 1.8 VL AT,Kochi,2013,55101,Petrol,Automatic,First,14.53,1794.0,138.1,5.0,11.75,8.4,13,Toyota,3936.0,1
4695,Toyota Etios Cross 1.4L VD,Bangalore,2014,57464,Diesel,Manual,First,23.59,1364.0,67.06,5.0,9.99,5.75,12,Toyota,4420.0,1
4696,Maruti Wagon R LX,Jaipur,2006,110000,Petrol,Manual,First,18.9,998.0,67.1,5.0,11.75,1.11,20,Maruti,5238.0,1
4697,Fiat Punto 1.2 Dynamic,Kochi,2017,17941,Petrol,Manual,First,15.7,1497.0,98.6,5.0,11.75,3.93,9,Fiat,1794.0,1
4698,Mercedes-Benz E-Class 2015-2017 E 200 CGI,Mumbai,2014,72000,Petrol,Automatic,First,12.0,1991.0,184.0,5.0,17.25,17.25,12,Mercedes-Benz,5538.0,1
4699,Jaguar XF Aero Sport Edition,Delhi,2012,16000,Diesel,Automatic,First,16.36,2179.0,187.7,5.0,32.0,32.0,14,Jaguar,1067.0,1
4700,Hyundai i20 Sportz Petrol,Kochi,2011,62020,Petrol,Manual,First,17.0,1197.0,80.0,5.0,11.75,3.45,15,Hyundai,3876.0,1
4701,Land Rover Freelander 2 SE,Pune,2014,85000,Diesel,Automatic,Second,12.39,2179.0,147.51,5.0,23.0,23.0,12,Land,6538.0,0
4702,Hyundai Elite i20 Petrol Sportz,Kochi,2018,14223,Petrol,Manual,First,18.6,1197.0,81.86,5.0,11.75,7.32,8,Hyundai,1580.0,1
4703,Honda Amaze S i-Vtech,Jaipur,2014,41210,Petrol,Manual,First,18.0,1198.0,86.7,5.0,11.75,4.4,12,Honda,3170.0,1
4704,Mercedes-Benz M-Class ML 350 4Matic,Bangalore,2015,20000,Diesel,Automatic,First,0.0,2987.0,165.0,5.0,47.35,47.35,11,Mercedes-Benz,1667.0,1
4705,Maruti Alto 800 VXI,Coimbatore,2016,18043,Petrol,Manual,First,22.74,796.0,47.3,5.0,11.75,4.12,10,Maruti,1640.0,1
4706,Toyota Innova Crysta 2.8 ZX AT,Chennai,2016,80000,Diesel,Automatic,First,11.36,2755.0,171.5,7.0,26.95,19.5,10,Toyota,7273.0,1
4707,Hyundai Grand i10 AT Asta,Hyderabad,2016,21000,Petrol,Automatic,First,18.9,1197.0,82.0,5.0,11.75,6.2,10,Hyundai,1909.0,1
4708,BMW X3 xDrive30d M Sport,Bangalore,2016,49000,Diesel,Automatic,First,16.55,2993.0,258.0,5.0,45.0,45.0,10,BMW,4455.0,1
4710,Hyundai i20 Magna,Chennai,2010,95000,Petrol,Manual,Second,18.5,1197.0,80.0,5.0,11.75,2.8,16,Hyundai,5588.0,0
4711,Hyundai Grand i10 AT Asta,Pune,2015,32000,Petrol,Automatic,First,18.9,1197.0,82.0,5.0,11.75,4.8,11,Hyundai,2667.0,1
4712,Hyundai Santro Xing XG,Pune,2003,80000,Petrol,Manual,Second,17.0,1497.0,98.6,5.0,11.75,0.9,23,Hyundai,3333.0,0
4713,Ford Fiesta 1.5 TDCi Titanium,Hyderabad,2014,122800,Diesel,Manual,First,25.01,1498.0,89.75,5.0,11.75,5.65,12,Ford,9446.0,1
4715,Maruti Swift Dzire VDI,Ahmedabad,2015,69000,Diesel,Manual,First,26.59,1248.0,74.0,5.0,11.75,5.9,11,Maruti,5750.0,1
4716,Toyota Etios VXD,Pune,2015,65000,Diesel,Manual,Second,23.59,1364.0,67.04,5.0,11.75,5.0,11,Toyota,5417.0,0
4717,Hyundai Xcent 1.2 Kappa Base,Ahmedabad,2015,23000,Petrol,Manual,First,19.1,1197.0,82.0,5.0,11.75,4.9,11,Hyundai,1917.0,1
4718,Honda Civic 2006-2010 1.8 S MT,Ahmedabad,2009,70000,Petrol,Manual,First,13.5,1799.0,130.0,5.0,11.75,4.25,17,Honda,3889.0,1
4719,Toyota Innova 2.5 GX (Diesel) 8 Seater,Chennai,2014,250000,Diesel,Manual,First,12.99,2494.0,100.6,8.0,11.75,10.9,12,Toyota,19231.0,1
4720,Hyundai Accent GLE,Delhi,2012,56000,Petrol,Manual,First,13.2,1495.0,94.0,5.0,11.75,2.45,14,Hyundai,3733.0,1
4721,Maruti Alto 800 LXI,Pune,2013,30000,Petrol,Manual,First,22.74,796.0,47.3,5.0,11.75,2.5,13,Maruti,2143.0,1
4722,Mercedes-Benz SL-Class SL 500,Kolkata,2010,35000,Petrol,Automatic,First,8.1,5461.0,387.3,2.0,29.5,29.5,16,Mercedes-Benz,2059.0,1
4723,Ford Ecosport 1.5 DV5 MT Titanium Optional,Jaipur,2013,92250,Diesel,Manual,Second,22.7,1498.0,89.84,5.0,11.75,5.75,13,Ford,6589.0,0
4724,Hyundai Xcent 1.2 VTVT E,Pune,2018,40000,Petrol,Manual,First,20.14,1197.0,81.86,5.0,6.71,5.0,8,Hyundai,4444.0,1
4725,Skoda Rapid 1.6 MPI AT Ambition Plus,Kochi,2014,96848,Petrol,Automatic,First,14.3,1598.0,103.6,5.0,11.75,4.62,12,Skoda,7450.0,1
4726,Audi Q3 2012-2015 35 TDI Quattro Premium Plus,Delhi,2016,42000,Diesel,Automatic,First,15.73,1968.0,174.33,5.0,23.5,23.5,10,Audi,3818.0,1
4727,Mahindra XUV500 W8 2WD,Kolkata,2013,55886,Diesel,Manual,First,16.0,2179.0,140.0,7.0,11.75,7.25,13,Mahindra,3992.0,1
4728,Hyundai Verna VTVT 1.6 SX Option,Kochi,2019,12336,Petrol,Manual,First,17.0,1591.0,121.3,5.0,13.6,11.88,7,Hyundai,1542.0,1
4729,Hyundai Verna Xi (Petrol),Chennai,2009,60000,Petrol,Manual,Third,13.9,1599.0,103.2,5.0,11.75,2.25,17,Hyundai,3333.0,0
4730,Ford Ikon 1.6 CLXI,Pune,2003,83000,Petrol,Manual,Second,14.2,1597.0,92.0,5.0,11.75,0.85,23,Ford,3458.0,0
4731,Nissan Micra Active XV,Pune,2018,24000,Petrol,Manual,First,19.69,1198.0,67.04,5.0,6.99,4.0,8,Nissan,2667.0,1
4732,Honda Brio VX AT,Pune,2016,32198,Petrol,Automatic,First,16.5,1198.0,86.8,5.0,11.75,5.1,10,Honda,2927.0,1
4733,Toyota Innova 2.5 GX (Diesel) 7 Seater,Hyderabad,2014,92247,Diesel,Manual,First,12.99,2494.0,100.6,7.0,12.5,12.5,12,Toyota,7096.0,1
4734,Volkswagen Vento 1.5 TDI Highline,Chennai,2011,121311,Diesel,Manual,First,20.64,1498.0,108.5,5.0,14.32,2.9,15,Volkswagen,7582.0,1
4735,Mahindra XUV500 W10 AWD,Coimbatore,2016,66296,Diesel,Manual,First,16.0,2179.0,140.0,7.0,15.96,15.96,10,Mahindra,6027.0,1
4736,Hyundai Xcent 1.2 Kappa AT SX Option,Mumbai,2015,41000,Petrol,Automatic,First,16.9,1197.0,82.0,5.0,11.75,5.45,11,Hyundai,3417.0,1
4737,Ford Endeavour 2.2 Trend MT 4X4,Kochi,2017,38681,Diesel,Manual,First,13.5,2198.0,157.7,7.0,23.86,23.86,9,Ford,3868.0,1
4738,Chevrolet Spark 1.0 LT,Kochi,2008,43761,Petrol,Manual,First,18.0,995.0,62.0,5.0,11.75,1.75,18,Chevrolet,2303.0,1
4739,Maruti Ertiga SHVS VDI,Hyderabad,2017,17400,Diesel,Manual,First,24.52,1248.0,88.5,7.0,11.75,9.75,9,Maruti,1740.0,1
4740,Honda Amaze S i-Dtech,Bangalore,2013,61510,Diesel,Manual,First,25.8,1498.0,98.6,5.0,11.75,4.75,13,Honda,4394.0,1
4741,Honda City i VTEC S,Delhi,2014,60000,Petrol,Manual,First,17.4,1497.0,117.3,5.0,11.75,6.25,12,Honda,4615.0,1
4742,Mini Cooper Countryman D,Bangalore,2014,35165,Diesel,Automatic,Second,23.8,1998.0,112.0,5.0,22.0,22.0,12,Mini,2705.0,0
4743,Toyota Corolla Altis 2008-2013 1.8 VL AT,Kochi,2016,41617,Petrol,Automatic,First,14.53,1794.0,138.1,5.0,14.14,14.14,10,Toyota,3783.0,1
4745,Skoda Superb Elegance 1.8 TSI AT,Delhi,2014,65000,Petrol,Automatic,First,13.7,1798.0,157.75,5.0,11.95,11.95,12,Skoda,5000.0,1
4746,Maruti Wagon R LXI BS IV,Delhi,2011,68000,Petrol,Manual,First,18.9,998.0,67.1,5.0,11.75,2.5,15,Maruti,4250.0,1
4747,Hyundai i10 Era 1.1,Mumbai,2013,49000,Petrol,Manual,First,19.81,1086.0,68.05,5.0,11.75,2.75,13,Hyundai,3500.0,1
4748,Tata Tiago 1.2 Revotron XT Option,Coimbatore,2019,16698,Petrol,Manual,First,23.84,1199.0,84.0,5.0,6.21,5.85,7,Tata,2087.0,1
4749,Maruti Baleno Zeta 1.2,Ahmedabad,2016,30965,Petrol,Manual,First,21.4,1197.0,83.1,5.0,11.75,6.25,10,Maruti,2815.0,1
4750,Volkswagen Vento 1.6 Highline,Mumbai,2014,56058,Petrol,Manual,First,15.04,1598.0,103.2,5.0,11.91,4.95,12,Volkswagen,4312.0,1
4751,Hyundai Grand i10 1.2 Kappa Sportz Option,Pune,2017,15356,Petrol,Manual,First,18.9,1197.0,81.86,5.0,11.75,4.75,9,Hyundai,1536.0,1
4752,Ford Figo Diesel EXI,Delhi,2013,54000,Diesel,Manual,First,20.0,1399.0,68.05,5.0,11.75,2.55,13,Ford,3857.0,1
4753,Honda Civic 2010-2013 1.8 V AT Sunroof,Pune,2011,47000,Petrol,Automatic,Second,13.9,1799.0,130.3,5.0,11.75,4.5,15,Honda,2938.0,0
4754,Maruti Alto 800 LXI,Kochi,2015,21652,Petrol,Manual,First,22.74,796.0,47.3,5.0,11.75,3.01,11,Maruti,1804.0,1
4755,Land Rover Range Rover Evoque 2.0 TD4 HSE Dynamic,Hyderabad,2016,52000,Diesel,Automatic,First,15.68,1999.0,177.0,5.0,74.49,42.0,10,Land,4727.0,1
4756,Audi A6 2.7 TDI,Kolkata,2010,35010,Diesel,Automatic,First,12.4,2698.0,179.5,5.0,11.75,11.5,16,Audi,2059.0,1
4757,Mercedes-Benz E-Class 280 CDI,Hyderabad,2006,76662,Diesel,Automatic,First,11.0,2987.0,198.5,5.0,11.75,10.99,20,Mercedes-Benz,3651.0,1
4758,Honda City 1.5 V AT Exclusive,Jaipur,2009,89000,Petrol,Automatic,First,17.0,1497.0,118.0,5.0,11.75,3.71,17,Honda,4944.0,1
4759,Honda CR-V 2.4 4WD AT,Jaipur,2006,80000,Petrol,Automatic,Third,10.1,2354.0,152.0,5.0,11.75,2.0,20,Honda,3810.0,0
4760,Maruti Ciaz 1.3 Alpha,Kochi,2018,39023,Diesel,Manual,First,28.09,1248.0,88.5,5.0,11.75,9.48,8,Maruti,4336.0,1
4761,Maruti Wagon R LXI,Jaipur,2004,62000,Petrol,Manual,Second,18.9,998.0,67.1,5.0,4.890000000000001,1.25,22,Maruti,2696.0,0
4762,Hyundai Creta 1.6 CRDi SX Option,Jaipur,2015,78046,Diesel,Manual,First,19.67,1582.0,126.2,5.0,11.75,10.9,11,Hyundai,6504.0,1
4763,Maruti Ciaz VDi Plus SHVS,Kolkata,2015,34400,Diesel,Manual,First,28.09,1248.0,88.5,5.0,11.75,5.5,11,Maruti,2867.0,1
4764,Hyundai EON D Lite Plus,Coimbatore,2016,64624,Petrol,Manual,First,21.1,814.0,55.2,5.0,11.75,3.71,10,Hyundai,5875.0,1
4765,Maruti Ertiga VXI,Mumbai,2014,69192,Petrol,Manual,First,16.02,1373.0,93.7,7.0,11.75,6.25,12,Maruti,5322.0,1
4766,Volkswagen Vento Diesel Highline,Chennai,2012,55000,Diesel,Manual,First,20.54,1598.0,103.6,5.0,11.75,4.9,14,Volkswagen,3667.0,1
4767,Honda City 1.5 GXI,Mumbai,2005,81000,Petrol,Manual,Second,12.8,1493.0,100.0,5.0,11.75,1.1,21,Honda,3682.0,0
4768,Volkswagen Polo Petrol Trendline 1.2L,Kochi,2016,36733,Petrol,Manual,First,16.47,1198.0,73.9,5.0,11.75,4.72,10,Volkswagen,3339.0,1
4770,Mercedes-Benz GLA Class 200 CDI,Mumbai,2016,43022,Diesel,Automatic,First,17.9,2143.0,136.0,5.0,24.85,24.85,10,Mercedes-Benz,3911.0,1
4771,Hyundai Santa Fe 4X2,Jaipur,2013,74000,Diesel,Manual,First,14.66,2199.0,194.3,7.0,12.25,12.25,13,Hyundai,5286.0,1
4772,Maruti Swift VDI,Kolkata,2014,47000,Diesel,Manual,First,22.9,1248.0,74.0,5.0,7.92,3.9,12,Maruti,3615.0,1
4773,Hyundai Elite i20 Sportz Plus,Kochi,2017,37460,Petrol,Manual,First,18.6,1197.0,81.86,5.0,8.03,6.28,9,Hyundai,3746.0,1
4774,Mahindra Xylo E8 BS IV,Mumbai,2011,130000,Diesel,Manual,First,14.0,2498.0,112.0,8.0,11.75,2.75,15,Mahindra,8125.0,1
4775,Hyundai Grand i10 Asta Option,Coimbatore,2017,31576,Petrol,Manual,First,18.9,1197.0,82.0,5.0,11.75,7.85,9,Hyundai,3158.0,1
4776,Volkswagen Vento Petrol Highline,Mumbai,2011,66000,Petrol,Manual,First,15.04,1598.0,103.6,5.0,11.75,2.95,15,Volkswagen,4125.0,1
4777,Honda Accord 2.4 A/T,Mumbai,2008,79000,Petrol,Automatic,Second,11.7,2354.0,177.6,5.0,11.75,4.85,18,Honda,4158.0,0
4778,Mercedes-Benz S-Class S 350 d,Bangalore,2011,47140,Diesel,Automatic,Second,13.5,2925.0,281.61,5.0,171.0,30.0,15,Mercedes-Benz,2946.0,0
4779,Mercedes-Benz B Class B200 CDI,Bangalore,2016,36610,Diesel,Automatic,First,15.0,2143.0,107.3,5.0,19.9,19.9,10,Mercedes-Benz,3328.0,1
4780,Hyundai Creta 1.6 SX Option Diesel,Bangalore,2016,93000,Diesel,Manual,First,20.5,1582.0,126.2,5.0,19.18,10.8,10,Hyundai,8455.0,1
4781,Maruti Alto LXI,Hyderabad,2007,52195,Petrol,Manual,First,19.7,796.0,46.3,5.0,11.75,1.75,19,Maruti,2610.0,1
4782,Audi A3 35 TDI Premium,Mumbai,2016,20003,Diesel,Automatic,First,20.38,1968.0,143.0,5.0,19.25,19.25,10,Audi,1818.0,1
4783,Renault Duster 85PS Diesel RxL,Delhi,2013,66314,Diesel,Manual,First,19.87,1461.0,83.8,5.0,11.75,5.5,13,Renault,4737.0,1
4784,Ford Fiesta 1.4 ZXi TDCi ABS,Chennai,2009,76000,Diesel,Manual,First,17.8,1399.0,68.0,5.0,11.75,2.75,17,Ford,4222.0,1
4785,Hyundai Creta 1.6 SX Plus Diesel,Bangalore,2015,29000,Diesel,Manual,First,19.67,1582.0,126.2,5.0,13.0,13.0,11,Hyundai,2417.0,1
4786,Ford Figo Diesel ZXI,Mumbai,2011,30000,Diesel,Manual,First,20.0,1399.0,68.0,5.0,11.75,3.2,15,Ford,1875.0,1
4787,Volkswagen Polo Petrol Highline 1.6L,Coimbatore,2013,56526,Petrol,Manual,First,15.26,1598.0,103.5,5.0,11.75,5.84,13,Volkswagen,4038.0,1
4788,Volvo V40 D3 R Design,Hyderabad,2015,38000,Diesel,Automatic,Second,16.8,1969.0,150.0,5.0,37.9,24.0,11,Volvo,3167.0,0
4789,Hyundai Verna SX CRDi AT,Chennai,2012,41000,Diesel,Automatic,First,19.08,1582.0,126.32,5.0,11.75,6.25,14,Hyundai,2733.0,1
4790,BMW 7 Series 2007-2012 730Ld,Hyderabad,2009,53000,Diesel,Automatic,First,14.49,2993.0,258.0,5.0,36.0,36.0,17,BMW,2944.0,1
4791,Mitsubishi Lancer GLXD,Chennai,2003,125000,Diesel,Manual,Third,14.8,1998.0,68.0,5.0,11.75,3.0,23,Mitsubishi,5208.0,0
4792,Toyota Fortuner 3.0 Diesel,Chennai,2010,242000,Diesel,Manual,First,11.5,2982.0,171.0,7.0,11.75,11.0,16,Toyota,14235.0,1
4793,Maruti Ciaz VDi Plus,Chennai,2015,90000,Diesel,Manual,First,26.21,1248.0,88.5,5.0,11.75,6.5,11,Maruti,7500.0,1
4794,Maruti Vitara Brezza VDi Option,Hyderabad,2018,11000,Diesel,Manual,First,24.3,1248.0,88.5,5.0,11.75,9.4,8,Maruti,1222.0,1
4795,BMW 3 Series Luxury Line,Kochi,2018,21936,Diesel,Automatic,First,21.76,1995.0,190.0,5.0,58.67,37.92,8,BMW,2437.0,1
4796,Volkswagen Vento Petrol Highline AT,Pune,2013,41000,Petrol,Automatic,First,14.4,1598.0,103.6,5.0,11.75,5.25,13,Volkswagen,2929.0,1
4797,Hyundai i20 1.2 Asta,Chennai,2011,47000,Petrol,Manual,First,17.0,1197.0,80.0,5.0,11.75,4.5,15,Hyundai,2938.0,1
4798,BMW X5 3.0d,Chennai,2009,110000,Diesel,Automatic,First,11.0,2993.0,235.0,5.0,18.0,18.0,17,BMW,6111.0,1
4799,Hyundai Xcent 1.2 Kappa S,Coimbatore,2015,45960,Petrol,Manual,First,19.1,1197.0,82.0,5.0,11.75,5.56,11,Hyundai,3830.0,1
4800,Mercedes-Benz E-Class 2009-2013 E250 CDI Blue Efficiency,Bangalore,2013,48000,Diesel,Automatic,First,14.21,2143.0,203.0,5.0,22.0,22.0,13,Mercedes-Benz,3429.0,1
4801,Land Rover Freelander 2 SE,Hyderabad,2011,68000,Diesel,Automatic,First,12.39,2179.0,147.51,5.0,22.0,22.0,15,Land,4250.0,1
4802,Hyundai i10 Magna,Mumbai,2011,41000,Petrol,Manual,First,20.36,1197.0,78.9,5.0,11.75,2.65,15,Hyundai,2562.0,1
4803,Hyundai Verna 1.6 SX CRDi (O),Jaipur,2013,69573,Diesel,Manual,Second,22.32,1582.0,126.32,5.0,11.75,5.85,13,Hyundai,4970.0,0
4804,Volkswagen Jetta 2012-2014 2.0L TDI Highline,Chennai,2012,115000,Diesel,Manual,First,19.33,1968.0,138.1,5.0,11.75,6.95,14,Volkswagen,7667.0,1
4805,Mahindra XUV500 W8 2WD,Kolkata,2012,47629,Diesel,Manual,First,15.1,2179.0,140.0,7.0,11.75,6.5,14,Mahindra,3175.0,1
4806,Maruti Omni 8 Seater BSII,Jaipur,2004,66624,Petrol,Manual,Third,19.7,796.0,35.0,8.0,11.75,0.85,22,Maruti,2897.0,0
4807,Skoda Superb Style 1.8 TSI AT,Delhi,2013,80000,Petrol,Automatic,Second,14.67,1798.0,177.46,5.0,32.54,7.25,13,Skoda,5714.0,0
4808,Maruti Swift VDI,Pune,2012,94868,Diesel,Manual,First,22.9,1248.0,74.0,5.0,7.92,4.5,14,Maruti,6325.0,1
4809,Mahindra Scorpio 2.6 LX,Mumbai,2010,76477,Diesel,Manual,First,10.5,2179.0,120.0,8.0,11.75,4.25,16,Mahindra,4499.0,1
4810,Mercedes-Benz GLA Class 200 Sport Edition,Chennai,2016,28000,Petrol,Automatic,First,13.7,1991.0,183.0,5.0,26.0,26.0,10,Mercedes-Benz,2545.0,1
4811,Mahindra Thar CRDe,Coimbatore,2017,28599,Diesel,Manual,First,16.55,2498.0,105.0,6.0,11.71,9.66,9,Mahindra,2860.0,1
4812,Renault Duster 110PS Diesel RxZ,Bangalore,2013,45348,Diesel,Manual,Second,19.01,1461.0,108.45,5.0,15.01,6.85,13,Renault,3239.0,0
4813,Audi Q5 2008-2012 2.0 TDI,Coimbatore,2013,80127,Diesel,Automatic,First,12.8,1968.0,167.6,5.0,23.68,23.68,13,Audi,5723.0,1
4814,Land Rover Freelander 2 SE,Delhi,2013,68000,Diesel,Automatic,Second,12.39,2179.0,147.51,5.0,15.75,15.75,13,Land,4857.0,0
4815,Volkswagen Vento Diesel Comfortline,Pune,2012,75000,Diesel,Manual,Third,20.54,1598.0,103.6,5.0,11.75,3.5,14,Volkswagen,5000.0,0
4816,BMW 5 Series 2003-2012 540i Sedan,Delhi,2006,48000,Petrol,Automatic,Second,11.62,2979.0,306.0,5.0,11.75,6.99,20,BMW,2286.0,0
4817,Hyundai Elantra CRDi SX,Coimbatore,2019,41871,Diesel,Manual,First,22.7,1582.0,126.2,5.0,15.57,15.57,7,Hyundai,5234.0,1
4818,Tata Sumo EX,Coimbatore,2015,84931,Diesel,Manual,First,15.3,2956.0,83.8,7.0,11.75,5.29,11,Tata,7078.0,1
4819,Datsun redi-GO T,Kolkata,2016,15000,Petrol,Manual,First,22.7,799.0,53.64,5.0,3.98,2.25,10,Datsun,1364.0,1
4820,BMW X5 xDrive 30d,Chennai,2009,110000,Diesel,Automatic,First,11.7,2993.0,245.0,5.0,20.0,20.0,17,BMW,6111.0,1
4821,BMW 6 Series 630i Coupe,Mumbai,2011,5900,Petrol,Automatic,First,7.94,4395.0,450.0,4.0,47.5,47.5,15,BMW,369.0,1
4822,Maruti Alto Vxi 1.1,Chennai,2002,103653,Petrol,Manual,Second,18.9,1061.0,47.0,5.0,11.75,1.22,24,Maruti,4146.0,0
4823,Volkswagen Polo Petrol Comfortline 1.2L,Chennai,2012,64806,Petrol,Manual,First,16.47,1198.0,73.9,5.0,11.75,3.65,14,Volkswagen,4320.0,1
4824,Datsun GO Plus A,Pune,2016,35000,Petrol,Manual,First,20.62,1198.0,67.0,7.0,11.75,3.1,10,Datsun,3182.0,1
4825,Hyundai Creta 1.6 VTVT S,Bangalore,2016,40000,Petrol,Manual,First,15.29,1591.0,121.3,5.0,11.75,11.5,10,Hyundai,3636.0,1
4826,Maruti Alto K10 VXI,Kochi,2015,23876,Petrol,Manual,First,24.07,998.0,67.1,5.0,4.09,3.46,11,Maruti,1990.0,1
4827,Hyundai Santa Fe 4X4,Coimbatore,2013,67901,Diesel,Manual,First,14.66,2199.0,194.3,7.0,11.75,8.38,13,Hyundai,4850.0,1
4828,Volkswagen Polo GT TDI,Pune,2014,68865,Diesel,Manual,First,15.11,1598.0,103.6,5.0,11.75,4.8,12,Volkswagen,5297.0,1
4829,Honda Amaze S i-Dtech,Pune,2014,71000,Diesel,Manual,Second,25.8,1498.0,98.6,5.0,11.75,4.5,12,Honda,5462.0,0
4831,Maruti Swift VDI,Kolkata,2014,25000,Diesel,Manual,First,22.9,1248.0,74.0,5.0,7.92,3.95,12,Maruti,1923.0,1
4832,Skoda Rapid 1.6 TDI Ambition,Hyderabad,2012,180000,Diesel,Manual,First,20.5,1598.0,103.5,5.0,11.75,3.65,14,Skoda,12000.0,1
4833,Mercedes-Benz E-Class 280 CDI,Mumbai,2005,131000,Diesel,Automatic,First,11.0,2987.0,198.5,5.0,11.75,10.0,21,Mercedes-Benz,5955.0,1
4834,Mahindra Scorpio SLE BSIV,Delhi,2011,65000,Diesel,Manual,Second,12.05,2179.0,120.0,8.0,11.75,4.0,15,Mahindra,4062.0,0
4835,Nissan Sunny 2011-2014 Diesel XL,Hyderabad,2012,117777,Diesel,Manual,First,21.64,1461.0,84.8,5.0,11.75,4.75,14,Nissan,7852.0,1
4836,Maruti Swift Dzire VXi,Bangalore,2009,65000,Petrol,Manual,Second,17.5,1298.0,85.8,5.0,11.75,3.1,17,Maruti,3611.0,0
4837,Hyundai EON Sportz,Kochi,2017,46897,Petrol,Manual,First,21.1,814.0,55.2,5.0,11.75,3.61,9,Hyundai,4690.0,1
4838,Honda Brio S MT,Coimbatore,2015,36695,Petrol,Manual,First,19.4,1198.0,86.8,5.0,11.75,4.29,11,Honda,3058.0,1
4839,Nissan Micra XV Primo,Kolkata,2011,43000,Petrol,Manual,First,18.06,1198.0,75.0,5.0,11.75,2.13,15,Nissan,2688.0,1
4840,Maruti Alto LXi BSII,Mumbai,2008,54000,Petrol,Manual,First,19.7,796.0,46.3,5.0,11.75,1.1,18,Maruti,2842.0,1
4841,BMW 3 Series 320d,Hyderabad,2011,89000,Diesel,Automatic,First,22.69,1995.0,190.0,5.0,47.2,13.95,15,BMW,5562.0,1
4842,Volkswagen Polo 1.2 MPI Highline,Mumbai,2014,7000,Petrol,Manual,First,16.47,1198.0,74.0,5.0,11.75,5.35,12,Volkswagen,538.0,1
4843,Maruti Celerio LXI,Hyderabad,2014,58470,Petrol,Manual,First,23.1,998.0,67.04,5.0,11.75,3.9,12,Maruti,4498.0,1
4844,Maruti Wagon R VXI 1.2,Kolkata,2014,37000,Petrol,Manual,First,21.5,1197.0,81.8,5.0,5.56,2.8,12,Maruti,2846.0,1
4845,Maruti Ciaz ZDi Plus,Mumbai,2016,29000,Diesel,Manual,First,26.21,1248.0,88.5,5.0,11.75,8.75,10,Maruti,2636.0,1
4846,Audi A4 2.0 TDI,Hyderabad,2013,52000,Diesel,Automatic,First,16.55,1968.0,147.51,5.0,19.5,19.5,13,Audi,3714.0,1
4847,Honda Brio S MT,Kolkata,2013,32807,Petrol,Manual,First,19.4,1198.0,86.8,5.0,11.75,2.75,13,Honda,2343.0,1
4848,Mahindra Scorpio VLX 2WD AT BSIV,Hyderabad,2013,86000,Diesel,Automatic,First,11.79,2179.0,120.0,8.0,11.75,8.0,13,Mahindra,6143.0,1
4849,Honda City i DTEC V,Delhi,2014,66500,Diesel,Manual,First,26.0,1498.0,98.6,5.0,11.75,5.7,12,Honda,5115.0,1
4850,BMW X1 sDrive20d,Ahmedabad,2012,94000,Diesel,Automatic,First,17.05,1995.0,184.0,5.0,12.5,12.5,14,BMW,6267.0,1
4851,Chevrolet Spark 1.0 LT,Chennai,2011,29000,Petrol,Manual,Second,18.0,995.0,62.0,5.0,11.75,1.75,15,Chevrolet,1812.0,0
4852,Ford Figo Diesel EXI,Chennai,2010,107389,Diesel,Manual,Second,20.0,1399.0,68.0,5.0,11.75,1.9,16,Ford,6317.0,0
4853,Maruti Swift VXI BSIV,Ahmedabad,2015,36100,Petrol,Manual,First,20.4,1197.0,81.8,5.0,11.75,4.5,11,Maruti,3008.0,1
4854,Mercedes-Benz New C-Class C 220 CDI Avantgarde,Mumbai,2015,16329,Diesel,Automatic,First,19.27,2143.0,170.0,5.0,30.3,30.3,11,Mercedes-Benz,1361.0,1
4855,Skoda Octavia Elegance 2.0 TDI AT,Hyderabad,2014,36000,Diesel,Automatic,First,19.3,1968.0,141.0,5.0,16.0,16.0,12,Skoda,2769.0,1
4856,BMW X3 xDrive20d xLine,Kochi,2017,41816,Diesel,Automatic,First,18.56,1995.0,190.0,5.0,32.78,32.78,9,BMW,4182.0,1
4857,Hyundai EON Era Plus,Jaipur,2015,54680,Petrol,Manual,First,21.1,814.0,55.2,5.0,11.75,2.5,11,Hyundai,4557.0,1
4858,Audi A4 35 TDI Technology,Hyderabad,2017,14000,Diesel,Automatic,First,18.25,1968.0,187.74,5.0,55.61,43.0,9,Audi,1400.0,1
4859,Ford Figo 2015-2019 1.2P Titanium MT,Kochi,2017,23977,Petrol,Manual,First,18.16,1196.0,86.8,5.0,11.75,5.38,9,Ford,2398.0,1
4860,Maruti Alto K10 2010-2014 VXI,Hyderabad,2013,30131,Petrol,Manual,First,20.92,998.0,67.1,5.0,11.75,2.65,13,Maruti,2152.0,1
4861,Maruti Alto 800 2016-2019 VXI,Hyderabad,2017,2530,Petrol,Manual,First,24.7,796.0,47.3,5.0,11.75,3.3,9,Maruti,253.0,1
4862,Mercedes-Benz New C-Class C 220 CDI Style,Hyderabad,2015,39000,Diesel,Automatic,First,19.27,2143.0,167.62,5.0,34.0,34.0,11,Mercedes-Benz,3250.0,1
4863,Hyundai Santro D Lite,Chennai,2001,140000,Petrol,Manual,Third,20.3,1086.0,68.0,5.0,4.55,0.7,25,Hyundai,5385.0,0
4864,Hyundai Xcent 1.1 CRDi S,Kochi,2017,32257,Diesel,Manual,First,24.4,1120.0,71.0,5.0,11.75,6.83,9,Hyundai,3226.0,1
4865,Honda Amaze S i-Dtech,Kochi,2016,46983,Diesel,Manual,First,25.8,1498.0,98.6,5.0,11.75,5.77,10,Honda,4271.0,1
4866,Maruti Swift Vdi BSIII,Chennai,2008,107000,Diesel,Manual,Second,17.8,1248.0,75.0,5.0,11.75,3.1,18,Maruti,5632.0,0
4867,Volkswagen Polo 1.2 MPI Comfortline,Mumbai,2017,19000,Petrol,Manual,First,16.2,1199.0,74.0,5.0,11.75,4.95,9,Volkswagen,1900.0,1
4868,Audi A4 2.0 TDI 177 Bhp Premium Plus,Bangalore,2013,88000,Diesel,Automatic,First,17.11,1968.0,174.33,5.0,16.25,16.25,13,Audi,6286.0,1
4869,Land Rover Range Rover 3.6 TDV8 Vogue SE,Coimbatore,2012,84384,Diesel,Automatic,First,10.2,4367.0,308.0,7.0,52.54,52.54,14,Land,5626.0,1
4870,Mahindra XUV500 W8 2WD,Chennai,2011,128000,Diesel,Manual,Third,16.0,2179.0,140.0,7.0,11.75,6.4,15,Mahindra,8000.0,0
4871,Ford Endeavour 2.5L 4X2,Bangalore,2011,71000,Diesel,Manual,Third,13.1,2499.0,141.0,7.0,11.75,6.95,15,Ford,4438.0,0
4872,Tata Indica V2 DLX,Kolkata,2008,50000,Diesel,Manual,First,17.2,1396.0,53.5,5.0,11.75,0.85,18,Tata,2632.0,1
4873,Maruti Baleno Alpha,Chennai,2016,16000,Petrol,Manual,First,21.4,1197.0,83.1,5.0,8.8,6.95,10,Maruti,1455.0,1
4874,Hyundai Xcent 1.1 CRDi Base,Kolkata,2017,82000,Diesel,Manual,First,24.4,1120.0,71.0,5.0,11.75,3.45,9,Hyundai,8200.0,1
4875,Honda Civic 2006-2010 1.8 S MT,Delhi,2008,80000,Petrol,Manual,First,13.5,1799.0,130.0,5.0,11.75,2.75,18,Honda,4211.0,1
4876,Hyundai i20 Sportz Option 1.2,Delhi,2015,36000,Petrol,Manual,Second,18.6,1197.0,81.83,5.0,11.75,4.95,11,Hyundai,3000.0,0
4877,Tata Nexon 1.2 Revotron XZ Plus,Coimbatore,2018,17477,Petrol,Manual,First,17.0,1198.0,108.5,5.0,11.13,9.62,8,Tata,1942.0,1
4878,Hyundai i20 Sportz 1.2,Coimbatore,2016,16725,Petrol,Manual,First,18.6,1197.0,81.83,5.0,11.75,6.79,10,Hyundai,1520.0,1
4879,Maruti Swift Dzire ZXI,Mumbai,2014,48241,Petrol,Manual,First,19.1,1197.0,85.8,5.0,11.75,4.5,12,Maruti,3711.0,1
4880,Maruti Wagon R LXI,Kochi,2014,52431,Petrol,Manual,First,22.5,998.0,67.04,5.0,4.59,3.01,12,Maruti,4033.0,1
4881,Hyundai i20 Sportz 1.4 CRDi,Bangalore,2012,68000,Diesel,Manual,First,21.9,1396.0,88.76,5.0,11.75,4.4,14,Hyundai,4533.0,1
4882,Toyota Fortuner 4x2 AT,Hyderabad,2012,158000,Diesel,Automatic,First,12.55,2982.0,168.5,7.0,17.49,17.49,14,Toyota,10533.0,1
4883,Hyundai i10 Sportz,Coimbatore,2014,31446,Petrol,Manual,First,20.36,1197.0,78.9,5.0,11.75,4.66,12,Hyundai,2419.0,1
4884,Hyundai Grand i10 Asta,Chennai,2015,25000,Petrol,Manual,First,18.9,1197.0,82.0,5.0,11.75,5.5,11,Hyundai,2083.0,1
4885,Hyundai i20 Asta 1.2,Ahmedabad,2016,57000,Petrol,Manual,First,18.6,1197.0,81.83,5.0,11.75,6.0,10,Hyundai,5182.0,1
4887,Maruti Vitara Brezza ZDi Plus,Kochi,2018,57078,Diesel,Manual,First,24.3,1248.0,88.5,5.0,11.58,10.19,8,Maruti,6342.0,1
4888,Honda Amaze S i-Dtech,Kochi,2016,47471,Diesel,Manual,First,25.8,1498.0,98.6,5.0,11.75,5.25,10,Honda,4316.0,1
4889,Mercedes-Benz M-Class ML 250 CDI,Hyderabad,2014,50000,Diesel,Automatic,First,15.26,2143.0,203.2,5.0,45.0,45.0,12,Mercedes-Benz,3846.0,1
4890,Hyundai i20 Sportz Diesel,Ahmedabad,2010,62000,Diesel,Manual,First,23.0,1396.0,90.0,5.0,11.75,2.7,16,Hyundai,3647.0,1
4891,Hyundai i10 Era,Coimbatore,2013,65807,Petrol,Manual,First,19.81,1086.0,68.05,5.0,11.75,3.39,13,Hyundai,4700.0,1
4892,Maruti Swift Dzire VDI,Hyderabad,2014,81768,Diesel,Manual,First,26.59,1248.0,74.0,5.0,11.75,5.69,12,Maruti,6290.0,1
4893,BMW Z4 2009-2013 Roadster 2.5i,Kochi,2018,9952,Petrol,Automatic,First,10.37,2979.0,306.0,2.0,58.54,58.54,8,BMW,1106.0,1
4894,Maruti Baleno Alpha Diesel,Hyderabad,2017,24000,Diesel,Manual,First,27.39,1248.0,74.0,5.0,10.63,8.4,9,Maruti,2400.0,1
4895,Chevrolet Beat Diesel,Hyderabad,2012,72921,Diesel,Manual,First,25.44,936.0,57.6,5.0,11.75,2.5,14,Chevrolet,4861.0,1
4896,Honda Brio V MT,Pune,2012,59000,Petrol,Manual,First,19.4,1198.0,86.8,5.0,11.75,3.25,14,Honda,3933.0,1
4897,Ford Figo Diesel Titanium,Mumbai,2014,33000,Diesel,Manual,Second,20.0,1399.0,68.05,5.0,11.75,3.25,12,Ford,2538.0,0
4898,Maruti Celerio VXI AT,Pune,2016,36789,Petrol,Automatic,First,23.1,998.0,67.04,5.0,11.75,4.25,10,Maruti,3344.0,1
4899,Mercedes-Benz New C-Class C 220 CDI Elegance AT,Jaipur,2014,41000,Diesel,Automatic,First,14.84,2143.0,170.0,5.0,18.5,18.5,12,Mercedes-Benz,3154.0,1
4901,Honda Brio S MT,Jaipur,2015,46650,Petrol,Manual,First,19.4,1198.0,86.8,5.0,11.75,4.25,11,Honda,3888.0,1
4902,Maruti Baleno Alpha CVT,Mumbai,2018,3000,Petrol,Automatic,First,21.4,1197.0,83.1,5.0,10.3,8.85,8,Maruti,333.0,1
4903,Hyundai EON Sportz,Coimbatore,2014,14799,Petrol,Manual,First,21.1,814.0,55.2,5.0,11.75,4.14,12,Hyundai,1138.0,1
4904,Toyota Prius 2009-2016 Z4,Mumbai,2011,44000,Electric,Automatic,First,18.19,1798.0,73.0,5.0,12.75,12.75,15,Toyota,2750.0,1
4905,Hyundai i20 1.4 CRDi Sportz,Hyderabad,2015,68525,Diesel,Manual,First,23.0,1396.0,90.0,5.0,11.75,7.0,11,Hyundai,5710.0,1
4906,Ford Endeavour 3.2 Titanium AT 4X4,Hyderabad,2018,15000,Diesel,Automatic,First,10.91,3198.0,197.0,7.0,33.0,33.0,8,Ford,1667.0,1
4907,Honda City i-VTEC VX,Ahmedabad,2017,29000,Petrol,Manual,First,17.4,1497.0,117.3,5.0,12.68,10.0,9,Honda,2900.0,1
4908,Maruti SX4 ZDI,Kochi,2012,77407,Diesel,Manual,Second,21.5,1248.0,88.8,5.0,11.75,3.53,14,Maruti,5160.0,0
4909,Chevrolet Optra Magnum 1.6 LS Petrol,Jaipur,2007,118000,Petrol,Manual,First,12.9,1598.0,102.5,5.0,11.75,1.35,19,Chevrolet,5900.0,1
4910,Volkswagen Vento Diesel Highline,Delhi,2013,75000,Diesel,Manual,First,20.54,1598.0,103.6,5.0,11.75,4.5,13,Volkswagen,5357.0,1
4911,Honda City V MT,Pune,2012,69000,Petrol,Manual,First,16.8,1497.0,116.3,5.0,11.75,4.9,14,Honda,4600.0,1
4912,Hyundai Creta 1.6 CRDi SX Option,Kochi,2016,52553,Diesel,Manual,First,19.67,1582.0,126.2,5.0,12.26,12.26,10,Hyundai,4778.0,1
4913,Hyundai Xcent 1.1 CRDi SX,Mumbai,2014,58000,Diesel,Manual,Second,24.4,1120.0,71.0,5.0,11.75,3.99,12,Hyundai,4462.0,0
4914,Mercedes-Benz GLC 220d 4MATIC Style,Mumbai,2017,24000,Diesel,Automatic,First,17.9,2143.0,170.0,5.0,59.77,46.95,9,Mercedes-Benz,2400.0,1
4915,Ford Figo Diesel EXI,Hyderabad,2015,65542,Diesel,Manual,First,20.0,1399.0,68.0,5.0,11.75,3.8,11,Ford,5462.0,1
4916,Volkswagen Jetta 2007-2011 2.0 TDI Trendline,Ahmedabad,2013,68008,Diesel,Manual,Second,15.0,1896.0,105.0,5.0,11.75,6.75,13,Volkswagen,4858.0,0
4917,Mahindra TUV 300 2015-2019 T8,Coimbatore,2017,22251,Diesel,Manual,First,18.49,1493.0,100.0,7.0,11.75,8.75,9,Mahindra,2225.0,1
4918,Ford Ecosport 1.5 Ti VCT MT Titanium,Chennai,2013,55000,Petrol,Manual,Second,15.8,1499.0,110.0,5.0,11.75,5.2,13,Ford,3929.0,0
4919,Hyundai Verna 1.6 SX VTVT (O),Kochi,2017,19387,Petrol,Manual,First,17.1,1591.0,121.3,5.0,11.75,8.42,9,Hyundai,1939.0,1
4921,Hyundai i20 Sportz 1.2,Mumbai,2016,24001,Petrol,Manual,First,18.6,1197.0,81.83,5.0,11.75,5.75,10,Hyundai,2182.0,1
4922,Audi A4 New 2.0 TDI Multitronic,Kolkata,2008,17000,Diesel,Automatic,First,15.2,1968.0,140.8,5.0,11.75,9.75,18,Audi,895.0,1
4923,Nissan Micra Active XV S,Delhi,2015,28500,Petrol,Manual,First,19.49,1198.0,67.04,5.0,11.75,3.5,11,Nissan,2375.0,1
4924,Mercedes-Benz M-Class ML 250 CDI,Jaipur,2014,66000,Diesel,Automatic,First,15.26,2143.0,203.2,5.0,30.0,30.0,12,Mercedes-Benz,5077.0,1
4925,Land Rover Discovery Sport TD4 S,Delhi,2017,22000,Diesel,Automatic,First,12.83,2179.0,147.5,5.0,35.0,35.0,9,Land,2200.0,1
4926,Hyundai Creta 1.6 SX Option Executive,Coimbatore,2018,44383,Petrol,Manual,First,15.8,1591.0,121.3,5.0,17.7,13.25,8,Hyundai,4931.0,1
4927,Skoda Rapid 1.6 TDI Active,Mumbai,2013,45000,Diesel,Manual,First,20.5,1598.0,103.5,5.0,11.75,3.65,13,Skoda,3214.0,1
4928,Maruti Swift Dzire VDI,Jaipur,2015,58000,Diesel,Manual,First,23.4,1248.0,74.0,5.0,11.75,5.25,11,Maruti,4833.0,1
4929,Hyundai Creta 1.6 SX,Delhi,2016,69000,Petrol,Manual,First,15.8,1591.0,121.3,5.0,14.23,9.7,10,Hyundai,6273.0,1
4930,Hyundai Grand i10 CRDi Sportz,Coimbatore,2017,60993,Diesel,Manual,First,24.0,1120.0,70.0,5.0,11.75,5.21,9,Hyundai,6099.0,1
4931,Mahindra TUV 300 T8,Pune,2016,67000,Diesel,Manual,First,18.49,1493.0,100.0,7.0,11.75,6.3,10,Mahindra,6091.0,1
4932,Hyundai Grand i10 CRDi Sportz,Kochi,2014,51134,Diesel,Manual,First,24.0,1120.0,70.0,5.0,11.75,4.72,12,Hyundai,3933.0,1
4933,BMW X5 xDrive 30d,Chennai,2011,55000,Diesel,Automatic,Second,11.7,2993.0,245.0,5.0,28.0,28.0,15,BMW,3438.0,0
4934,Maruti Dzire AMT VDI,Coimbatore,2018,25082,Diesel,Automatic,First,28.4,1248.0,73.75,5.0,9.62,8.37,8,Maruti,2787.0,1
4935,Toyota Fortuner 4x4 MT,Delhi,2012,68350,Diesel,Manual,First,12.55,2982.0,168.5,7.0,14.0,14.0,14,Toyota,4557.0,1
4936,Audi A6 2011-2015 35 TDI Technology,Hyderabad,2015,50000,Diesel,Automatic,First,17.68,1968.0,174.33,5.0,36.0,36.0,11,Audi,4167.0,1
4937,Honda Jazz 1.5 V i DTEC,Pune,2015,97000,Diesel,Manual,First,27.3,1498.0,98.6,5.0,11.75,6.4,11,Honda,8083.0,1
4938,Audi Q7 4.2 TDI Quattro Technology,Coimbatore,2015,56238,Diesel,Automatic,First,11.33,4134.0,335.2,7.0,51.69,51.69,11,Audi,4686.0,1
4939,Mahindra Scorpio 2009-2014 VLX 2WD 7S BSIV,Jaipur,2014,72618,Diesel,Manual,First,12.05,2179.0,120.0,7.0,11.75,8.0,12,Mahindra,5586.0,1
4940,Chevrolet Cruze LTZ,Hyderabad,2012,62005,Diesel,Manual,First,18.3,1991.0,147.9,5.0,11.75,9.8,14,Chevrolet,4134.0,1
4941,Chevrolet Beat Diesel LT,Hyderabad,2012,61250,Diesel,Manual,First,25.44,936.0,57.6,5.0,11.75,2.7,14,Chevrolet,4083.0,1
4942,Audi A4 35 TDI Premium Plus,Coimbatore,2014,28469,Diesel,Automatic,First,18.25,1968.0,187.74,5.0,53.14,24.37,12,Audi,2190.0,1
4943,Skoda Rapid 1.6 MPI AT Style,Kochi,2018,21488,Petrol,Automatic,First,14.3,1598.0,103.52,5.0,11.75,9.72,8,Skoda,2388.0,1
4944,Maruti Swift Dzire VDI,Pune,2014,197000,Diesel,Manual,First,23.4,1248.0,74.0,5.0,11.75,5.0,12,Maruti,15154.0,1
4945,Toyota Fortuner 3.0 Diesel,Pune,2009,138205,Diesel,Manual,Second,11.5,2982.0,171.0,7.0,11.75,10.5,17,Toyota,7678.0,0
4946,Maruti Swift VDI,Jaipur,2012,160000,Diesel,Manual,Second,22.9,1248.0,74.0,5.0,7.92,3.9,14,Maruti,10667.0,0
4947,Honda City 1.5 V MT Exclusive,Coimbatore,2012,67590,Petrol,Manual,First,17.0,1497.0,118.0,5.0,11.75,5.65,14,Honda,4506.0,1
4948,Mercedes-Benz M-Class ML 250 CDI,Mumbai,2012,52000,Diesel,Automatic,First,15.26,2143.0,203.2,5.0,29.95,29.95,14,Mercedes-Benz,3467.0,1
4949,Maruti Swift Ldi BSIII,Bangalore,2008,100000,Diesel,Manual,Second,17.8,1248.0,75.0,5.0,11.75,3.0,18,Maruti,5263.0,0
4950,Ford Aspire Titanium Diesel,Kolkata,2017,60048,Diesel,Manual,First,26.1,1498.0,99.0,5.0,8.91,6.0,9,Ford,6005.0,1
4951,Hyundai i10 Sportz,Mumbai,2009,48000,Petrol,Manual,First,20.36,1197.0,78.9,5.0,11.75,2.11,17,Hyundai,2667.0,1
4952,Fiat Punto 1.4 Emotion,Kolkata,2010,47000,Petrol,Manual,First,14.6,1497.0,98.6,5.0,11.75,1.49,16,Fiat,2765.0,1
4953,Maruti Alto LXi,Jaipur,2011,100000,Petrol,Manual,First,19.7,796.0,46.3,5.0,11.75,1.5,15,Maruti,6250.0,1
4955,Maruti Swift VXI BSIV,Bangalore,2006,80010,Petrol,Manual,Second,20.4,1197.0,81.8,5.0,11.75,2.85,20,Maruti,3810.0,0
4956,Mercedes-Benz New C-Class C 220 CDI Avantgarde,Coimbatore,2017,26493,Diesel,Automatic,First,19.27,2143.0,170.0,5.0,33.64,33.64,9,Mercedes-Benz,2649.0,1
4957,Tata Indica V2 DLE BSIII,Hyderabad,2011,96000,Diesel,Manual,Second,17.88,1396.0,52.8,5.0,11.75,0.91,15,Tata,6000.0,0
4958,Maruti Alto 800 VXI,Jaipur,2014,45700,Petrol,Manual,Second,22.74,796.0,47.3,5.0,11.75,2.42,12,Maruti,3515.0,0
4959,Skoda Superb 2.8 V6 AT,Kolkata,2005,13000,Petrol,Automatic,First,9.3,2771.0,193.1,5.0,11.75,3.25,21,Skoda,591.0,1
4960,Volkswagen Polo Petrol Comfortline 1.2L,Kolkata,2013,38000,Petrol,Manual,First,16.47,1198.0,73.9,5.0,11.75,2.8,13,Volkswagen,2714.0,1
4961,Maruti Dzire AMT ZXI Plus,Coimbatore,2019,8018,Petrol,Automatic,First,22.0,1197.0,81.8,5.0,10.26,8.3,7,Maruti,1002.0,1
4962,Mahindra Scorpio VLX,Bangalore,2010,144400,Diesel,Manual,Third,12.05,2179.0,120.0,8.0,11.75,5.25,16,Mahindra,8494.0,0
4963,Maruti Swift Vdi BSIII,Jaipur,2010,152000,Diesel,Manual,First,17.8,1248.0,75.0,5.0,11.75,2.9,16,Maruti,8941.0,1
4964,BMW 3 Series 320d Prestige,Pune,2013,71000,Diesel,Automatic,First,18.88,1995.0,184.0,5.0,15.0,15.0,13,BMW,5071.0,1
4965,Tata Nano STD SE,Jaipur,2012,80000,Petrol,Manual,Second,25.4,624.0,37.5,4.0,11.75,0.53,14,Tata,5333.0,0
4966,Toyota Innova 2.5 VX (Diesel) 8 Seater,Mumbai,2014,87143,Diesel,Manual,First,12.99,2494.0,100.0,8.0,12.5,12.5,12,Toyota,6703.0,1
4967,Honda Brio S Option MT,Mumbai,2012,25000,Petrol,Manual,First,18.4,1198.0,86.8,5.0,11.75,2.75,14,Honda,1667.0,1
4968,Tata Tiago AMT 1.2 Revotron XZA,Pune,2018,2000,Petrol,Automatic,First,23.84,1199.0,83.83,5.0,6.94,5.0,8,Tata,222.0,1
4969,Mahindra Scorpio SLE BSIV,Kochi,2014,45239,Diesel,Manual,First,12.05,2179.0,120.0,8.0,11.75,7.09,12,Mahindra,3480.0,1
4970,BMW 5 Series 2003-2012 525d,Hyderabad,2011,101999,Diesel,Automatic,First,16.73,1995.0,218.0,5.0,19.99,19.99,15,BMW,6375.0,1
4971,Toyota Corolla Altis D-4D GL,Mumbai,2014,74219,Diesel,Manual,First,21.43,1364.0,87.2,5.0,11.75,10.75,12,Toyota,5709.0,1
4972,Honda City i VTEC CVT VX,Mumbai,2016,25000,Petrol,Automatic,First,18.0,1497.0,117.3,5.0,11.75,9.45,10,Honda,2273.0,1
4973,Hyundai Verna CRDi 1.6 SX Option,Hyderabad,2008,109606,Diesel,Manual,First,22.0,1582.0,126.2,5.0,15.59,2.9,18,Hyundai,5769.0,1
4974,Maruti Swift Dzire VDI Optional,Kolkata,2015,36000,Diesel,Manual,First,26.59,1248.0,74.0,5.0,11.75,4.7,11,Maruti,3000.0,1
4975,Maruti Ciaz ZXi,Coimbatore,2016,41810,Petrol,Manual,First,20.73,1373.0,91.1,5.0,11.75,7.11,10,Maruti,3801.0,1
4976,Ford Ecosport 1.5 DV5 MT Titanium,Jaipur,2014,93321,Diesel,Manual,First,22.7,1498.0,89.84,5.0,11.75,6.25,12,Ford,7179.0,1
4977,Maruti Alto K10 2010-2014 VXI,Hyderabad,2011,81000,Petrol,Manual,First,20.92,998.0,67.1,5.0,11.75,2.2,15,Maruti,5062.0,1
4978,Honda Amaze V CVT Petrol,Kochi,2019,25717,Petrol,Automatic,First,19.0,1199.0,88.76,5.0,9.47,8.86,7,Honda,3215.0,1
4979,Mahindra XUV500 W6 2WD,Delhi,2015,37000,Diesel,Manual,First,15.1,2179.0,140.0,7.0,11.75,9.3,11,Mahindra,3083.0,1
4980,Mahindra TUV 300 2015-2019 T8,Coimbatore,2017,56380,Diesel,Manual,First,18.49,1493.0,100.0,7.0,11.75,7.57,9,Mahindra,5638.0,1
4981,Honda Jazz VX,Chennai,2017,8000,Petrol,Manual,First,18.2,1199.0,88.7,5.0,9.1,7.9,9,Honda,800.0,1
4982,Maruti Swift VXI BSIII W/ ABS,Kochi,2018,14589,Petrol,Manual,First,16.1,1298.0,88.2,5.0,11.75,5.65,8,Maruti,1621.0,1
4983,Volkswagen Polo Petrol Highline 1.2L,Delhi,2013,65088,Petrol,Manual,First,16.47,1198.0,73.9,5.0,11.75,3.25,13,Volkswagen,4649.0,1
4984,Hyundai Creta 1.6 SX Option Diesel,Coimbatore,2019,24864,Diesel,Manual,First,20.5,1582.0,126.2,5.0,19.18,16.27,7,Hyundai,3108.0,1
4985,Chevrolet Beat LS,Coimbatore,2011,64831,Petrol,Manual,First,18.6,1199.0,79.4,5.0,11.75,3.21,15,Chevrolet,4052.0,1
4986,Honda Amaze VX i-DTEC,Kolkata,2013,38001,Diesel,Manual,First,25.8,1498.0,98.6,5.0,11.75,3.9,13,Honda,2714.0,1
4987,Mercedes-Benz E-Class 230 E AT,Mumbai,2008,77000,Petrol,Automatic,Second,10.0,2496.0,157.7,5.0,11.75,6.5,18,Mercedes-Benz,4053.0,0
4988,BMW 5 Series 530d M Sport,Hyderabad,2016,27000,Diesel,Automatic,First,18.59,2993.0,265.0,5.0,78.31,48.0,10,BMW,2455.0,1
4989,Audi A3 35 TDI Premium Plus,Mumbai,2016,39000,Diesel,Automatic,First,20.38,1968.0,143.0,5.0,42.89,18.9,10,Audi,3545.0,1
4990,Maruti Swift Dzire VDI,Pune,2015,131000,Diesel,Manual,First,26.59,1248.0,74.0,5.0,11.75,3.6,11,Maruti,10917.0,1
4991,Maruti Swift Dzire VDI,Kolkata,2015,43000,Diesel,Manual,First,26.59,1248.0,74.0,5.0,11.75,5.5,11,Maruti,3583.0,1
4992,Toyota Innova 2.5 V Diesel 7-seater,Pune,2011,68000,Diesel,Manual,Second,12.8,2494.0,102.0,7.0,11.75,7.0,15,Toyota,4250.0,0
4993,BMW X3 xDrive20d,Bangalore,2016,45165,Diesel,Automatic,First,16.09,1995.0,184.0,5.0,41.75,41.75,10,BMW,4106.0,1
4994,BMW 5 Series 2003-2012 525d,Hyderabad,2007,120000,Diesel,Automatic,First,16.73,1995.0,218.0,5.0,11.75,10.5,19,BMW,6000.0,1
4995,Mahindra XUV500 W8 2WD,Coimbatore,2014,86091,Diesel,Manual,First,15.1,2179.0,140.0,7.0,11.75,10.09,12,Mahindra,6622.0,1
4996,Honda City 1.5 S MT,Delhi,2009,71499,Petrol,Manual,First,17.0,1497.0,118.0,5.0,11.75,3.0,17,Honda,3972.0,1
4997,Force One LX 4x4,Chennai,2014,50000,Diesel,Manual,First,17.0,2200.0,139.01,7.0,12.0,12.0,12,Force,3846.0,1
4998,Volkswagen Polo 1.5 TDI Comfortline,Jaipur,2015,66000,Diesel,Manual,First,20.14,1498.0,88.0,5.0,9.56,4.91,11,Volkswagen,5500.0,1
4999,Honda Jazz S,Kolkata,2010,45000,Petrol,Manual,First,16.0,1198.0,90.0,5.0,11.75,2.0,16,Honda,2647.0,1
5000,Toyota Etios Liva GD SP,Hyderabad,2015,69189,Diesel,Manual,First,23.59,1364.0,67.06,5.0,11.75,5.3,11,Toyota,5766.0,1
5001,Nissan Terrano XV Premium 110 PS,Mumbai,2014,40206,Diesel,Manual,First,19.01,1461.0,108.5,5.0,11.75,7.22,12,Nissan,3093.0,1
5002,BMW X3 xDrive 20d xLine,Kochi,2017,36723,Diesel,Automatic,First,18.56,1995.0,190.0,5.0,64.76,32.57,9,BMW,3672.0,1
5003,Hyundai i20 1.2 Magna,Mumbai,2010,57500,Petrol,Manual,First,18.5,1197.0,80.0,5.0,11.75,2.75,16,Hyundai,3382.0,1
5005,Ford Fiesta EXi 1.4 TDCi Ltd,Hyderabad,2011,52000,Diesel,Manual,First,17.8,1399.0,68.0,5.0,11.75,3.75,15,Ford,3250.0,1
5006,Honda City 1.5 V AT,Kochi,2014,60952,Petrol,Automatic,First,16.8,1497.0,118.0,5.0,11.75,5.91,12,Honda,4689.0,1
5007,Maruti Swift VDI BSIV,Chennai,2013,87192,Diesel,Manual,First,25.2,1248.0,74.0,5.0,11.75,4.35,13,Maruti,6228.0,1
5008,Hyundai Grand i10 CRDi SportZ Edition,Delhi,2014,58000,Diesel,Manual,First,24.0,1120.0,70.0,5.0,11.75,3.25,12,Hyundai,4462.0,1
5009,Audi Q7 45 TDI Quattro Technology,Pune,2017,59500,Diesel,Automatic,First,14.75,2967.0,245.0,7.0,99.92,68.0,9,Audi,5950.0,1
5010,Volkswagen Ameo 1.2 MPI Highline 16 Alloy,Mumbai,2016,16650,Petrol,Manual,First,17.0,1198.0,74.0,5.0,11.75,5.5,10,Volkswagen,1514.0,1
5011,Honda City i VTEC CVT VX,Kochi,2018,34696,Petrol,Automatic,First,18.0,1497.0,117.3,5.0,12.08,12.08,8,Honda,3855.0,1
5012,Maruti Baleno Alpha 1.3,Kochi,2018,42243,Diesel,Manual,First,27.39,1248.0,74.0,5.0,11.75,7.48,8,Maruti,4694.0,1
5013,Hyundai Grand i10 CRDi Sportz,Jaipur,2016,57824,Diesel,Manual,First,24.0,1120.0,70.0,5.0,11.75,5.5,10,Hyundai,5257.0,1
5014,Maruti Swift Dzire VDi,Jaipur,2011,110000,Diesel,Manual,First,19.3,1248.0,73.9,5.0,11.75,3.5,15,Maruti,6875.0,1
5015,Maruti Swift 1.3 VXi,Delhi,2006,63000,Petrol,Manual,First,16.1,1497.0,98.6,5.0,11.75,1.6,20,Maruti,3000.0,1
5016,Land Rover Freelander 2 TD4 HSE,Delhi,2013,72000,Diesel,Automatic,First,0.0,2179.0,115.0,5.0,15.5,15.5,13,Land,5143.0,1
5017,Toyota Fortuner 3.0 Diesel,Hyderabad,2013,63455,Diesel,Manual,First,11.5,2982.0,171.0,7.0,19.0,19.0,13,Toyota,4532.0,1
5018,Honda Jazz VX Diesel,Hyderabad,2017,17151,Diesel,Manual,First,27.3,1498.0,98.6,5.0,11.05,8.4,9,Honda,1715.0,1
5019,Maruti Vitara Brezza LDi Option,Pune,2016,31001,Diesel,Manual,First,24.3,1248.0,88.5,5.0,11.75,7.25,10,Maruti,2818.0,1
5020,Maruti Swift Dzire VDI,Kolkata,2014,42109,Diesel,Manual,First,23.4,1248.0,74.0,5.0,11.75,4.25,12,Maruti,3239.0,1
5021,Skoda Rapid 1.5 TDI AT Elegance,Delhi,2015,55000,Diesel,Automatic,Second,21.66,1498.0,103.52,5.0,11.75,5.7,11,Skoda,4583.0,0
5022,Land Rover Freelander 2 TD4 SE,Hyderabad,2013,46000,Diesel,Automatic,Second,0.0,2179.0,115.0,5.0,26.0,26.0,13,Land,3286.0,0
5023,Maruti Alto 800 LXI,Hyderabad,2013,30852,Petrol,Manual,First,22.74,796.0,47.3,5.0,11.75,2.49,13,Maruti,2204.0,1
5024,Volkswagen Polo Petrol Highline 1.2L,Pune,2011,65000,Petrol,Manual,Second,16.47,1198.0,73.9,5.0,11.75,3.0,15,Volkswagen,4062.0,0
5025,Honda City i DTEC SV,Delhi,2015,65000,Diesel,Manual,First,26.0,1498.0,98.6,5.0,11.75,5.95,11,Honda,5417.0,1
5026,Maruti Swift Dzire LDI,Delhi,2013,72000,Diesel,Manual,First,23.4,1248.0,74.0,5.0,11.75,2.69,13,Maruti,5143.0,1
5027,Audi A4 2.0 TDI 177 Bhp Technology Edition,Bangalore,2014,29000,Diesel,Automatic,First,17.11,1968.0,174.33,5.0,26.0,26.0,12,Audi,2231.0,1
5028,Honda City i VTEC VX,Kolkata,2015,32000,Petrol,Manual,First,17.8,1497.0,117.3,5.0,11.75,5.5,11,Honda,2667.0,1
5029,Ford Figo Aspire 1.2 Ti-VCT Ambiente,Chennai,2016,29875,Petrol,Manual,First,18.16,1196.0,86.8,5.0,11.75,4.85,10,Ford,2716.0,1
5030,Maruti Vitara Brezza LDi,Kochi,2018,32539,Diesel,Manual,First,24.3,1248.0,88.5,5.0,8.63,8.39,8,Maruti,3615.0,1
5031,Renault Duster 110PS Diesel RxL,Hyderabad,2015,83090,Diesel,Manual,First,19.01,1461.0,108.45,5.0,11.75,7.99,11,Renault,6924.0,1
5032,Hyundai i20 Active 1.4 SX,Hyderabad,2016,62679,Diesel,Manual,First,21.19,1396.0,88.73,5.0,11.75,6.95,10,Hyundai,5698.0,1
5033,Mahindra Logan Petrol 1.4 GLE,Mumbai,2010,93000,Petrol,Manual,First,15.7,1390.0,75.0,5.0,11.75,1.5,16,Mahindra,5471.0,1
5034,Honda City ZX GXi,Mumbai,2006,44000,Petrol,Manual,First,17.7,1497.0,78.0,5.0,11.75,1.55,20,Honda,2095.0,1
5035,Ford Figo Petrol EXI,Bangalore,2010,78400,Petrol,Manual,Second,15.6,1196.0,70.0,5.0,11.75,2.75,16,Ford,4612.0,0
5036,Renault Duster Petrol RxL,Mumbai,2014,71300,Petrol,Manual,First,13.06,1598.0,102.53,5.0,11.75,4.25,12,Renault,5485.0,1
5037,Hyundai i10 Sportz 1.2,Kolkata,2015,18000,Petrol,Manual,First,20.36,1197.0,78.9,5.0,11.75,2.85,11,Hyundai,1500.0,1
5038,Land Rover Discovery Sport TD4 HSE 7S,Coimbatore,2019,24013,Diesel,Automatic,First,12.81,1999.0,148.31,7.0,69.22,56.14,7,Land,3002.0,1
5039,Audi Q5 2008-2012 2.0 TFSI Quattro,Ahmedabad,2009,99100,Petrol,Automatic,Second,9.74,1984.0,208.0,5.0,11.75,10.0,17,Audi,5506.0,0
5040,Maruti Versa DX2 BS II,Mumbai,2003,62000,Petrol,Manual,Second,11.3,1298.0,83.1,8.0,11.75,1.25,23,Maruti,2583.0,0
5041,Maruti Swift Dzire ZDI,Kolkata,2017,14000,Diesel,Manual,First,26.59,1248.0,74.0,5.0,11.75,7.5,9,Maruti,1400.0,1
5042,Audi A4 2.0 TDI Premium Sport Limited Edition,Coimbatore,2015,44811,Diesel,Automatic,First,17.11,1968.0,174.33,5.0,25.81,25.81,11,Audi,3734.0,1
5043,Volkswagen Polo 1.2 MPI Comfortline,Ahmedabad,2014,44000,Petrol,Manual,First,16.47,1198.0,74.0,5.0,11.75,4.3,12,Volkswagen,3385.0,1
5044,Toyota Fortuner 3.0 Diesel,Chennai,2010,136000,Diesel,Manual,Second,11.5,2982.0,171.0,7.0,11.75,11.0,16,Toyota,8000.0,0
5045,Toyota Fortuner 3.0 Diesel,Jaipur,2010,144113,Diesel,Manual,Second,11.5,2982.0,171.0,7.0,11.75,11.75,16,Toyota,8477.0,0
5046,Honda Accord 2.4 MT,Coimbatore,2012,94989,Petrol,Manual,First,12.8,2354.0,177.6,5.0,11.75,6.58,14,Honda,6333.0,1
5047,Maruti Swift ZDi,Chennai,2012,58133,Diesel,Manual,First,22.9,1248.0,74.0,5.0,11.75,4.8,14,Maruti,3876.0,1
5048,Skoda Fabia 1.2 MPI Classic,Pune,2008,61000,Petrol,Manual,Second,17.5,1198.0,70.0,5.0,11.75,1.65,18,Skoda,3211.0,0
5049,Jeep Compass 2.0 Sport,Kolkata,2017,27000,Diesel,Manual,First,17.1,1956.0,170.0,5.0,18.45,15.0,9,Jeep,2700.0,1
5050,Tata Nano Twist XT,Ahmedabad,2014,18050,Petrol,Manual,Second,25.4,624.0,37.5,4.0,11.75,1.0,12,Tata,1388.0,0
5051,Ford Fiesta 1.6 ZXi ABS,Hyderabad,2007,145277,Petrol,Manual,First,15.3,1596.0,101.0,5.0,11.75,1.65,19,Ford,7264.0,1
5052,Maruti Celerio ZDi,Ahmedabad,2015,42000,Diesel,Manual,First,27.62,793.0,47.0,5.0,11.75,3.6,11,Maruti,3500.0,1
5053,Toyota Fortuner 3.0 Diesel,Delhi,2011,86000,Diesel,Manual,First,11.5,2982.0,171.0,7.0,11.75,11.5,15,Toyota,5375.0,1
5054,Maruti Celerio ZDi,Ahmedabad,2015,42150,Diesel,Manual,First,27.62,793.0,47.0,5.0,11.75,3.6,11,Maruti,3512.0,1
5055,Hyundai EON Era Plus,Pune,2015,30158,Petrol,Manual,First,21.1,814.0,55.2,5.0,11.75,3.05,11,Hyundai,2513.0,1
5056,Ford Fiesta Diesel Trend,Bangalore,2011,47000,Diesel,Manual,Second,23.5,1498.0,90.0,5.0,11.75,6.0,15,Ford,2938.0,0
5057,Volkswagen Polo 1.2 MPI Comfortline,Ahmedabad,2013,39000,Petrol,Manual,First,16.47,1198.0,74.0,5.0,11.75,3.75,13,Volkswagen,2786.0,1
5058,Volkswagen Polo 1.2 MPI Comfortline,Coimbatore,2016,32125,Petrol,Manual,First,16.2,1199.0,74.0,5.0,11.75,6.17,10,Volkswagen,2920.0,1
5059,Maruti Vitara Brezza ZDi,Coimbatore,2017,58829,Diesel,Manual,First,24.3,1248.0,88.5,5.0,9.89,9.05,9,Maruti,5883.0,1
5060,Honda Brio S MT,Coimbatore,2013,67559,Petrol,Manual,First,19.4,1198.0,86.8,5.0,11.75,4.05,13,Honda,4826.0,1
5061,Maruti Swift Dzire VXi,Pune,2013,55000,Petrol,Manual,First,17.5,1298.0,85.8,5.0,11.75,4.25,13,Maruti,3929.0,1
5062,Maruti Celerio LXI MT,Kolkata,2018,30000,Petrol,Manual,First,23.1,998.0,67.04,5.0,4.87,3.75,8,Maruti,3333.0,1
5063,Hyundai Creta 1.6 SX Plus Petrol Automatic,Mumbai,2016,28000,Petrol,Automatic,First,13.0,1591.0,121.3,5.0,11.85,11.85,10,Hyundai,2545.0,1
5064,Ford Ecosport 1.5 DV5 MT Titanium,Kochi,2016,31826,Diesel,Manual,First,22.7,1498.0,89.84,5.0,11.75,8.24,10,Ford,2893.0,1
5066,Honda CR-V RVi MT,Jaipur,2008,100009,Petrol,Manual,Second,13.1,1997.0,141.1,5.0,11.75,6.5,18,Honda,5264.0,0
5067,Land Rover Discovery Sport SD4 HSE Luxury 7S,Coimbatore,2019,17201,Diesel,Automatic,First,12.51,2179.0,187.7,7.0,58.91,58.91,7,Land,2150.0,1
5068,Mahindra XUV500 W8 2WD,Delhi,2014,74345,Diesel,Manual,First,15.1,2179.0,140.0,7.0,11.75,8.0,12,Mahindra,5719.0,1
5069,Volkswagen Polo 1.2 MPI Highline,Kochi,2015,58134,Petrol,Manual,First,16.47,1198.0,74.0,5.0,11.75,4.64,11,Volkswagen,4844.0,1
5070,Hyundai i10 Magna AT,Kochi,2010,30566,Petrol,Automatic,First,19.2,1197.0,80.0,5.0,11.75,3.32,16,Hyundai,1798.0,1
5071,Hyundai i10 Magna 1.2,Chennai,2012,55231,Petrol,Manual,Second,20.36,1197.0,78.9,5.0,11.75,2.78,14,Hyundai,3682.0,0
5072,Chevrolet Cruze LTZ AT,Kochi,2016,67774,Diesel,Automatic,First,14.81,1998.0,163.7,5.0,11.75,8.95,10,Chevrolet,6161.0,1
5073,Mercedes-Benz E-Class E 200 CGI,Mumbai,2013,50319,Petrol,Automatic,First,12.0,1991.0,181.03,5.0,21.95,21.95,13,Mercedes-Benz,3594.0,1
5074,Hyundai Sonata 2.4 GDI,Ahmedabad,2013,45000,Petrol,Manual,First,11.7,2359.0,134.0,5.0,11.75,7.9,13,Hyundai,3214.0,1
5075,Mercedes-Benz New C-Class C 200 Kompressor Elegance AT,Kolkata,2007,43627,Petrol,Automatic,First,11.74,1796.0,186.0,5.0,29.0,29.0,19,Mercedes-Benz,2181.0,1
5076,Volkswagen Polo Diesel Trendline 1.2L,Kolkata,2013,45000,Diesel,Manual,First,22.07,1199.0,73.9,5.0,11.75,3.25,13,Volkswagen,3214.0,1
5077,Honda City i VTEC SV,Mumbai,2014,10500,Petrol,Manual,First,17.4,1497.0,117.3,5.0,11.75,5.9,12,Honda,808.0,1
5078,Maruti Vitara Brezza ZDi,Coimbatore,2017,21789,Diesel,Manual,First,24.3,1248.0,88.5,5.0,11.0,9.88,9,Maruti,2179.0,1
5079,Hyundai Elite i20 Asta Option,Coimbatore,2019,21134,Petrol,Manual,First,18.6,1197.0,81.86,5.0,9.78,8.78,7,Hyundai,2642.0,1
5080,Tata New Safari Dicor EX 4X2,Kolkata,2011,90000,Diesel,Manual,Second,13.93,2179.0,138.1,7.0,11.75,2.75,15,Tata,5625.0,0
5081,Nissan Sunny 2011-2014 Diesel XL,Kochi,2014,51553,Diesel,Manual,First,21.64,1461.0,84.8,5.0,11.75,5.98,12,Nissan,3966.0,1
5082,BMW 3 Series 330 Ci Convertible,Delhi,2011,31000,Petrol,Automatic,First,10.9,2497.0,215.0,5.0,31.0,31.0,15,BMW,1938.0,1
5083,Toyota Corolla 1.8 J,Delhi,2011,67422,Petrol,Manual,Second,14.53,1798.0,138.0,5.0,11.75,3.55,15,Toyota,4214.0,0
5084,Hyundai Verna 1.6 SX,Kochi,2015,60519,Diesel,Manual,First,22.32,1582.0,126.32,5.0,11.75,6.24,11,Hyundai,5043.0,1
5085,Maruti Swift Dzire VDi,Kolkata,2009,34000,Diesel,Manual,First,19.3,1248.0,73.9,5.0,11.75,2.19,17,Maruti,1889.0,1
5086,Maruti Dzire VDI,Hyderabad,2013,68434,Diesel,Manual,First,28.4,1248.0,73.75,5.0,9.14,5.5,13,Maruti,4888.0,1
5087,Maruti Alto K10 VXI,Pune,2014,17000,Petrol,Manual,First,24.07,998.0,67.1,5.0,4.48,2.1,12,Maruti,1308.0,1
5088,Jaguar XJ 5.0 L V8 Supercharged,Coimbatore,2011,43686,Petrol,Automatic,First,10.5,5000.0,503.0,4.0,50.66,50.66,15,Jaguar,2730.0,1
5089,Mercedes-Benz New C-Class 220 CDI AT,Kolkata,2012,22000,Diesel,Automatic,First,14.84,2143.0,170.0,5.0,14.0,14.0,14,Mercedes-Benz,1467.0,1
5090,Hyundai Verna CRDi 1.6 SX Option,Mumbai,2013,79225,Diesel,Manual,First,22.0,1582.0,126.2,5.0,15.57,5.5,13,Hyundai,5659.0,1
5091,Chevrolet Aveo 1.6 LT,Pune,2007,63000,Petrol,Manual,Third,14.2,1598.0,102.0,5.0,11.75,1.2,19,Chevrolet,3150.0,0
5092,Maruti Swift VXI BSIV,Hyderabad,2014,61922,Petrol,Manual,First,20.4,1197.0,81.8,5.0,11.75,5.3,12,Maruti,4763.0,1
5093,Hyundai Verna 1.6 CRDi S,Chennai,2015,85000,Diesel,Manual,First,23.9,1582.0,126.2,5.0,11.75,6.3,11,Hyundai,7083.0,1
5094,Mercedes-Benz GLC 220d Celebration Edition,Kochi,2017,26192,Diesel,Automatic,First,17.9,2143.0,168.0,5.0,40.47,40.47,9,Mercedes-Benz,2619.0,1
5095,Toyota Fortuner 4x2 Manual,Delhi,2013,65000,Diesel,Manual,First,13.0,2982.0,168.5,7.0,16.1,16.1,13,Toyota,4643.0,1
5096,Audi Q5 2008-2012 2.0 TDI,Delhi,2014,44999,Diesel,Automatic,First,12.8,1968.0,167.6,5.0,25.0,25.0,12,Audi,3461.0,1
5097,BMW 3 Series 320d Dynamic,Mumbai,2008,81308,Diesel,Automatic,Second,13.2,1995.0,170.0,5.0,11.75,7.95,18,BMW,4279.0,0
5098,Maruti Alto 800 2016-2019 LXI,Delhi,2016,35000,Petrol,Manual,First,24.7,796.0,47.3,5.0,11.75,2.65,10,Maruti,3182.0,1
5099,Maruti Alto K10 2010-2014 VXI,Coimbatore,2012,65349,Petrol,Manual,First,20.92,998.0,67.1,5.0,11.75,2.81,14,Maruti,4357.0,1
5100,Audi A4 1.8 TFSI Technology Edition,Hyderabad,2012,80000,Petrol,Automatic,First,15.64,1798.0,167.62,5.0,17.5,17.5,14,Audi,5333.0,1
5101,Maruti Swift VXi BSIV,Mumbai,2012,61000,Petrol,Manual,First,16.1,1197.0,85.0,5.0,11.75,3.3,14,Maruti,4067.0,1
5102,Maruti Wagon R VXI,Kochi,2019,31817,Petrol,Manual,First,22.5,998.0,67.04,5.0,5.34,5.34,7,Maruti,3977.0,1
5103,Skoda Rapid 1.5 TDI Ambition,Hyderabad,2016,41000,Diesel,Manual,First,21.14,1498.0,103.52,5.0,13.97,8.5,10,Skoda,3727.0,1
5104,Honda Jazz S,Kochi,2010,82606,Petrol,Manual,Second,16.0,1198.0,90.0,5.0,11.75,2.69,16,Honda,4859.0,0
5105,Mahindra XUV500 W10 2WD,Ahmedabad,2015,52000,Diesel,Manual,First,16.0,2179.0,140.0,7.0,11.75,11.5,11,Mahindra,4333.0,1
5106,Maruti Ritz VXi,Coimbatore,2011,50318,Petrol,Manual,First,18.5,1197.0,85.8,5.0,11.75,4.06,15,Maruti,3145.0,1
5107,Mercedes-Benz GLE 250d,Hyderabad,2016,50000,Diesel,Automatic,First,17.9,2143.0,201.15,5.0,79.43,49.0,10,Mercedes-Benz,4545.0,1
5108,Skoda Rapid 1.6 TDI Ambition,Bangalore,2012,72000,Diesel,Manual,First,20.5,1598.0,103.5,5.0,11.75,4.6,14,Skoda,4800.0,1
5109,Hyundai Grand i10 CRDi Magna,Delhi,2015,63776,Diesel,Manual,First,24.0,1120.0,70.0,5.0,11.75,3.96,11,Hyundai,5315.0,1
5110,Hyundai Elite i20 Petrol Asta,Mumbai,2015,28133,Petrol,Manual,First,18.6,1197.0,81.86,5.0,11.75,5.6,11,Hyundai,2344.0,1
5111,Tata Zest Quadrajet 1.3 75PS XE,Kolkata,2017,45000,Diesel,Manual,First,22.95,1248.0,74.0,5.0,7.94,3.75,9,Tata,4500.0,1
5112,Hyundai i20 Magna 1.4 CRDi,Jaipur,2015,55697,Diesel,Manual,First,22.54,1396.0,88.73,5.0,11.75,5.5,11,Hyundai,4641.0,1
5113,Skoda Rapid 1.6 TDI Elegance,Delhi,2012,62000,Diesel,Manual,Second,20.5,1598.0,103.5,5.0,11.75,3.0,14,Skoda,4133.0,0
5114,Fiat Linea Emotion,Mumbai,2011,48000,Petrol,Manual,First,16.0,1368.0,90.0,5.0,11.75,3.0,15,Fiat,3000.0,1
5115,Maruti Swift VXI BSIII W/ ABS,Pune,2010,90246,Petrol,Manual,First,16.1,1298.0,88.2,5.0,11.75,2.95,16,Maruti,5309.0,1
5116,Tata Indica V2 2001-2011 eLS,Hyderabad,2015,80500,Diesel,Manual,First,25.0,1396.0,69.0,5.0,11.75,2.45,11,Tata,6708.0,1
5117,Mercedes-Benz New C-Class C 220 CDI Elegance AT,Pune,2012,119000,Diesel,Automatic,First,14.84,2143.0,170.0,5.0,13.99,13.99,14,Mercedes-Benz,7933.0,1
5118,Mercedes-Benz GLE 350d,Bangalore,2016,28541,Diesel,Automatic,First,11.57,2987.0,254.79,5.0,95.13,60.75,10,Mercedes-Benz,2595.0,1
5120,Honda City V MT AVN,Chennai,2012,41000,Petrol,Manual,Second,16.8,1497.0,116.3,5.0,11.75,4.5,14,Honda,2733.0,0
5121,Hyundai i20 Magna,Mumbai,2010,58000,Petrol,Manual,Second,18.5,1197.0,80.0,5.0,11.75,2.5,16,Hyundai,3412.0,0
5122,Toyota Fortuner 4x2 Manual,Chennai,2015,99000,Diesel,Manual,First,13.0,2982.0,168.5,7.0,20.5,20.5,11,Toyota,8250.0,1
5123,Hyundai Grand i10 Magna,Delhi,2014,31200,Petrol,Manual,First,18.9,1197.0,82.0,5.0,11.75,3.9,12,Hyundai,2400.0,1
5124,Volkswagen Jetta 2007-2011 2.0 TDI Comfortline,Chennai,2009,85000,Diesel,Manual,Second,15.0,1896.0,105.0,5.0,11.75,3.5,17,Volkswagen,4722.0,0
5125,Ford EcoSport 1.5 Ti VCT AT Titanium,Hyderabad,2016,60924,Petrol,Automatic,First,15.63,1499.0,110.4,5.0,11.75,8.3,10,Ford,5539.0,1
5126,Hyundai EON Magna Plus,Chennai,2012,45000,Petrol,Manual,First,21.1,814.0,55.2,5.0,11.75,2.5,14,Hyundai,3000.0,1
5127,Nissan Micra XV CVT,Kolkata,2011,44000,Petrol,Automatic,First,19.15,1198.0,75.94,5.0,8.73,2.65,15,Nissan,2750.0,1
5128,Honda Jazz 1.2 V CVT i VTEC,Kochi,2016,30534,Petrol,Automatic,First,19.0,1199.0,88.7,5.0,11.75,7.42,10,Honda,2776.0,1
5129,Volkswagen Polo 1.2 MPI Trendline,Kochi,2016,46399,Petrol,Manual,First,16.47,1198.0,74.0,5.0,11.75,4.63,10,Volkswagen,4218.0,1
5130,Maruti Alto LXi,Kolkata,2008,42000,Petrol,Manual,First,19.7,796.0,46.3,5.0,11.75,1.09,18,Maruti,2211.0,1
5131,Hyundai Verna 1.6 SX,Delhi,2011,67000,Diesel,Manual,First,22.32,1582.0,126.32,5.0,11.75,3.8,15,Hyundai,4188.0,1
5132,Mercedes-Benz E-Class 2009-2013 E 220 CDI Avantgarde,Mumbai,2013,58000,Diesel,Automatic,First,10.0,2148.0,170.0,5.0,15.75,15.75,13,Mercedes-Benz,4143.0,1
5133,Tata Zest Revotron 1.2 XT,Coimbatore,2015,27000,Petrol,Manual,First,17.57,1193.0,88.7,5.0,8.69,5.27,11,Tata,2250.0,1
5134,Honda Brio S Option MT,Mumbai,2012,39566,Petrol,Manual,Second,18.4,1198.0,86.8,5.0,11.75,2.75,14,Honda,2638.0,0
5135,Honda Jazz VX Diesel,Chennai,2016,14980,Diesel,Manual,First,27.3,1498.0,98.6,5.0,10.81,7.4,10,Honda,1362.0,1
5136,Maruti Alto K10 VXI AGS,Jaipur,2017,18491,Petrol,Automatic,First,24.07,998.0,67.1,5.0,11.75,3.9,9,Maruti,1849.0,1
5137,Maruti Zen VXi - BS III,Jaipur,2000,90000,Petrol,Manual,Second,17.3,993.0,60.0,5.0,11.75,0.7,26,Maruti,3333.0,0
5138,Hyundai i20 Sportz 1.4 CRDi,Pune,2015,118211,Diesel,Manual,First,22.54,1396.0,88.73,5.0,11.75,5.9,11,Hyundai,9851.0,1
5139,Maruti SX4 S Cross DDiS 320 Zeta,Coimbatore,2016,63316,Diesel,Manual,First,22.7,1598.0,118.0,5.0,11.75,9.58,10,Maruti,5756.0,1
5140,Mercedes-Benz E-Class 2009-2013 E250 CDI Elegance,Delhi,2014,42000,Diesel,Automatic,First,14.21,2143.0,203.0,5.0,24.95,24.95,12,Mercedes-Benz,3231.0,1
5141,Chevrolet Enjoy Petrol LS 7 Seater,Kochi,2015,25648,Petrol,Manual,First,13.7,1399.0,98.82,7.0,11.75,4.29,11,Chevrolet,2137.0,1
5142,Mercedes-Benz E-Class 2009-2013 E250 CDI Blue Efficiency,Delhi,2011,67612,Diesel,Automatic,Second,14.21,2143.0,203.0,5.0,11.75,11.5,15,Mercedes-Benz,4226.0,0
5143,Mahindra XUV500 W4,Mumbai,2016,33000,Diesel,Manual,First,16.0,2179.0,140.0,7.0,11.75,9.65,10,Mahindra,3000.0,1
5144,Hyundai i10 Sportz,Mumbai,2015,20000,Petrol,Manual,First,20.36,1197.0,78.9,5.0,11.75,3.75,11,Hyundai,1667.0,1
5145,Hyundai Getz 1.3 GLS,Pune,2007,143000,Petrol,Manual,Second,14.2,1341.0,82.9,5.0,11.75,1.1,19,Hyundai,7150.0,0
5146,Audi Q7 3.0 TDI quattro,Coimbatore,2014,118218,Diesel,Automatic,First,12.07,2967.0,241.4,7.0,31.41,31.41,12,Audi,9094.0,1
5147,Mahindra Scorpio SLE BSIV,Pune,2012,99000,Diesel,Manual,Third,12.05,2179.0,120.0,8.0,11.75,6.0,14,Mahindra,6600.0,0
5148,Honda Jazz 1.2 SV i VTEC,Pune,2016,22700,Petrol,Manual,First,18.7,1199.0,88.7,5.0,11.75,5.55,10,Honda,2064.0,1
5149,Tata Safari Storme 2012-2015 EX,Jaipur,2017,28000,Diesel,Manual,First,14.0,2179.0,138.1,7.0,11.75,10.91,9,Tata,2800.0,1
5150,Mahindra XUV500 W6 2WD,Kolkata,2014,62000,Diesel,Manual,First,15.1,2179.0,140.0,7.0,11.75,7.25,12,Mahindra,4769.0,1
5151,Volkswagen Polo Diesel Comfortline 1.2L,Hyderabad,2012,107023,Diesel,Manual,First,22.07,1199.0,73.9,5.0,11.75,3.9,14,Volkswagen,7135.0,1
5152,Maruti Swift Dzire ZDi,Delhi,2012,71082,Diesel,Manual,First,19.3,1248.0,73.9,5.0,11.75,3.95,14,Maruti,4739.0,1
5153,Audi Q3 2.0 TDI,Mumbai,2013,60000,Diesel,Automatic,First,15.73,1968.0,174.33,5.0,22.0,22.0,13,Audi,4286.0,1
5154,Maruti Celerio ZXI,Delhi,2014,21701,Petrol,Manual,First,23.1,998.0,67.04,5.0,11.75,3.38,12,Maruti,1669.0,1
5155,Honda City V MT Exclusive,Mumbai,2011,56000,Petrol,Manual,First,16.8,1497.0,116.3,5.0,11.75,3.45,15,Honda,3500.0,1
5156,Hyundai i20 1.2 Spotz,Delhi,2016,32450,Petrol,Manual,First,18.6,1197.0,81.83,5.0,11.75,5.75,10,Hyundai,2950.0,1
5157,Renault KWID RXT,Jaipur,2016,12500,Petrol,Manual,First,25.17,799.0,53.3,5.0,11.75,2.75,10,Renault,1136.0,1
5158,Mercedes-Benz CLA 200 CDI Sport,Kochi,2019,20483,Diesel,Automatic,First,17.9,2143.0,136.0,5.0,43.07,30.3,7,Mercedes-Benz,2560.0,1
5159,Ford Ecosport 1.5 DV5 MT Titanium,Hyderabad,2014,45800,Diesel,Manual,First,22.7,1498.0,89.84,5.0,11.75,7.5,12,Ford,3523.0,1
5160,Hyundai i20 Asta 1.2,Coimbatore,2015,35441,Petrol,Manual,First,18.6,1197.0,81.83,5.0,11.75,6.87,11,Hyundai,2953.0,1
5161,Toyota Innova 2.5 ZX Diesel 7 Seater,Bangalore,2015,86398,Diesel,Manual,First,12.99,2494.0,100.6,7.0,15.2,15.2,11,Toyota,7200.0,1
5162,Nissan Sunny 2011-2014 Diesel XL,Chennai,2012,150000,Diesel,Manual,First,21.64,1461.0,84.8,5.0,11.75,3.5,14,Nissan,10000.0,1
5163,Maruti Swift VDI BSIV,Hyderabad,2014,89000,Diesel,Manual,First,25.2,1248.0,74.0,5.0,11.75,5.85,12,Maruti,6846.0,1
5164,Maruti A-Star Vxi,Hyderabad,2010,68375,Petrol,Manual,First,19.0,998.0,66.1,5.0,11.75,2.5,16,Maruti,4022.0,1
5165,Maruti Swift ZXI,Pune,2013,52000,Petrol,Manual,First,18.6,1197.0,85.8,5.0,11.75,3.95,13,Maruti,3714.0,1
5166,Mercedes-Benz CLA 200 CDI Sport,Jaipur,2017,39000,Diesel,Automatic,First,17.9,2143.0,136.0,5.0,42.4,27.0,9,Mercedes-Benz,3900.0,1
5167,Maruti Ertiga ZXI,Bangalore,2014,68000,Petrol,Manual,Second,16.02,1373.0,93.7,7.0,11.75,6.75,12,Maruti,5231.0,0
5168,Maruti Wagon R LXI,Jaipur,2007,71000,Petrol,Manual,Second,18.9,998.0,67.1,5.0,4.890000000000001,1.5,19,Maruti,3550.0,0
5169,Volkswagen Polo Diesel Trendline 1.2L,Hyderabad,2012,72003,Diesel,Manual,First,22.07,1199.0,73.9,5.0,11.75,3.9,14,Volkswagen,4800.0,1
5170,Ford Ecosport 1.5 DV5 MT Titanium Optional,Hyderabad,2014,135670,Diesel,Manual,First,22.7,1498.0,89.84,5.0,11.75,6.55,12,Ford,10436.0,1
5171,Honda City i DTEC VX,Kochi,2017,65850,Diesel,Manual,First,25.1,1498.0,98.6,5.0,11.75,9.44,9,Honda,6585.0,1
5172,Toyota Corolla Altis 1.8 GL,Coimbatore,2015,53920,Petrol,Manual,First,14.28,1798.0,138.03,5.0,23.37,10.77,11,Toyota,4493.0,1
5173,Mahindra XUV500 W8 2WD,Ahmedabad,2014,58000,Diesel,Manual,First,15.1,2179.0,140.0,7.0,11.75,7.5,12,Mahindra,4462.0,1
5174,Maruti Alto 800 2016-2019 VXI,Kolkata,2016,4000,Petrol,Manual,First,24.7,796.0,47.3,5.0,11.75,3.0,10,Maruti,364.0,1
5175,BMW 5 Series 530d M Sport,Chennai,2010,58000,Diesel,Automatic,First,18.59,2993.0,265.0,5.0,79.78,11.75,16,BMW,3412.0,1
5176,Hyundai EON D Lite Plus,Kochi,2016,29832,Petrol,Manual,First,21.1,814.0,55.2,5.0,11.75,3.29,10,Hyundai,2712.0,1
5177,Maruti Swift Dzire VDI,Chennai,2016,71156,Diesel,Manual,First,26.59,1248.0,74.0,5.0,11.75,6.5,10,Maruti,6469.0,1
5179,Audi A4 2.0 TDI,Hyderabad,2011,54000,Diesel,Automatic,First,16.55,1968.0,147.51,5.0,18.0,18.0,15,Audi,3375.0,1
5180,Skoda Superb Elegance 1.8 TSI AT,Bangalore,2009,75000,Petrol,Automatic,Second,13.7,1798.0,157.75,5.0,11.75,4.95,17,Skoda,4167.0,0
5181,Tata Zest Revotron 1.2T XM,Kochi,2015,39208,Petrol,Manual,First,17.57,1193.0,88.7,5.0,7.63,4.52,11,Tata,3267.0,1
5182,Force One LX ABS 7 Seating,Kolkata,2014,41000,Diesel,Manual,First,17.0,2149.0,139.07,7.0,11.75,8.0,12,Force,3154.0,1
5183,Honda City i-VTEC VX,Coimbatore,2013,38622,Petrol,Manual,First,17.4,1497.0,117.3,5.0,12.68,6.26,13,Honda,2759.0,1
5184,Nissan Sunny 2011-2014 XV,Chennai,2016,18000,Petrol,Manual,First,16.95,1498.0,97.7,5.0,11.75,7.5,10,Nissan,1636.0,1
5185,Maruti Swift 1.3 LXI,Delhi,2012,52000,Petrol,Manual,First,16.1,1497.0,98.6,5.0,11.75,3.65,14,Maruti,3467.0,1
5186,Volkswagen Vento Petrol Highline AT,Mumbai,2011,45000,Petrol,Automatic,First,14.4,1598.0,103.6,5.0,11.75,3.35,15,Volkswagen,2812.0,1
5187,Hyundai Verna 1.6 SX VTVT AT,Mumbai,2014,48656,Petrol,Automatic,First,15.74,1591.0,121.3,5.0,11.75,5.5,12,Hyundai,3743.0,1
5188,Hyundai Verna CRDi 1.6 AT SX Plus,Bangalore,2012,79000,Diesel,Automatic,First,22.0,1582.0,126.2,5.0,16.6,5.25,14,Hyundai,5267.0,1
5189,Audi A4 2.0 TDI Multitronic,Bangalore,2012,88000,Diesel,Automatic,First,16.55,1968.0,140.0,5.0,16.25,16.25,14,Audi,5867.0,1
5190,Maruti SX4 Vxi BSIV,Delhi,2009,92000,Petrol,Manual,First,15.5,1586.0,103.3,5.0,11.75,2.7,17,Maruti,5111.0,1
5191,Ford Endeavour 2.2 Titanium AT 4X2,Chennai,2019,9000,Diesel,Automatic,First,12.62,2198.0,158.0,7.0,32.9,32.9,7,Ford,1125.0,1
5192,Maruti Swift LXI BSIV,Coimbatore,2008,50121,Petrol,Manual,First,20.4,1197.0,83.11,5.0,11.75,3.41,18,Maruti,2638.0,1
5193,Hyundai Grand i10 CRDi Magna,Hyderabad,2014,79000,Diesel,Manual,First,24.0,1120.0,70.0,5.0,11.75,4.15,12,Hyundai,6077.0,1
5194,Volkswagen Polo 1.5 TDI Highline,Hyderabad,2014,46000,Diesel,Manual,Second,20.14,1498.0,88.8,5.0,10.15,5.9,12,Volkswagen,3538.0,0
5195,Mercedes-Benz E-Class 230,Pune,2012,100000,Petrol,Automatic,First,10.0,2496.0,157.7,5.0,11.75,11.5,14,Mercedes-Benz,6667.0,1
5196,Hyundai i20 Asta 1.2,Kolkata,2015,41000,Petrol,Manual,First,18.6,1197.0,81.83,5.0,11.75,4.75,11,Hyundai,3417.0,1
5197,Maruti Alto K10 VXI AGS,Chennai,2015,25000,Petrol,Automatic,First,24.07,998.0,67.1,5.0,11.75,3.5,11,Maruti,2083.0,1
5198,Maruti Ertiga VDI,Pune,2014,71899,Diesel,Manual,First,20.77,1248.0,88.76,7.0,11.215,7.25,12,Maruti,5531.0,1
5199,Maruti Celerio VXI AT,Mumbai,2016,7100,Petrol,Automatic,First,23.1,998.0,67.04,5.0,11.75,4.35,10,Maruti,645.0,1
5200,Renault KWID Climber 1.0 AMT,Coimbatore,2018,38171,Petrol,Automatic,Second,22.5,999.0,67.0,5.0,5.72,4.99,8,Renault,4241.0,0
5201,Mahindra Scorpio SLE BSIV,Bangalore,2013,70359,Diesel,Manual,First,12.05,2179.0,120.0,8.0,11.75,7.65,13,Mahindra,5026.0,1
5202,Toyota Innova 2.5 GX (Diesel) 7 Seater BS IV,Chennai,2011,200000,Diesel,Manual,First,12.8,2494.0,102.0,7.0,11.75,9.0,15,Toyota,12500.0,1
5203,Volkswagen Polo Diesel Highline 1.2L,Chennai,2017,26969,Diesel,Manual,First,22.07,1199.0,73.9,5.0,11.75,6.9,9,Volkswagen,2697.0,1
5204,Ford Figo Diesel ZXI,Chennai,2011,56500,Diesel,Manual,First,20.0,1399.0,68.0,5.0,11.75,2.9,15,Ford,3531.0,1
5205,Nissan Terrano XL Plus 85 PS,Kolkata,2014,40000,Diesel,Manual,First,20.45,1461.0,83.8,5.0,11.75,5.75,12,Nissan,3077.0,1
5206,Force One LX 4x4,Kolkata,2014,41000,Diesel,Manual,First,17.0,2200.0,139.01,7.0,11.75,8.0,12,Force,3154.0,1
5207,Renault KWID 1.0 RXT Optional AMT,Kochi,2017,53105,Petrol,Automatic,First,22.5,999.0,67.0,5.0,4.93,4.41,9,Renault,5310.0,1
5208,Skoda Rapid 1.5 TDI Elegance,Mumbai,2013,23000,Diesel,Manual,First,21.14,1498.0,103.52,5.0,11.75,4.95,13,Skoda,1643.0,1
5209,Mahindra XUV500 AT W10 FWD,Hyderabad,2016,80999,Diesel,Automatic,First,16.0,2179.0,140.0,7.0,14.4,14.4,10,Mahindra,7364.0,1
5210,Ford Figo Diesel Titanium,Chennai,2012,82000,Diesel,Manual,First,20.0,1399.0,68.05,5.0,11.75,2.95,14,Ford,5467.0,1
5211,Mahindra Bolero ZLX,Coimbatore,2017,68557,Diesel,Manual,First,15.96,2523.0,62.1,7.0,11.28,8.14,9,Mahindra,6856.0,1
5212,Volkswagen Vento 1.5 TDI Highline,Hyderabad,2016,34000,Diesel,Manual,First,20.64,1498.0,108.5,5.0,14.2,8.45,10,Volkswagen,3091.0,1
5213,Toyota Innova 2.5 VX (Diesel) 8 Seater BS IV,Pune,2015,77000,Diesel,Manual,First,12.99,2494.0,100.0,8.0,12.5,12.5,11,Toyota,6417.0,1
5214,Mahindra XUV500 W8 2WD,Mumbai,2012,48000,Diesel,Manual,First,15.1,2179.0,140.0,7.0,11.75,6.5,14,Mahindra,3200.0,1
5215,Ford Ecosport 1.5 Ti VCT MT Titanium,Coimbatore,2015,28232,Petrol,Manual,Second,15.8,1499.0,110.0,5.0,11.75,7.72,11,Ford,2353.0,0
5216,Volkswagen Jetta 2012-2014 2.0L TDI Highline AT,Chennai,2011,110000,Diesel,Automatic,First,16.96,1968.0,138.1,5.0,11.75,8.0,15,Volkswagen,6875.0,1
5217,Tata New Safari DICOR 2.2 VX 4x4,Chennai,2009,120000,Diesel,Manual,Second,13.93,2179.0,138.0,7.0,11.75,3.0,17,Tata,6667.0,0
5218,BMW 3 Series 330d Convertible,Mumbai,2013,49000,Diesel,Automatic,First,8.2,2993.0,245.0,4.0,29.0,29.0,13,BMW,3500.0,1
5219,Volkswagen Polo 1.2 MPI Highline,Kolkata,2014,22000,Petrol,Manual,First,16.47,1198.0,74.0,5.0,11.75,4.11,12,Volkswagen,1692.0,1
5220,Hyundai i20 Magna Optional 1.2,Coimbatore,2015,14925,Petrol,Manual,First,18.5,1197.0,82.9,5.0,11.75,5.37,11,Hyundai,1244.0,1
5221,Maruti Ertiga ZDI,Mumbai,2013,75000,Diesel,Manual,First,20.77,1248.0,88.8,7.0,12.34,6.55,13,Maruti,5357.0,1
5222,Honda City i VTEC V,Chennai,2015,23000,Petrol,Manual,First,17.4,1497.0,117.3,5.0,11.75,7.0,11,Honda,1917.0,1
5223,Honda City 1.5 S MT,Mumbai,2014,57000,Petrol,Manual,First,17.0,1497.0,118.0,5.0,11.75,5.48,12,Honda,4385.0,1
5224,Volkswagen Jetta 2013-2015 2.0L TDI Highline AT,Kochi,2013,76718,Diesel,Automatic,First,16.96,1968.0,138.03,5.0,11.75,6.51,13,Volkswagen,5480.0,1
5225,Honda Amaze VX i-DTEC,Pune,2016,138000,Diesel,Manual,First,25.8,1498.0,98.6,5.0,11.75,5.15,10,Honda,12545.0,1
5226,Mahindra XUV500 W8 2WD,Hyderabad,2013,140000,Diesel,Manual,Second,15.1,2179.0,140.0,7.0,11.75,9.0,13,Mahindra,10000.0,0
5227,Toyota Corolla Altis VL,Mumbai,2008,110000,Petrol,Automatic,Second,14.53,1798.0,138.1,5.0,11.75,2.75,18,Toyota,5789.0,0
5229,BMW 3 Series 320d,Bangalore,2012,73000,Diesel,Automatic,First,22.69,1995.0,190.0,5.0,48.79,12.5,14,BMW,4867.0,1
5230,Ford EcoSport 1.5 Diesel Trend,Kochi,2017,63423,Diesel,Manual,First,23.0,1498.0,98.96,5.0,10.42,7.69,9,Ford,6342.0,1
5231,Hyundai i20 Asta Optional with Sunroof 1.2,Kochi,2013,62132,Petrol,Manual,First,18.5,1197.0,82.85,5.0,11.75,4.57,13,Hyundai,4438.0,1
5232,Honda City 1.5 S AT,Mumbai,2013,51000,Petrol,Automatic,First,16.8,1497.0,118.0,5.0,11.75,4.5,13,Honda,3643.0,1
5233,Maruti Ritz VDI (ABS) BS IV,Hyderabad,2015,75000,Diesel,Manual,First,23.2,1248.0,73.94,5.0,11.75,4.9,11,Maruti,6250.0,1
5234,Hyundai i10 Era 1.1,Kolkata,2008,55410,Petrol,Manual,First,19.81,1086.0,68.05,5.0,11.75,1.65,18,Hyundai,2916.0,1
5235,Chevrolet Sail 1.2 LS,Mumbai,2015,41000,Petrol,Manual,First,18.2,1199.0,82.4,5.0,11.75,3.25,11,Chevrolet,3417.0,1
5236,Hyundai Verna 1.6 SX CRDi (O),Chennai,2012,45000,Diesel,Manual,First,22.32,1582.0,126.32,5.0,11.75,6.25,14,Hyundai,3000.0,1
5237,Hyundai Creta 1.6 SX Option,Kochi,2018,53322,Petrol,Manual,First,15.8,1591.0,121.3,5.0,16.06,12.13,8,Hyundai,5925.0,1
5238,Chevrolet Sail 1.2 LS,Jaipur,2013,48000,Petrol,Manual,First,18.2,1199.0,82.4,5.0,11.75,3.25,13,Chevrolet,3429.0,1
5239,Audi Q5 2.0 TDI,Hyderabad,2013,72000,Diesel,Automatic,First,14.16,1968.0,174.3,5.0,29.0,29.0,13,Audi,5143.0,1
5240,Honda City 1.5 V MT Exclusive,Kochi,2013,50266,Petrol,Manual,First,17.0,1497.0,118.0,5.0,11.75,5.53,13,Honda,3590.0,1
5241,Ford EcoSport 1.5 Petrol Titanium,Hyderabad,2017,21800,Petrol,Manual,First,17.0,1497.0,121.36,5.0,11.27,8.75,9,Ford,2180.0,1
5242,Audi Q7 3.0 TDI Quattro Premium Plus,Bangalore,2014,45000,Diesel,Automatic,Second,12.07,2967.0,241.4,7.0,37.9,37.9,12,Audi,3462.0,0
5243,Hyundai i10 Magna 1.2,Delhi,2010,62000,Petrol,Manual,First,20.36,1197.0,78.9,5.0,11.75,2.4,16,Hyundai,3647.0,1
5244,Hyundai i20 1.2 Asta,Chennai,2014,41681,Petrol,Manual,First,17.0,1197.0,80.0,5.0,11.75,4.55,12,Hyundai,3206.0,1
5245,Maruti Swift Dzire 1.2 Vxi BSIV,Delhi,2011,69313,Petrol,Manual,Second,17.5,1197.0,85.8,5.0,11.75,2.65,15,Maruti,4332.0,0
5246,Tata Indica V2 eLX,Pune,2017,49000,Diesel,Manual,Second,25.0,1396.0,69.0,5.0,11.75,1.6,9,Tata,4900.0,0
5247,BMW 5 Series 2010-2013 530d,Coimbatore,2012,40471,Diesel,Automatic,Second,16.2,2993.0,235.0,5.0,25.72,25.72,14,BMW,2698.0,0
5248,Maruti Swift VDI,Ahmedabad,2013,60000,Diesel,Manual,First,22.9,1248.0,74.0,5.0,7.92,4.15,13,Maruti,4286.0,1
5249,Ford Freestyle Titanium Plus Petrol,Jaipur,2018,1001,Petrol,Manual,First,19.0,1194.0,94.68,5.0,8.44,7.23,8,Ford,111.0,1
5250,Hyundai Verna XXi ABS (Petrol),Bangalore,2008,38000,Petrol,Manual,Second,13.9,1599.0,103.2,5.0,11.75,2.6,18,Hyundai,2000.0,0
5251,BMW 3 Series 320d Highline,Mumbai,2008,66000,Diesel,Automatic,Second,16.07,1995.0,181.0,5.0,11.75,7.25,18,BMW,3474.0,0
5252,Toyota Innova 2.5 G4 Diesel 8-seater,Kochi,2017,33901,Diesel,Manual,First,12.8,2494.0,102.0,8.0,14.29,14.29,9,Toyota,3390.0,1
5253,Mercedes-Benz New C-Class C 250 CDI Elegance,Hyderabad,2011,57000,Diesel,Automatic,Second,14.94,2143.0,204.0,5.0,17.25,17.25,15,Mercedes-Benz,3562.0,0
5254,Hyundai Elantra 1.6 SX,Pune,2013,170000,Diesel,Manual,First,22.54,1582.0,126.2,5.0,20.87,7.5,13,Hyundai,12143.0,1
5255,Maruti Ritz ZDi,Hyderabad,2014,60000,Diesel,Manual,First,23.2,1248.0,73.94,5.0,11.75,4.35,12,Maruti,4615.0,1
5256,Maruti Vitara Brezza ZDi Plus Dual Tone,Pune,2016,85000,Diesel,Manual,First,24.3,1248.0,88.5,5.0,11.96,8.9,10,Maruti,7727.0,1
5257,Hyundai Xcent 1.2 Kappa S,Kolkata,2016,146000,Petrol,Manual,Second,19.1,1197.0,82.0,5.0,11.75,3.5,10,Hyundai,13273.0,0
5258,Honda City i DTEC V,Kolkata,2014,56002,Diesel,Manual,First,26.0,1498.0,98.6,5.0,11.75,6.1,12,Honda,4308.0,1
5259,Renault KWID RXT,Mumbai,2016,8554,Petrol,Manual,First,25.17,799.0,53.3,5.0,11.75,3.2,10,Renault,778.0,1
5260,Toyota Etios Cross 1.4L VD,Jaipur,2014,62322,Diesel,Manual,First,23.59,1364.0,67.06,5.0,9.55,4.9,12,Toyota,4794.0,1
5261,Maruti Alto K10 VXI,Kochi,2015,37929,Petrol,Manual,First,24.07,998.0,67.1,5.0,4.09,3.69,11,Maruti,3161.0,1
5262,Tata Tiago 1.2 Revotron XM Option,Chennai,2016,5400,Petrol,Manual,First,23.84,1199.0,84.0,5.0,5.45,3.98,10,Tata,491.0,1
5263,Hyundai i20 1.4 CRDi Magna,Kolkata,2013,60000,Diesel,Manual,First,21.9,1396.0,90.0,5.0,11.75,2.95,13,Hyundai,4286.0,1
5264,Audi A4 2.0 TDI,Kochi,2014,55730,Diesel,Automatic,First,16.55,1968.0,147.51,5.0,15.21,15.21,12,Audi,4287.0,1
5265,Maruti Swift VDI,Hyderabad,2015,62000,Diesel,Manual,First,28.4,1248.0,74.0,5.0,7.92,6.3,11,Maruti,5167.0,1
5266,Volkswagen Ameo 1.2 MPI Highline,Kochi,2017,14576,Petrol,Manual,First,17.0,1198.0,73.75,5.0,8.38,6.69,9,Volkswagen,1458.0,1
5267,Honda BRV i-VTEC V CVT,Mumbai,2017,17000,Petrol,Automatic,First,16.0,1497.0,117.3,7.0,15.02,9.5,9,Honda,1700.0,1
5268,Hyundai i20 Asta,Mumbai,2009,28000,Petrol,Manual,First,17.0,1197.0,80.0,5.0,11.75,2.65,17,Hyundai,1556.0,1
5269,Hyundai Santa Fe 4X4,Ahmedabad,2012,58200,Diesel,Manual,First,14.66,2199.0,194.3,7.0,11.75,7.5,14,Hyundai,3880.0,1
5270,Honda City 1.5 GXI,Bangalore,2002,53000,Petrol,Manual,Second,0.0,1497.0,98.6,5.0,11.75,1.85,24,Honda,2120.0,0
5271,Maruti Celerio ZXI Optional AMT,Kochi,2018,12278,Petrol,Automatic,First,23.1,998.0,67.04,5.0,5.95,5.63,8,Maruti,1364.0,1
5272,Hyundai Creta 1.6 SX,Coimbatore,2018,17665,Petrol,Manual,First,15.8,1591.0,121.3,5.0,15.36,11.78,8,Hyundai,1963.0,1
5273,Tata Indica V2 DL BSIII,Hyderabad,2004,200000,Diesel,Manual,Second,17.88,1396.0,52.8,5.0,11.75,0.85,22,Tata,8696.0,0
5274,Volkswagen Vento Petrol Highline,Mumbai,2011,55893,Petrol,Manual,First,15.04,1598.0,103.6,5.0,11.75,3.35,15,Volkswagen,3493.0,1
5275,Maruti Celerio VXI,Kochi,2015,60586,Petrol,Manual,First,23.1,998.0,67.04,5.0,11.75,4.11,11,Maruti,5049.0,1
5276,Mercedes-Benz CLA 200 D Sport Edition,Ahmedabad,2015,13500,Diesel,Automatic,First,17.9,2143.0,136.0,5.0,25.51,25.51,11,Mercedes-Benz,1125.0,1
5277,Maruti Alto 800 LXI,Jaipur,2017,30000,Petrol,Manual,First,22.74,796.0,47.3,5.0,11.75,3.1,9,Maruti,3000.0,1
5278,Ford Endeavour 3.2 Titanium AT 4X4,Delhi,2018,12000,Diesel,Automatic,First,10.91,3198.0,197.0,7.0,33.5,33.5,8,Ford,1333.0,1
5279,Tata Zest Revotron 1.2T XE,Kolkata,2017,65000,Petrol,Manual,First,17.57,1193.0,88.7,5.0,6.59,4.8,9,Tata,6500.0,1
5280,Volkswagen Vento 1.6 Comfortline,Kolkata,2014,38000,Petrol,Manual,First,16.09,1598.0,103.5,5.0,10.94,3.49,12,Volkswagen,2923.0,1
5281,Maruti Ertiga ZXI,Mumbai,2012,25000,Petrol,Manual,Second,17.5,1373.0,91.1,7.0,11.75,5.15,14,Maruti,1667.0,0
5282,Mercedes-Benz M-Class ML 350 CDI Corporate,Mumbai,2011,100000,Diesel,Automatic,First,14.0,2987.0,224.0,5.0,14.41,14.41,15,Mercedes-Benz,6250.0,1
5283,Volkswagen Polo 1.2 MPI Highline,Mumbai,2014,13710,Petrol,Manual,First,16.2,1199.0,74.0,5.0,11.75,4.75,12,Volkswagen,1055.0,1
5284,Toyota Fortuner 4x2 AT,Jaipur,2015,100000,Diesel,Automatic,First,12.55,2982.0,168.5,7.0,19.0,19.0,11,Toyota,8333.0,1
5285,Maruti Celerio VXI,Hyderabad,2017,17000,Petrol,Manual,First,23.1,998.0,67.04,5.0,11.75,4.9,9,Maruti,1700.0,1
5286,BMW 3 Series 320d Corporate Edition,Chennai,2008,89000,Diesel,Automatic,Second,16.07,1995.0,181.0,4.0,11.75,6.3,18,BMW,4684.0,0
5287,Honda City ZX VTEC,Jaipur,2006,100173,Petrol,Manual,Second,16.9,1497.0,100.0,5.0,11.75,2.4,20,Honda,4770.0,0
5288,Mitsubishi Cedia Sports,Pune,2009,97000,Petrol,Manual,First,13.17,1999.0,114.0,5.0,11.75,3.0,17,Mitsubishi,5389.0,1
5289,Renault Pulse Petrol RxL,Delhi,2016,40190,Petrol,Manual,First,18.06,1198.0,74.93,5.0,11.75,4.25,10,Renault,3654.0,1
5290,Volkswagen Polo 1.5 TDI Highline,Hyderabad,2016,29647,Diesel,Manual,First,20.14,1498.0,88.0,5.0,10.15,6.3,10,Volkswagen,2695.0,1
5291,Maruti Baleno RS Petrol,Kochi,2018,43639,Petrol,Manual,First,21.1,998.0,100.0,5.0,9.83,8.15,8,Maruti,4849.0,1
5292,Hyundai i10 Magna,Kochi,2012,37333,Petrol,Manual,First,20.36,1197.0,78.9,5.0,11.75,3.22,14,Hyundai,2489.0,1
5293,Hyundai i20 1.2 Spotz,Kochi,2018,48407,Petrol,Manual,First,18.6,1197.0,81.83,5.0,11.75,7.65,8,Hyundai,5379.0,1
5294,BMW Z4 2009-2013 35i,Delhi,2011,25000,Petrol,Automatic,First,10.37,2979.0,306.0,2.0,30.0,30.0,15,BMW,1562.0,1
5295,Hyundai i10 Sportz 1.2,Pune,2010,72400,Petrol,Manual,Second,20.36,1197.0,78.9,5.0,11.75,2.3,16,Hyundai,4259.0,0
5296,Mini Cooper S Carbon Edition,Delhi,2012,18000,Petrol,Automatic,First,13.6,1598.0,181.0,4.0,22.0,22.0,14,Mini,1200.0,1
5297,Honda Brio V MT,Pune,2012,65167,Petrol,Manual,First,19.4,1198.0,86.8,5.0,11.75,3.28,14,Honda,4344.0,1
5298,Maruti Ciaz ZXi Option,Kochi,2016,25418,Petrol,Manual,First,20.73,1373.0,91.2,5.0,11.75,7.09,10,Maruti,2311.0,1
5299,Maruti Swift Dzire ZDi,Coimbatore,2013,38995,Diesel,Manual,First,19.3,1248.0,73.9,5.0,11.75,6.46,13,Maruti,2785.0,1
5300,Volkswagen Polo Diesel Comfortline 1.2L,Chennai,2012,60000,Diesel,Manual,First,22.07,1199.0,73.9,5.0,11.75,4.0,14,Volkswagen,4000.0,1
5301,BMW X1 sDrive20d,Delhi,2011,72000,Diesel,Automatic,First,17.05,1995.0,184.0,5.0,11.75,11.0,15,BMW,4500.0,1
5302,Audi Q7 3.0 TDI Quattro Premium Plus,Coimbatore,2016,31075,Diesel,Automatic,Second,12.07,2967.0,241.4,7.0,49.79,49.79,10,Audi,2825.0,0
5303,Ford Figo 1.5D Trend MT,Kolkata,2015,4311,Diesel,Manual,First,25.83,1498.0,99.0,5.0,11.75,4.8,11,Ford,359.0,1
5304,BMW 3 Series Luxury Line,Bangalore,2017,21000,Diesel,Automatic,First,21.76,1995.0,190.0,5.0,62.07,35.0,9,BMW,2100.0,1
5305,Mercedes-Benz M-Class ML 350 CDI Corporate,Bangalore,2011,54000,Diesel,Automatic,First,14.0,2987.0,224.0,5.0,21.99,21.99,15,Mercedes-Benz,3375.0,1
5306,Maruti Wagon R LX BSIII,Mumbai,2007,50000,Petrol,Manual,Second,17.3,1061.0,64.0,5.0,11.75,1.1,19,Maruti,2500.0,0
5307,Maruti Baleno Zeta 1.2,Delhi,2018,13000,Petrol,Manual,First,21.4,1197.0,83.1,5.0,11.75,6.6,8,Maruti,1444.0,1
5308,Maruti Dzire VXI,Pune,2013,74000,Petrol,Manual,First,22.0,1197.0,81.8,5.0,7.67,4.5,13,Maruti,5286.0,1
5309,Chevrolet Aveo U-VA 1.2 LT,Pune,2009,75000,Petrol,Manual,Second,14.7,1150.0,76.0,5.0,11.75,1.0,17,Chevrolet,4167.0,0
5310,Volkswagen Polo 1.5 TDI Highline,Chennai,2017,25000,Diesel,Manual,First,20.14,1498.0,88.0,5.0,9.97,6.9,9,Volkswagen,2500.0,1
5311,Land Rover Freelander 2 TD4 SE,Hyderabad,2012,139000,Diesel,Automatic,First,0.0,2179.0,115.0,5.0,16.75,16.75,14,Land,9267.0,1
5312,Audi Q5 30 TDI quattro Premium,Mumbai,2015,52000,Diesel,Automatic,First,14.16,1968.0,174.3,5.0,25.49,25.49,11,Audi,4333.0,1
5313,Audi A6 35 TDI Matrix,Chennai,2015,20000,Diesel,Automatic,First,18.53,1968.0,187.74,5.0,67.67,35.5,11,Audi,1667.0,1
5314,Hyundai Grand i10 1.2 CRDi Sportz,Kochi,2018,32663,Diesel,Manual,First,24.0,1186.0,73.97,5.0,8.18,6.28,8,Hyundai,3629.0,1
5315,Mahindra Scorpio SLE BSIV,Delhi,2012,76777,Diesel,Manual,Second,12.05,2179.0,120.0,8.0,11.75,4.88,14,Mahindra,5118.0,0
5316,Tata Bolt Quadrajet XE,Hyderabad,2016,100303,Diesel,Manual,First,22.95,1248.0,74.0,5.0,7.43,3.7,10,Tata,9118.0,1
5317,Hyundai EON Era Plus,Kochi,2015,43993,Petrol,Manual,First,21.1,814.0,55.2,5.0,11.75,3.45,11,Hyundai,3666.0,1
5318,Mahindra Scorpio S8 8 Seater,Kochi,2016,72118,Diesel,Manual,First,15.4,2179.0,120.0,8.0,11.75,10.23,10,Mahindra,6556.0,1
5319,Honda Accord 2001-2003 2.0 AT,Bangalore,2010,83000,Petrol,Automatic,Second,11.1,2354.0,142.0,5.0,11.75,6.5,16,Honda,4882.0,0
5320,Volkswagen Polo 1.2 MPI Highline,Mumbai,2016,7523,Petrol,Manual,First,16.2,1199.0,74.0,5.0,11.75,6.15,10,Volkswagen,684.0,1
5321,Maruti Eeco 7 Seater Standard,Mumbai,2014,34670,Petrol,Manual,First,15.1,1196.0,73.0,7.0,4.71,2.9,12,Maruti,2667.0,1
5322,Hyundai Grand i10 CRDi Sportz,Ahmedabad,2016,30000,Diesel,Manual,First,24.0,1120.0,70.0,5.0,11.75,5.5,10,Hyundai,2727.0,1
5323,Ford Endeavour 3.2 Titanium AT 4X4,Chennai,2017,17000,Diesel,Automatic,First,10.91,3198.0,197.0,7.0,31.0,31.0,9,Ford,1700.0,1
5324,Hyundai Grand i10 1.2 CRDi Sportz,Delhi,2015,59261,Diesel,Manual,First,24.0,1186.0,73.97,5.0,8.18,4.25,11,Hyundai,4938.0,1
5325,Maruti Swift VDI,Kochi,2016,65210,Diesel,Manual,First,22.9,1248.0,74.0,5.0,7.92,5.48,10,Maruti,5928.0,1
5326,Hyundai i20 1.2 Asta Option,Bangalore,2016,19000,Petrol,Manual,First,18.6,1197.0,81.83,5.0,11.75,7.25,10,Hyundai,1727.0,1
5327,Maruti Swift Dzire VXi,Hyderabad,2012,50000,Petrol,Manual,First,17.5,1298.0,85.8,5.0,11.75,3.0,14,Maruti,3333.0,1
5328,BMW 3 Series 320d Luxury Line,Hyderabad,2015,47000,Diesel,Automatic,First,22.69,1995.0,190.0,5.0,53.68,29.5,11,BMW,3917.0,1
5329,Honda City ZX GXi,Mumbai,2007,75000,Petrol,Manual,Second,17.7,1497.0,78.0,5.0,11.75,1.49,19,Honda,3750.0,0
5330,Hyundai i10 Sportz 1.2 AT,Pune,2013,54534,Petrol,Automatic,First,16.95,1197.0,78.9,5.0,11.75,3.65,13,Hyundai,3895.0,1
5331,Ford Ecosport Signature Edition Diesel,Ahmedabad,2018,13000,Diesel,Manual,First,23.0,1498.0,98.96,5.0,12.12,10.9,8,Ford,1444.0,1
5332,Maruti Celerio ZXI MT,Bangalore,2015,48808,Petrol,Manual,First,23.1,998.0,67.04,5.0,6.05,4.3,11,Maruti,4067.0,1
5333,Maruti Ertiga VDI,Pune,2012,63001,Diesel,Manual,Second,20.77,1248.0,88.76,7.0,11.215,6.11,14,Maruti,4200.0,0
5334,Toyota Innova 2.5 V Diesel 8-seater,Hyderabad,2015,64771,Diesel,Manual,First,12.8,2494.0,102.0,8.0,15.5,15.5,11,Toyota,5398.0,1
5335,Honda City i VTEC SV,Mumbai,2016,34634,Petrol,Manual,First,17.8,1497.0,117.3,5.0,11.75,6.9,10,Honda,3149.0,1
5336,Maruti Swift Dzire VXI,Bangalore,2012,69242,Petrol,Manual,First,19.1,1197.0,85.8,5.0,11.75,4.69,14,Maruti,4616.0,1
5337,Maruti Ritz LXi,Kochi,2011,33292,Petrol,Manual,First,18.5,1197.0,85.8,5.0,11.75,3.19,15,Maruti,2081.0,1
5338,Hyundai i20 Sportz AT 1.4,Pune,2012,55000,Petrol,Automatic,Second,15.0,1396.0,98.6,5.0,11.75,3.75,14,Hyundai,3667.0,0
5339,Hyundai i20 Active SX Dual Tone Petrol,Pune,2019,1000,Petrol,Manual,First,17.19,1197.0,81.86,5.0,10.25,8.6,7,Hyundai,125.0,1
5340,Honda City 1.5 E MT,Chennai,2011,80000,Petrol,Manual,Second,17.0,1497.0,118.0,5.0,11.75,3.85,15,Honda,5000.0,0
5341,Porsche Cayenne S Diesel,Coimbatore,2016,65003,Diesel,Automatic,First,13.6,4134.0,382.0,5.0,67.83,67.83,10,Porsche,5909.0,1
5342,Honda Amaze VX i-VTEC,Coimbatore,2019,16573,Petrol,Manual,First,17.8,1198.0,86.7,5.0,11.75,9.31,7,Honda,2072.0,1
5343,Honda Civic 2006-2010 1.8 S AT,Pune,2008,152633,Petrol,Automatic,First,12.9,1799.0,130.0,5.0,11.75,3.0,18,Honda,8033.0,1
5344,Hyundai i20 Magna 1.2,Bangalore,2015,53000,Petrol,Manual,First,18.6,1197.0,81.83,5.0,11.75,5.5,11,Hyundai,4417.0,1
5345,Hyundai Creta 1.6 CRDi SX,Hyderabad,2017,50129,Diesel,Manual,First,19.67,1582.0,126.2,5.0,13.3,13.3,9,Hyundai,5013.0,1
5346,Audi Q3 2012-2015 2.0 TDI Quattro Premium Plus,Hyderabad,2013,63716,Diesel,Automatic,First,15.73,1968.0,174.33,5.0,23.0,23.0,13,Audi,4551.0,1
5347,Maruti Alto 800 2016-2019 LXI,Mumbai,2018,11000,Petrol,Manual,First,24.7,796.0,47.3,5.0,11.75,3.35,8,Maruti,1222.0,1
5348,BMW X1 sDrive 20d Exclusive,Chennai,2012,115000,Diesel,Automatic,Third,15.06,1995.0,177.0,5.0,11.75,10.0,14,BMW,7667.0,0
5349,Hyundai i10 Magna,Delhi,2013,63265,Petrol,Manual,First,20.36,1197.0,78.9,5.0,11.75,2.95,13,Hyundai,4519.0,1
5350,Volkswagen Ameo 1.5 TDI Highline,Pune,2016,20000,Diesel,Manual,First,21.66,1498.0,108.62,5.0,10.04,6.75,10,Volkswagen,1818.0,1
5351,Volkswagen Polo Petrol Highline 1.2L,Pune,2010,79000,Petrol,Manual,Third,16.47,1198.0,73.9,5.0,11.75,2.44,16,Volkswagen,4647.0,0
5352,Maruti Ciaz VXi Plus,Mumbai,2015,41000,Petrol,Manual,First,20.73,1373.0,91.1,5.0,11.75,5.85,11,Maruti,3417.0,1
5353,Volkswagen Polo GT TSI,Kochi,2015,26323,Petrol,Automatic,First,17.21,1197.0,103.5,5.0,10.83,7.4,11,Volkswagen,2194.0,1
5354,Hyundai Xcent 1.1 CRDi Base,Pune,2016,76000,Diesel,Manual,First,24.4,1120.0,71.0,5.0,11.75,3.8,10,Hyundai,6909.0,1
5355,Honda Civic 2006-2010 1.8 S MT,Hyderabad,2008,69972,Petrol,Manual,First,13.5,1799.0,130.0,5.0,11.75,3.8,18,Honda,3683.0,1
5356,Honda City ZX GXi,Kolkata,2008,69000,Petrol,Manual,First,17.7,1497.0,78.0,5.0,11.75,2.7,18,Honda,3632.0,1
5357,Mahindra Bolero ZLX,Jaipur,2016,65000,Diesel,Manual,First,15.96,2523.0,62.1,7.0,11.15,7.21,10,Mahindra,5909.0,1
5358,Honda City i VTEC V,Hyderabad,2016,29512,Petrol,Manual,First,17.4,1497.0,117.3,5.0,11.75,7.9,10,Honda,2683.0,1
5359,Hyundai Xcent 1.2 CRDi S,Kolkata,2017,51000,Diesel,Manual,First,25.4,1186.0,73.97,5.0,8.23,4.2,9,Hyundai,5100.0,1
5360,Renault Duster 110PS Diesel RxL,Mumbai,2014,58003,Diesel,Manual,First,19.01,1461.0,108.45,5.0,11.75,5.75,12,Renault,4462.0,1
5361,Maruti A-Star AT VXI,Hyderabad,2013,56500,Petrol,Automatic,First,16.98,998.0,66.1,5.0,11.75,3.45,13,Maruti,4036.0,1
5362,Audi A4 2.0 TDI 177 Bhp Premium Plus,Bangalore,2014,29063,Diesel,Automatic,First,17.11,1968.0,174.33,5.0,25.75,25.75,12,Audi,2236.0,1
5363,Mahindra XUV500 W8 2WD,Coimbatore,2018,46811,Diesel,Manual,First,16.0,2179.0,140.0,7.0,16.59,16.59,8,Mahindra,5201.0,1
5364,Renault Pulse Petrol RxZ,Coimbatore,2014,31897,Petrol,Manual,First,18.06,1198.0,74.96,5.0,11.75,4.69,12,Renault,2454.0,1
5365,BMW 3 Series 320d,Mumbai,2009,52100,Diesel,Automatic,Second,13.2,1995.0,170.0,5.0,47.87,7.5,17,BMW,2894.0,0
5366,Toyota Innova Crysta 2.4 GX MT,Hyderabad,2016,73000,Diesel,Manual,First,13.68,2393.0,147.8,7.0,19.37,16.5,10,Toyota,6636.0,1
5367,Honda City 1.5 S MT,Kolkata,2009,31423,Petrol,Manual,First,17.0,1497.0,118.0,5.0,11.75,1.99,17,Honda,1746.0,1
5368,Maruti Swift VDI,Chennai,2014,75180,Diesel,Manual,First,22.9,1248.0,74.0,5.0,7.92,5.25,12,Maruti,5783.0,1
5369,Renault Duster 110PS Diesel RxZ Plus,Mumbai,2013,75000,Diesel,Manual,Second,19.64,1461.0,108.45,5.0,11.75,5.4,13,Renault,5357.0,0
5370,Volkswagen Polo 1.2 MPI Comfortline,Mumbai,2014,15000,Petrol,Manual,First,16.47,1198.0,74.0,5.0,11.75,3.9,12,Volkswagen,1154.0,1
5371,Hyundai i20 Active 1.2 S,Mumbai,2015,12000,Petrol,Manual,First,17.19,1197.0,81.86,5.0,11.75,5.8,11,Hyundai,1000.0,1
5372,BMW 5 Series 2013-2017 520d Luxury Line,Pune,2014,32000,Diesel,Automatic,First,18.12,1995.0,190.0,5.0,30.5,30.5,12,BMW,2462.0,1
5373,Maruti Swift Dzire LDI,Hyderabad,2017,44504,Diesel,Manual,First,23.4,1248.0,74.0,5.0,11.75,5.6,9,Maruti,4450.0,1
5374,Mercedes-Benz M-Class ML 350 4Matic,Ahmedabad,2012,66000,Diesel,Automatic,First,0.0,2987.0,165.0,5.0,23.0,23.0,14,Mercedes-Benz,4400.0,1
5375,Maruti Swift LDI,Jaipur,2015,39437,Diesel,Manual,First,28.4,1248.0,74.0,5.0,7.01,5.15,11,Maruti,3286.0,1
5376,Hyundai Verna 1.6 CRDI AT SX Option,Coimbatore,2017,36931,Diesel,Automatic,First,19.08,1582.0,126.2,5.0,11.75,9.48,9,Hyundai,3693.0,1
5377,Tata Nano XTA,Bangalore,2016,17800,Petrol,Automatic,Second,21.9,624.0,37.48,4.0,11.75,2.38,10,Tata,1618.0,0
5378,Maruti Swift Dzire LXi,Hyderabad,2009,71346,Petrol,Manual,First,17.5,1298.0,85.8,5.0,11.75,3.8,17,Maruti,3964.0,1
5379,Hyundai i20 Asta Option 1.2,Delhi,2015,45000,Petrol,Manual,Second,18.6,1197.0,81.83,5.0,11.75,5.5,11,Hyundai,3750.0,0
5380,Hyundai i20 1.2 Sportz,Hyderabad,2010,85155,Petrol,Manual,First,17.0,1197.0,80.0,5.0,11.75,3.55,16,Hyundai,5009.0,1
5381,Maruti Ciaz ZXi,Mumbai,2015,48823,Petrol,Manual,First,20.73,1373.0,91.1,5.0,11.75,6.35,11,Maruti,4069.0,1
5382,Land Rover Range Rover 2.2L Prestige,Delhi,2015,37000,Diesel,Automatic,First,12.7,2179.0,187.7,5.0,36.0,36.0,11,Land,3083.0,1
5383,Tata Indigo LX BSII,Hyderabad,2005,92000,Diesel,Manual,Second,16.1,1405.0,70.0,5.0,11.75,1.1,21,Tata,4182.0,0
5384,Tata Zest Revotron 1.2T XM,Mumbai,2014,36000,Petrol,Manual,First,17.57,1193.0,88.7,5.0,7.63,3.7,12,Tata,2769.0,1
5385,Mahindra XUV500 W10 1.99 mHawk,Delhi,2016,24569,Diesel,Manual,First,16.0,1997.0,140.0,7.0,13.5,13.5,10,Mahindra,2234.0,1
5386,Honda Accord 2.4 AT,Mumbai,2008,95000,Petrol,Automatic,Third,11.7,2354.0,177.6,5.0,11.75,2.85,18,Honda,5000.0,0
5387,Tata Nano Twist XT,Coimbatore,2015,25811,Petrol,Manual,Second,25.4,624.0,37.5,4.0,11.75,2.13,11,Tata,2151.0,0
5388,Hyundai Elantra CRDi S,Ahmedabad,2015,65000,Diesel,Manual,First,22.7,1582.0,126.2,5.0,11.75,7.75,11,Hyundai,5417.0,1
5389,Tata Indica V2 eLS,Chennai,2017,100400,Diesel,Manual,First,25.0,1396.0,69.0,5.0,11.75,2.85,9,Tata,10040.0,1
5390,Honda Amaze S i-Dtech,Jaipur,2014,76414,Diesel,Manual,First,25.8,1498.0,98.6,5.0,11.75,4.95,12,Honda,5878.0,1
5391,Mahindra XUV500 W8 2WD,Kochi,2012,82103,Diesel,Manual,First,15.1,2179.0,140.0,7.0,11.75,6.2,14,Mahindra,5474.0,1
5392,BMW X3 xDrive 20d Expedition,Pune,2013,98000,Diesel,Automatic,First,18.56,1995.0,190.0,5.0,17.5,17.5,13,BMW,7000.0,1
5393,Hyundai Grand i10 1.2 Kappa Magna,Pune,2010,45252,Petrol,Manual,First,18.9,1197.0,81.86,5.0,6.8,2.25,16,Hyundai,2662.0,1
5394,Maruti Baleno Zeta 1.2,Delhi,2017,10300,Petrol,Manual,First,21.4,1197.0,83.1,5.0,11.75,6.75,9,Maruti,1030.0,1
5395,Hyundai Verna 1.6 CRDi AT SX,Kochi,2016,42024,Diesel,Automatic,First,19.08,1582.0,126.2,5.0,11.75,9.73,10,Hyundai,3820.0,1
5396,Maruti Ertiga VDI,Kochi,2018,51236,Diesel,Manual,First,25.47,1248.0,88.5,7.0,10.83,8.49,8,Maruti,5693.0,1
5397,Mini Cooper S Carbon Edition,Mumbai,2013,52000,Petrol,Automatic,First,13.6,1598.0,181.0,4.0,25.0,25.0,13,Mini,3714.0,1
5398,Maruti Ritz ZDi,Coimbatore,2015,42894,Diesel,Manual,First,23.2,1248.0,73.94,5.0,11.75,5.59,11,Maruti,3574.0,1
5399,Skoda Laura L n K 1.9 PD AT,Mumbai,2011,68000,Diesel,Automatic,First,15.6,1896.0,106.0,5.0,11.75,4.8,15,Skoda,4250.0,1
5400,Ford Ecosport 1.5 DV5 MT Titanium Optional,Delhi,2014,69000,Diesel,Manual,First,22.7,1498.0,89.84,5.0,11.75,5.45,12,Ford,5308.0,1
5401,Hyundai i20 2015-2017 Sportz 1.2,Pune,2017,10000,Petrol,Manual,First,18.6,1197.0,81.83,5.0,11.75,6.5,9,Hyundai,1000.0,1
5402,Honda Brio E MT,Chennai,2015,16000,Petrol,Manual,First,19.4,1198.0,86.8,5.0,11.75,4.35,11,Honda,1333.0,1
5403,Honda Amaze S i-Dtech,Kolkata,2013,46992,Diesel,Manual,First,25.8,1498.0,98.6,5.0,11.75,3.75,13,Honda,3357.0,1
5404,BMW 5 Series 2003-2012 520d,Pune,2010,170000,Diesel,Automatic,Third,18.48,1995.0,177.0,5.0,12.0,12.0,16,BMW,10000.0,0
5405,Audi Q7 3.0 TDI Quattro Premium Plus,Delhi,2014,58000,Diesel,Automatic,First,12.07,2967.0,241.4,7.0,32.0,32.0,12,Audi,4462.0,1
5406,Hyundai Grand i10 CRDi Magna,Jaipur,2015,50000,Diesel,Manual,Second,24.0,1120.0,70.0,5.0,11.75,4.0,11,Hyundai,4167.0,0
5407,Nissan Micra Diesel XV,Kolkata,2011,39010,Diesel,Manual,First,23.08,1461.0,63.1,5.0,11.75,2.6,15,Nissan,2438.0,1
5408,Hyundai Grand i10 Sportz,Jaipur,2016,26946,Petrol,Manual,First,18.9,1197.0,82.0,5.0,11.75,4.45,10,Hyundai,2450.0,1
5409,Hyundai EON Era,Pune,2015,28700,Petrol,Manual,First,21.1,814.0,55.2,5.0,11.75,2.6,11,Hyundai,2392.0,1
5410,Mercedes-Benz New C-Class C250 Avantgarde,Chennai,2011,60000,Petrol,Automatic,First,11.74,1796.0,186.0,5.0,16.0,16.0,15,Mercedes-Benz,3750.0,1
5411,Land Rover Range Rover 2.2L Pure,Delhi,2014,38999,Diesel,Automatic,First,12.7,2179.0,187.7,5.0,32.5,32.5,12,Land,3000.0,1
5412,Mahindra Ssangyong Rexton RX7,Mumbai,2016,39000,Diesel,Automatic,First,11.18,2696.0,184.0,7.0,13.85,13.85,10,Mahindra,3545.0,1
5413,Maruti Ciaz 1.4 Delta,Coimbatore,2018,7784,Petrol,Manual,First,20.73,1373.0,91.1,5.0,11.75,8.76,8,Maruti,865.0,1
5414,Mercedes-Benz R-Class R350 4Matic Long,Kochi,2014,45710,Petrol,Automatic,First,11.8,3498.0,272.0,7.0,23.68,23.68,12,Mercedes-Benz,3516.0,1
5415,Maruti Dzire AMT VXI,Chennai,2017,42000,Petrol,Automatic,First,22.0,1197.0,81.8,5.0,8.13,5.5,9,Maruti,4200.0,1
5416,Land Rover Range Rover Vogue SE 4.4 SDV8,Coimbatore,2013,75995,Diesel,Automatic,Second,11.49,4367.0,335.3,5.0,65.81,65.81,13,Land,5428.0,0
5417,Renault Duster 110PS Diesel RxZ,Kolkata,2013,57000,Diesel,Manual,First,19.01,1461.0,108.45,5.0,15.01,4.99,13,Renault,4071.0,1
5418,Hyundai Verna 1.6 SX,Chennai,2013,85350,Diesel,Manual,Second,22.32,1582.0,126.32,5.0,11.75,5.7,13,Hyundai,6096.0,0
5419,Toyota Corolla Altis 1.8 VL CVT,Coimbatore,2016,82725,Petrol,Automatic,First,14.28,1798.0,138.03,5.0,25.27,11.99,10,Toyota,7520.0,1
5420,BMW 3 Series Sport,Mumbai,2016,19000,Diesel,Automatic,Second,21.76,1995.0,190.0,5.0,57.3,29.99,10,BMW,1727.0,0
5421,Ford EcoSport 1.5 Ti VCT MT Signature,Chennai,2018,13900,Petrol,Manual,First,18.88,1499.0,110.4,5.0,11.75,9.5,8,Ford,1544.0,1
5422,Maruti Swift VDI BSIV,Hyderabad,2014,108000,Diesel,Manual,First,25.2,1248.0,74.0,5.0,11.75,5.5,12,Maruti,8308.0,1
5423,Hyundai Santa Fe 4x4 AT,Bangalore,2016,36000,Diesel,Automatic,First,11.72,2199.0,194.3,7.0,23.0,23.0,10,Hyundai,3273.0,1
5424,Tata Indica V2 DLS,Hyderabad,2013,62188,Diesel,Manual,First,17.2,1396.0,53.5,5.0,11.75,2.95,13,Tata,4442.0,1
5425,Hyundai Grand i10 CRDi Sportz,Kochi,2015,58397,Diesel,Manual,First,24.0,1120.0,70.0,5.0,11.75,4.9,11,Hyundai,4866.0,1
5427,Maruti Wagon R VXI AMT,Delhi,2016,30000,Petrol,Automatic,First,22.5,998.0,67.0,5.0,5.68,4.25,10,Maruti,2727.0,1
5428,Mahindra XUV500 W10 2WD,Kochi,2018,29907,Diesel,Manual,First,16.0,2179.0,140.0,7.0,16.36,16.36,8,Mahindra,3323.0,1
5429,Audi A4 2.0 TDI,Kolkata,2009,46000,Diesel,Automatic,First,16.55,1968.0,147.51,5.0,11.75,9.95,17,Audi,2556.0,1
5430,Volkswagen Vento Diesel Highline,Bangalore,2012,65000,Diesel,Manual,First,20.54,1598.0,103.6,5.0,11.75,5.5,14,Volkswagen,4333.0,1
5431,Maruti Vitara Brezza ZDi Plus Dual Tone,Delhi,2016,22000,Diesel,Manual,First,24.3,1248.0,88.5,5.0,11.75,8.25,10,Maruti,2000.0,1
5432,Maruti Zen LX,Chennai,2002,99024,Petrol,Manual,First,17.3,993.0,60.0,5.0,11.75,0.95,24,Maruti,3961.0,1
5433,Hyundai i10 Era,Kochi,2016,34952,Petrol,Manual,First,19.81,1086.0,68.05,5.0,11.75,4.01,10,Hyundai,3177.0,1
5434,Honda WR-V Edge Edition i-VTEC S,Kochi,2019,13913,Petrol,Manual,First,17.5,1199.0,88.7,5.0,9.36,8.2,7,Honda,1739.0,1
5435,Honda City i DTEC VX,Chennai,2014,71000,Diesel,Manual,Second,25.1,1498.0,98.6,5.0,11.75,6.2,12,Honda,5462.0,0
5436,Toyota Fortuner 4x2 4 Speed AT,Chennai,2012,97000,Diesel,Automatic,First,11.5,2982.0,169.0,7.0,16.75,16.75,14,Toyota,6467.0,1
5437,Mahindra XUV500 AT W10 FWD,Delhi,2017,21000,Diesel,Automatic,First,16.0,2179.0,140.0,7.0,16.5,16.5,9,Mahindra,2100.0,1
5439,Ford Figo Diesel ZXI,Kolkata,2012,110438,Diesel,Manual,First,20.0,1399.0,68.05,5.0,11.75,3.5,14,Ford,7363.0,1
5440,Honda Jazz 1.2 V CVT i VTEC,Coimbatore,2017,66507,Petrol,Automatic,Second,19.0,1199.0,88.7,5.0,11.75,5.43,9,Honda,6651.0,0
5441,Ford Endeavour 3.2 Titanium AT 4X4,Coimbatore,2017,54650,Diesel,Automatic,First,10.91,3198.0,197.0,7.0,30.35,30.35,9,Ford,5465.0,1
5442,Nissan Sunny XL CVT,Hyderabad,2014,32000,Petrol,Automatic,First,17.97,1498.0,99.6,5.0,11.75,7.99,12,Nissan,2462.0,1
5443,Skoda Octavia Ambiente 1.9 TDI MT,Coimbatore,2011,75378,Diesel,Manual,First,18.7,1896.0,66.0,5.0,11.75,3.59,15,Skoda,4711.0,1
5444,Chevrolet Beat Diesel LT,Chennai,2012,82697,Diesel,Manual,First,25.44,936.0,57.6,5.0,11.75,1.9,14,Chevrolet,5513.0,1
5445,Toyota Camry W2 (AT),Chennai,2009,135000,Petrol,Automatic,First,12.1,2362.0,164.7,5.0,11.75,4.7,17,Toyota,7500.0,1
5446,Renault Duster 110PS Diesel RxZ,Chennai,2012,149000,Diesel,Manual,First,19.01,1461.0,108.45,5.0,15.01,7.25,14,Renault,9933.0,1
5447,Mercedes-Benz GLA Class 200 d Style,Kochi,2016,26212,Diesel,Automatic,First,17.9,2143.0,136.0,5.0,38.72,24.46,10,Mercedes-Benz,2383.0,1
5448,Tata Zest Revotron 1.2T XMS,Pune,2014,23500,Petrol,Manual,Second,17.57,1193.0,88.7,5.0,7.7,3.9,12,Tata,1808.0,0
5449,Hyundai i20 1.2 Magna,Coimbatore,2013,56127,Petrol,Manual,First,18.5,1197.0,80.0,5.0,11.75,5.15,13,Hyundai,4009.0,1
5450,Maruti Wagon R VXI AMT1.2,Mumbai,2015,26000,Petrol,Automatic,First,21.5,1197.0,81.8,5.0,6.43,3.65,11,Maruti,2167.0,1
5451,Hyundai Xcent 1.2 CRDi S,Kolkata,2016,26000,Diesel,Manual,First,25.4,1186.0,73.97,5.0,8.23,5.0,10,Hyundai,2364.0,1
5452,Honda City 1.5 S MT,Kolkata,2009,42000,Petrol,Manual,First,17.0,1497.0,118.0,5.0,11.75,2.3,17,Honda,2333.0,1
5453,Hyundai Accent GLE,Pune,2001,130000,Petrol,Manual,Second,13.2,1495.0,94.0,5.0,11.75,0.75,25,Hyundai,5000.0,0
5454,Hyundai Verna Xi (Petrol),Kochi,2009,137148,Petrol,Manual,Second,13.9,1599.0,103.2,5.0,11.75,1.85,17,Hyundai,7619.0,0
5455,Ford Figo Petrol ZXI,Kolkata,2010,114703,Petrol,Manual,First,15.6,1196.0,70.0,5.0,11.75,1.8,16,Ford,6747.0,1
5456,Honda Amaze S i-Dtech,Kochi,2014,97439,Diesel,Manual,First,25.8,1498.0,98.6,5.0,11.75,4.41,12,Honda,7495.0,1
5457,Maruti Wagon R LX BSII,Chennai,2006,40000,Petrol,Manual,First,18.9,998.0,67.1,5.0,11.75,2.0,20,Maruti,1905.0,1
5459,Mercedes-Benz E-Class Facelift,Bangalore,2014,28000,Diesel,Automatic,First,13.0,2987.0,258.0,5.0,31.75,31.75,12,Mercedes-Benz,2154.0,1
5460,Audi A6 2011-2015 35 TDI Technology,Bangalore,2015,37500,Diesel,Automatic,First,17.68,1968.0,174.33,5.0,32.0,32.0,11,Audi,3125.0,1
5461,Mercedes-Benz S Class 2005 2013 S 350 CDI,Hyderabad,2010,37000,Diesel,Automatic,First,13.5,2987.0,282.0,5.0,21.0,21.0,16,Mercedes-Benz,2176.0,1
5462,Maruti Swift Dzire LDi,Ahmedabad,2010,83000,Diesel,Manual,First,19.3,1248.0,73.9,5.0,11.75,2.75,16,Maruti,4882.0,1
5463,Toyota Corolla H2,Coimbatore,2005,79012,Petrol,Manual,First,13.4,1794.0,125.0,5.0,11.75,2.64,21,Toyota,3591.0,1
5464,Mahindra Scorpio S10 7 Seater,Kochi,2018,27395,Diesel,Manual,First,15.4,2179.0,120.0,7.0,14.19,14.19,8,Mahindra,3044.0,1
5465,Maruti Wagon R VXI,Jaipur,2017,35362,Petrol,Manual,First,22.5,998.0,67.04,5.0,5.44,3.85,9,Maruti,3536.0,1
5466,Toyota Fortuner 4x2 Manual,Delhi,2014,117000,Diesel,Manual,First,13.0,2982.0,168.5,7.0,15.5,15.5,12,Toyota,9000.0,1
5467,Maruti Zen Estilo 1.1 LX BSIII,Mumbai,2010,23000,Petrol,Manual,First,18.2,1061.0,64.0,5.0,11.75,1.9,16,Maruti,1353.0,1
5468,Tata Nano CX,Kochi,2014,59508,Petrol,Manual,First,25.4,624.0,37.48,4.0,11.75,1.26,12,Tata,4578.0,1
5469,Hyundai i20 Magna,Chennai,2009,69000,Petrol,Manual,Second,18.5,1197.0,80.0,5.0,11.75,2.4,17,Hyundai,3833.0,0
5470,BMW 3 Series 320d,Bangalore,2010,58000,Diesel,Automatic,First,22.69,1995.0,190.0,5.0,48.79,11.5,16,BMW,3412.0,1
5471,Mahindra XUV500 W6 2WD,Jaipur,2014,88511,Diesel,Manual,First,16.0,2179.0,140.0,7.0,11.75,8.25,12,Mahindra,6809.0,1
5472,Volkswagen Vento IPL II Petrol Trendline,Pune,2011,66000,Petrol,Manual,First,15.8,1598.0,105.0,5.0,11.75,2.75,15,Volkswagen,4125.0,1
5473,Skoda Fabia 1.2 MPI Classic,Delhi,2009,65000,Petrol,Manual,Second,17.5,1198.0,70.0,5.0,11.75,1.4,17,Skoda,3611.0,0
5474,Tata Nano Twist XT,Coimbatore,2015,30676,Petrol,Manual,First,25.4,624.0,37.5,4.0,11.75,2.9,11,Tata,2556.0,1
5475,Ford Figo Diesel EXI,Chennai,2011,76000,Diesel,Manual,First,20.0,1399.0,68.0,5.0,11.75,2.4,15,Ford,4750.0,1
5476,Volkswagen Vento IPL II Petrol Highline AT,Pune,2013,23627,Petrol,Automatic,First,14.8,1598.0,105.0,5.0,11.75,4.75,13,Volkswagen,1688.0,1
5477,Land Rover Range Rover HSE Dynamic,Kochi,2018,52827,Diesel,Automatic,First,12.7,2179.0,187.7,5.0,44.76,44.76,8,Land,5870.0,1
5478,Honda City i DTEC SV,Kochi,2015,64465,Diesel,Manual,First,26.0,1498.0,98.6,5.0,11.75,6.22,11,Honda,5372.0,1
5479,Renault KWID Climber 1.0 AMT,Chennai,2018,14000,Petrol,Automatic,First,22.5,999.0,67.0,5.0,5.67,4.5,8,Renault,1556.0,1
5480,Hyundai Grand i10 Asta Option,Mumbai,2015,26000,Petrol,Manual,First,18.9,1197.0,82.0,5.0,11.75,4.25,11,Hyundai,2167.0,1
5481,Chevrolet Cruze LTZ AT,Hyderabad,2011,78203,Diesel,Automatic,First,18.1,1991.0,147.9,4.0,11.75,5.5,15,Chevrolet,4888.0,1
5482,Hyundai i20 1.4 Asta,Mumbai,2017,27000,Diesel,Manual,First,22.54,1396.0,88.73,5.0,11.75,6.95,9,Hyundai,2700.0,1
5483,Maruti Alto K10 VXI AGS,Coimbatore,2018,31919,Petrol,Automatic,First,24.07,998.0,67.1,5.0,11.75,4.56,8,Maruti,3547.0,1
5484,Hyundai Creta 1.6 SX Option Diesel,Coimbatore,2016,47392,Diesel,Manual,First,20.5,1582.0,126.2,5.0,19.18,13.82,10,Hyundai,4308.0,1
5485,Honda Amaze VX i-Vtech,Mumbai,2016,17362,Petrol,Manual,First,18.0,1198.0,86.7,5.0,11.75,5.65,10,Honda,1578.0,1
5486,Hyundai i20 Active 1.4 SX Dual Tone,Kochi,2016,49716,Diesel,Manual,First,21.19,1396.0,88.73,5.0,11.75,6.2,10,Hyundai,4520.0,1
5487,Maruti Celerio VXI,Delhi,2014,48000,Petrol,Manual,First,23.1,998.0,67.04,5.0,11.75,3.25,12,Maruti,3692.0,1
5488,Audi A4 2.0 TDI,Kolkata,2009,46000,Diesel,Automatic,First,16.55,1968.0,147.51,5.0,11.75,8.5,17,Audi,2556.0,1
5489,Hyundai Verna 1.4 CRDi,Bangalore,2016,79000,Diesel,Manual,First,24.8,1396.0,88.7,5.0,11.75,7.25,10,Hyundai,7182.0,1
5490,Renault Fluence Diesel E4,Pune,2013,57000,Diesel,Manual,First,21.8,1461.0,78.0,5.0,11.75,4.61,13,Renault,4071.0,1
5491,Volkswagen Polo 1.2 MPI Highline,Delhi,2016,29754,Petrol,Manual,First,16.2,1199.0,74.0,5.0,11.75,5.3,10,Volkswagen,2705.0,1
5492,Tata Indigo LX,Ahmedabad,2012,50123,Diesel,Manual,First,17.0,1405.0,70.0,5.0,11.75,1.9,14,Tata,3342.0,1
5493,Hyundai i10 Sportz,Kochi,2012,57184,Petrol,Manual,First,20.36,1197.0,78.9,5.0,11.75,3.09,14,Hyundai,3812.0,1
5494,BMW 7 Series 730Ld Sedan,Mumbai,2007,75000,Diesel,Automatic,Second,16.46,2993.0,258.0,5.0,11.75,9.5,19,BMW,3750.0,0
5495,Hyundai Creta 1.6 CRDi AT SX Plus,Mumbai,2015,26000,Diesel,Automatic,First,17.01,1582.0,126.2,5.0,12.65,12.65,11,Hyundai,2167.0,1
5496,Hyundai Grand i10 Magna,Delhi,2016,22129,Petrol,Manual,First,18.9,1197.0,82.0,5.0,11.75,4.25,10,Hyundai,2012.0,1
5497,Maruti Ritz VDi,Hyderabad,2011,127887,Diesel,Manual,First,21.1,1248.0,73.9,5.0,11.75,2.95,15,Maruti,7993.0,1
5498,Mahindra Scorpio 2.6 SLX CRDe,Hyderabad,2006,92000,Diesel,Manual,First,10.5,2179.0,120.0,8.0,11.75,3.45,20,Mahindra,4381.0,1
5499,Hyundai i10 Era,Hyderabad,2011,60634,Petrol,Manual,First,19.81,1086.0,68.05,5.0,11.75,3.3,15,Hyundai,3790.0,1
5500,Tata Safari Storme 2012-2015 VX,Hyderabad,2014,90000,Diesel,Manual,First,14.0,2179.0,138.1,7.0,11.75,8.0,12,Tata,6923.0,1
5501,Honda Civic 2006-2010 1.8 V MT,Kolkata,2009,59000,Petrol,Manual,First,13.5,1799.0,130.0,5.0,11.75,2.71,17,Honda,3278.0,1
5502,Maruti Zen Estilo LXI BSIII,Hyderabad,2012,59293,Petrol,Manual,First,18.2,998.0,67.1,5.0,11.75,2.7,14,Maruti,3953.0,1
5503,Maruti Swift Dzire VDI,Mumbai,2012,80753,Diesel,Manual,Second,23.4,1248.0,74.0,5.0,11.75,4.5,14,Maruti,5384.0,0
5504,Toyota Fortuner 4x2 Manual,Delhi,2015,40000,Diesel,Manual,Second,13.0,2982.0,168.5,7.0,18.75,18.75,11,Toyota,3333.0,0
5505,Maruti Swift VDI,Pune,2014,103000,Diesel,Manual,Second,28.4,1248.0,74.0,5.0,7.92,5.25,12,Maruti,7923.0,0
5507,Maruti Dzire LDI,Pune,2017,48000,Diesel,Manual,First,28.4,1248.0,73.75,5.0,7.91,6.0,9,Maruti,4800.0,1
5508,Hyundai Grand i10 Asta,Kolkata,2014,41000,Petrol,Manual,First,18.9,1197.0,82.0,5.0,11.75,3.14,12,Hyundai,3154.0,1
5509,Renault KWID RXL,Jaipur,2016,26000,Petrol,Manual,First,25.17,799.0,53.3,5.0,3.96,2.55,10,Renault,2364.0,1
5510,Tata Indigo CS eGLX BS IV,Jaipur,2012,30000,Petrol,Manual,Second,15.64,1193.0,64.08,5.0,11.75,2.3,14,Tata,2000.0,0
5511,Ford Figo Diesel Titanium,Hyderabad,2014,74624,Diesel,Manual,First,20.0,1399.0,68.05,5.0,11.75,5.65,12,Ford,5740.0,1
5512,Porsche Cayenne 2009-2014 Diesel,Kochi,2015,47877,Diesel,Automatic,First,15.15,2967.0,240.0,5.0,48.22,48.22,11,Porsche,3990.0,1
5513,Maruti Alto K10 VXI,Jaipur,2016,35000,Petrol,Manual,First,24.07,998.0,67.1,5.0,4.24,3.0,10,Maruti,3182.0,1
5514,Volkswagen Vento 1.5 TDI Highline,Ahmedabad,2015,52123,Diesel,Manual,First,20.34,1498.0,103.2,5.0,14.2,7.5,11,Volkswagen,4344.0,1
5515,Mahindra Scorpio 2.6 SLX CRDe,Bangalore,2005,90000,Diesel,Manual,First,10.5,2179.0,120.0,8.0,11.75,2.6,21,Mahindra,4091.0,1
5516,BMW X3 xDrive 20d Luxury Line,Mumbai,2018,1400,Diesel,Automatic,First,18.56,1995.0,190.0,5.0,70.55,61.25,8,BMW,156.0,1
5517,Honda City 1.5 V MT,Chennai,2009,122000,Petrol,Manual,Second,17.0,1497.0,118.0,5.0,11.75,3.5,17,Honda,6778.0,0
5518,Mini Cooper 3 DOOR S,Kochi,2016,21110,Petrol,Automatic,First,17.44,1998.0,189.08,4.0,39.27,28.95,10,Mini,1919.0,1
5519,Mitsubishi Pajero Sport 4X4 AT,Pune,2015,78000,Diesel,Automatic,First,13.5,2477.0,175.56,6.0,15.0,15.0,11,Mitsubishi,6500.0,1
5520,Maruti Swift Dzire VDi,Jaipur,2012,72000,Diesel,Manual,First,19.3,1248.0,73.9,5.0,11.75,4.25,14,Maruti,4800.0,1
5521,Bentley Continental Flying Spur,Hyderabad,2006,48000,Petrol,Automatic,First,8.6,5998.0,552.0,4.0,59.0,59.0,20,Bentley,2286.0,1
5522,Maruti Ertiga VDI,Pune,2013,43486,Diesel,Manual,First,20.77,1248.0,88.76,7.0,11.215,6.6,13,Maruti,3106.0,1
5523,Toyota Innova 2.5 G4 Diesel 7-seater,Hyderabad,2007,199000,Diesel,Manual,Second,12.8,2494.0,102.0,7.0,11.75,5.2,19,Toyota,9950.0,0
5524,Mercedes-Benz New C-Class C 200 Kompressor Elegance MT,Chennai,2010,34000,Petrol,Manual,First,11.7,1796.0,178.0,5.0,11.75,10.0,16,Mercedes-Benz,2000.0,1
5525,Mercedes-Benz New C-Class C 220 CDI BE Avantgare,Bangalore,2016,37944,Diesel,Automatic,First,14.84,2143.0,167.62,5.0,35.0,35.0,10,Mercedes-Benz,3449.0,1
5526,Ford Ecosport 1.5 DV5 MT Titanium Optional,Mumbai,2017,30000,Diesel,Manual,First,22.7,1498.0,89.84,5.0,11.75,8.75,9,Ford,3000.0,1
5527,Toyota Etios Liva 1.2 G,Coimbatore,2015,64005,Petrol,Manual,First,17.71,1197.0,78.9,5.0,6.41,4.57,11,Toyota,5334.0,1
5528,Hyundai i10 Magna 1.2,Delhi,2012,62000,Petrol,Manual,First,20.36,1197.0,78.9,5.0,11.75,2.5,14,Hyundai,4133.0,1
5530,Land Rover Freelander 2 SE,Kochi,2014,59885,Diesel,Automatic,First,12.39,2179.0,147.51,5.0,20.11,20.11,12,Land,4607.0,1
5531,Toyota Innova 2.5 V Diesel 8-seater,Hyderabad,2011,144471,Diesel,Manual,First,12.8,2494.0,102.0,8.0,11.75,7.8,15,Toyota,9029.0,1
5532,Hyundai i20 1.2 Magna,Coimbatore,2011,63991,Petrol,Manual,First,18.5,1197.0,80.0,5.0,11.75,3.61,15,Hyundai,3999.0,1
5534,Nissan Micra XV CVT,Mumbai,2015,34895,Petrol,Automatic,First,19.15,1198.0,75.94,5.0,9.47,4.6,11,Nissan,2908.0,1
5535,BMW X6 xDrive 40d M Sport,Ahmedabad,2015,97003,Diesel,Automatic,First,15.87,2993.0,308.43,5.0,85.0,85.0,11,BMW,8084.0,1
5536,Honda City 1.5 V AT,Kolkata,2015,45000,Petrol,Automatic,First,16.8,1497.0,118.0,5.0,11.75,5.25,11,Honda,3750.0,1
5537,Honda Amaze E i-Dtech,Delhi,2013,45000,Diesel,Manual,Second,25.8,1498.0,98.6,5.0,11.75,3.3,13,Honda,3214.0,0
5538,Toyota Fortuner 3.0 Diesel,Bangalore,2013,100000,Diesel,Manual,Second,11.5,2982.0,171.0,7.0,17.75,17.75,13,Toyota,7143.0,0
5539,Land Rover Discovery Sport SD4 HSE Luxury,Delhi,2016,70000,Diesel,Automatic,First,12.97,2179.0,187.7,5.0,35.0,35.0,10,Land,6364.0,1
5540,Hyundai Creta 1.6 CRDi SX,Coimbatore,2016,37023,Diesel,Manual,First,19.67,1582.0,126.2,5.0,13.39,13.39,10,Hyundai,3366.0,1
5541,Chevrolet Beat Diesel LT,Chennai,2012,81000,Diesel,Manual,First,25.44,936.0,56.3,5.0,11.75,2.5,14,Chevrolet,5400.0,1
5542,Toyota Innova Crysta 2.8 GX AT,Kochi,2017,20789,Diesel,Automatic,First,11.36,2755.0,171.5,7.0,20.74,18.36,9,Toyota,2079.0,1
5543,Maruti Swift Dzire VDI,Jaipur,2015,68310,Diesel,Manual,First,23.4,1248.0,74.0,5.0,11.75,5.95,11,Maruti,5692.0,1
5544,Hyundai Creta 1.6 CRDi SX Option,Mumbai,2015,47250,Diesel,Manual,Second,19.67,1582.0,126.2,5.0,11.75,11.0,11,Hyundai,3938.0,0
5545,Land Rover Range Rover Sport SE,Delhi,2014,47000,Diesel,Automatic,Second,12.65,2993.0,255.0,5.0,139.0,64.75,12,Land,3615.0,0
5546,Honda Amaze VX i-DTEC,Hyderabad,2017,128000,Diesel,Manual,First,25.8,1498.0,98.6,5.0,11.75,6.3,9,Honda,12800.0,1
5547,Hyundai Creta 1.6 SX Plus Dual Tone Petrol,Kochi,2017,17702,Petrol,Manual,First,15.29,1591.0,121.3,5.0,11.94,11.94,9,Hyundai,1770.0,1
5548,Volkswagen Vento Sport 1.2 TSI AT,Mumbai,2014,34987,Petrol,Automatic,First,18.19,1197.0,103.5,5.0,11.75,5.95,12,Volkswagen,2691.0,1
5549,Honda City i DTec VX,Ahmedabad,2017,37000,Diesel,Manual,First,26.0,1498.0,98.6,5.0,11.75,11.0,9,Honda,3700.0,1
5550,Hyundai Creta 1.6 SX Plus Dual Tone Petrol,Coimbatore,2017,38271,Petrol,Manual,First,15.29,1591.0,121.3,5.0,12.53,12.53,9,Hyundai,3827.0,1
5551,Ford Figo Diesel Titanium,Bangalore,2012,32510,Diesel,Manual,Second,20.0,1399.0,68.0,5.0,11.75,3.75,14,Ford,2167.0,0
5552,BMW 5 Series 2013-2017 530d M Sport,Pune,2014,88000,Diesel,Automatic,First,14.69,2993.0,258.0,5.0,27.0,27.0,12,BMW,6769.0,1
5553,Mitsubishi Pajero 2.8 SFX 7Str,Pune,2012,116000,Diesel,Manual,First,10.5,2835.0,107.2,6.0,11.75,9.95,14,Mitsubishi,7733.0,1
5554,Renault Duster 85PS Diesel RxL Option,Jaipur,2013,156000,Diesel,Manual,First,19.87,1461.0,83.8,5.0,11.75,4.2,13,Renault,11143.0,1
5555,Maruti Ritz VXI,Delhi,2010,75319,Petrol,Manual,Second,21.1,1197.0,85.8,5.0,11.75,2.0,16,Maruti,4431.0,0
5556,Hyundai Grand i10 Sportz,Kolkata,2013,28000,Petrol,Manual,First,18.9,1197.0,82.0,5.0,11.75,3.25,13,Hyundai,2000.0,1
5557,Mercedes-Benz GLA Class 200 CDI SPORT,Bangalore,2017,16500,Diesel,Automatic,First,17.9,2143.0,136.0,5.0,34.0,34.0,9,Mercedes-Benz,1650.0,1
5558,BMW 5 Series 520d Luxury Line,Coimbatore,2016,75637,Diesel,Automatic,First,22.48,1995.0,190.0,5.0,71.82,30.37,10,BMW,6876.0,1
5559,Hyundai Creta 1.6 SX Plus Petrol Automatic,Kochi,2018,32854,Petrol,Automatic,First,13.0,1591.0,121.3,5.0,12.6,12.6,8,Hyundai,3650.0,1
5560,Renault KWID RXT Optional,Kochi,2019,6568,Petrol,Manual,First,25.17,799.0,53.3,5.0,5.09,5.09,7,Renault,821.0,1
5561,Audi A4 3.0 TDI Quattro,Bangalore,2014,30000,Diesel,Automatic,First,14.94,2967.0,241.4,5.0,24.5,24.5,12,Audi,2308.0,1
5562,Maruti Ciaz VDI SHVS,Kochi,2018,17804,Diesel,Manual,Second,28.09,1248.0,88.5,5.0,11.75,7.97,8,Maruti,1978.0,0
5563,Honda Jazz S,Delhi,2011,69768,Petrol,Manual,First,16.0,1198.0,90.0,5.0,11.75,2.9,15,Honda,4360.0,1
5564,BMW 3 Series 320d Luxury Line,Kochi,2016,62404,Diesel,Automatic,First,22.69,1995.0,190.0,5.0,54.43,21.33,10,BMW,5673.0,1
5565,Hyundai Verna SX CRDi AT,Bangalore,2012,97000,Diesel,Automatic,Second,19.08,1582.0,126.32,5.0,11.75,6.5,14,Hyundai,6467.0,0
5566,Hyundai Creta 1.4 CRDi S Plus,Coimbatore,2016,55687,Diesel,Manual,First,21.38,1396.0,88.7,5.0,12.15,12.15,10,Hyundai,5062.0,1
5567,Volkswagen Vento 2013-2015 1.6 Comfortline,Kolkata,2014,17000,Petrol,Manual,First,15.04,1598.0,103.2,5.0,11.75,4.25,12,Volkswagen,1308.0,1
5568,BMW 3 Series Luxury Line,Coimbatore,2017,34232,Diesel,Automatic,First,21.76,1995.0,190.0,5.0,55.07,35.84,9,BMW,3423.0,1
5569,Honda CR-V Petrol 2WD,Chennai,2004,135000,Petrol,Automatic,Third,14.4,1997.0,152.0,5.0,33.51,3.0,22,Honda,5870.0,0
5570,Renault Duster 110PS Diesel RxZ AWD,Chennai,2012,80000,Diesel,Manual,First,19.72,1461.0,108.45,5.0,15.94,6.75,14,Renault,5333.0,1
5571,Hyundai i20 Asta 1.2,Bangalore,2014,31045,Petrol,Manual,Second,18.6,1197.0,81.83,5.0,11.75,5.65,12,Hyundai,2388.0,0
5572,Volkswagen Jetta 2013-2015 2.0L TDI Highline AT,Pune,2013,58000,Diesel,Automatic,Second,16.96,1968.0,138.03,5.0,11.75,7.5,13,Volkswagen,4143.0,0
5573,Hyundai Creta 1.6 SX Plus Diesel,Kochi,2018,35480,Diesel,Manual,First,19.67,1582.0,126.2,5.0,13.34,13.34,8,Hyundai,3942.0,1
5574,Maruti Ciaz VDI SHVS,Hyderabad,2016,62287,Diesel,Manual,First,28.09,1248.0,88.5,5.0,11.75,7.9,10,Maruti,5662.0,1
5575,Hyundai i20 Asta 1.4 CRDi,Coimbatore,2015,46162,Diesel,Manual,First,22.54,1396.0,88.73,5.0,11.75,6.98,11,Hyundai,3847.0,1
5576,Hyundai Verna 1.6 SX VTVT,Mumbai,2014,9200,Petrol,Manual,First,17.01,1591.0,121.3,5.0,11.75,5.75,12,Hyundai,708.0,1
5577,Volkswagen Polo Diesel Trendline 1.2L,Kolkata,2012,55339,Diesel,Manual,First,22.07,1199.0,73.9,5.0,11.75,2.65,14,Volkswagen,3689.0,1
5578,Volkswagen Polo Diesel Trendline 1.2L,Kolkata,2011,55476,Diesel,Manual,First,22.07,1199.0,73.9,5.0,11.75,2.49,15,Volkswagen,3467.0,1
5579,Maruti SX4 Vxi BSIII,Pune,2007,68553,Petrol,Manual,Second,15.0,1586.0,104.68,5.0,11.75,1.5,19,Maruti,3428.0,0
5580,Honda Mobilio RS Option i DTEC,Kochi,2016,67376,Diesel,Manual,First,24.5,1498.0,98.6,7.0,11.75,6.5,10,Honda,6125.0,1
5581,Renault Duster 110PS Diesel RxZ Plus,Hyderabad,2013,42000,Diesel,Manual,First,19.64,1461.0,108.45,5.0,11.75,8.0,13,Renault,3000.0,1
5582,Toyota Fortuner 2.8 2WD AT,Coimbatore,2019,28069,Diesel,Automatic,First,12.9,2755.0,174.5,7.0,34.45,30.85,7,Toyota,3509.0,1
5583,Volvo XC60 D4 SUMMUM,Kochi,2014,93144,Diesel,Automatic,First,14.7,1984.0,181.0,5.0,17.15,17.15,12,Volvo,7165.0,1
5584,Maruti Celerio VXI AT,Hyderabad,2014,24300,Petrol,Automatic,First,23.1,998.0,67.04,5.0,11.75,4.55,12,Maruti,1869.0,1
5585,Maruti Ciaz ZDi Plus,Hyderabad,2015,47883,Diesel,Manual,Second,26.21,1248.0,88.5,5.0,11.75,7.4,11,Maruti,3990.0,0
5586,Audi Q5 2008-2012 2.0 TDI,Kochi,2013,12467,Diesel,Automatic,First,12.8,1968.0,167.6,5.0,25.64,25.64,13,Audi,890.0,1
5587,BMW X1 sDrive 20d Sportline,Kolkata,2013,56683,Diesel,Automatic,Second,17.05,1995.0,184.0,5.0,13.5,13.5,13,BMW,4049.0,0
5588,Ford Figo Petrol ZXI,Bangalore,2013,38000,Petrol,Manual,First,15.6,1196.0,70.0,5.0,11.75,3.55,13,Ford,2714.0,1
5589,Hyundai Elantra CRDi SX,Ahmedabad,2018,35000,Diesel,Manual,First,22.7,1582.0,126.2,5.0,15.0,15.0,8,Hyundai,3889.0,1
5590,Hyundai Verna 1.6 i ABS,Pune,2007,80000,Petrol,Manual,Second,13.9,1599.0,103.2,5.0,11.75,1.95,19,Hyundai,4000.0,0
5591,Honda Civic 2006-2010 1.8 S MT,Pune,2006,125000,Petrol,Manual,Second,13.5,1799.0,130.0,5.0,11.75,2.3,20,Honda,5952.0,0
5592,Toyota Fortuner 4x4 MT,Chennai,2013,123000,Diesel,Manual,Second,12.55,2982.0,168.5,7.0,15.0,15.0,13,Toyota,8786.0,0
5593,Hyundai i10 Sportz,Chennai,2012,70000,Petrol,Manual,First,20.36,1197.0,78.9,5.0,11.75,3.15,14,Hyundai,4667.0,1
5594,Nissan Sunny 2011-2014 Diesel XL,Hyderabad,2012,87982,Diesel,Manual,First,21.64,1461.0,84.8,5.0,11.75,5.0,14,Nissan,5865.0,1
5595,BMW 5 Series 2013-2017 520d Luxury Line,Jaipur,2013,40714,Diesel,Automatic,Second,18.12,1995.0,190.0,5.0,24.75,24.75,13,BMW,2908.0,0
5596,Chevrolet Optra Magnum 2.0 LT,Pune,2008,83000,Diesel,Manual,Second,16.52,1991.0,123.7,5.0,11.75,2.6,18,Chevrolet,4368.0,0
5597,Hyundai i10 Asta,Ahmedabad,2011,86000,Petrol,Manual,First,20.36,1197.0,78.9,5.0,11.75,3.75,15,Hyundai,5375.0,1
5598,Skoda Laura Ambiente,Ahmedabad,2009,60002,Diesel,Manual,Second,17.5,1896.0,106.0,5.0,11.75,4.85,17,Skoda,3333.0,0
5599,Mercedes-Benz E-Class 2009-2013 E 220 CDI Avantgarde,Jaipur,2013,60000,Diesel,Automatic,First,10.0,2148.0,170.0,5.0,27.0,27.0,13,Mercedes-Benz,4286.0,1
5600,Honda Amaze SX i-DTEC,Kolkata,2014,84677,Diesel,Manual,First,25.8,1498.0,98.6,5.0,11.75,3.0,12,Honda,6514.0,1
5601,BMW X1 xDrive 20d xLine,Delhi,2017,23000,Diesel,Automatic,First,20.68,1995.0,190.0,5.0,28.75,28.75,9,BMW,2300.0,1
5602,Toyota Innova 2.5 G (Diesel) 8 Seater,Hyderabad,2016,81424,Diesel,Manual,First,12.99,2494.0,100.6,8.0,14.49,14.49,10,Toyota,7402.0,1
5603,Porsche Panamera 2010 2013 Diesel,Delhi,2013,36400,Diesel,Automatic,First,7.5,4806.0,394.3,4.0,72.0,72.0,13,Porsche,2600.0,1
5604,Nissan Sunny XV D,Chennai,2012,70000,Diesel,Manual,Second,22.71,1461.0,84.8,5.0,11.48,4.0,14,Nissan,4667.0,0
5605,Maruti Swift Dzire LDI,Delhi,2015,40000,Diesel,Manual,Second,26.59,1248.0,74.0,5.0,11.75,4.5,11,Maruti,3333.0,0
5606,Maruti Wagon R ZXI AMT 1.2,Mumbai,2019,600,Petrol,Automatic,First,21.5,1197.0,81.8,5.0,6.8,6.25,7,Maruti,75.0,1
5607,Volkswagen Jetta 2013-2015 2.0L TDI Highline AT,Pune,2015,65320,Diesel,Automatic,Second,16.96,1968.0,138.03,5.0,11.75,11.5,11,Volkswagen,5443.0,0
5608,Honda Accord 2.4 Inspire M/T,Pune,2009,79000,Petrol,Manual,Third,9.8,2354.0,180.0,5.0,11.75,3.1,17,Honda,4389.0,0
5609,Honda City i VTEC V,Mumbai,2018,5000,Petrol,Manual,First,17.8,1497.0,117.3,5.0,11.75,10.11,8,Honda,556.0,1
5610,Hyundai Verna 1.6 SX VTVT,Coimbatore,2019,6028,Petrol,Manual,First,17.01,1591.0,121.3,5.0,11.75,11.54,7,Hyundai,754.0,1
5611,Maruti Wagon R LX BSII,Delhi,2006,86000,Petrol,Manual,Second,18.9,998.0,67.1,5.0,11.75,1.0,20,Maruti,4095.0,0
5612,Maruti Swift Dzire Tour LDI,Kolkata,2013,160000,Diesel,Manual,Second,23.4,1248.0,74.0,5.0,11.75,2.5,13,Maruti,11429.0,0
5613,Audi Q5 2008-2012 2.0 TFSI Quattro,Kochi,2011,59967,Petrol,Automatic,First,9.74,1984.0,208.0,5.0,18.0,18.0,15,Audi,3748.0,1
5614,Toyota Etios Cross 1.4 GD,Coimbatore,2018,43127,Diesel,Manual,First,23.59,1364.0,67.04,5.0,11.75,6.85,8,Toyota,4792.0,1
5615,Hyundai i10 Era 1.1 iTech SE,Kochi,2012,65727,Petrol,Manual,First,19.81,1086.0,68.05,5.0,11.75,2.97,14,Hyundai,4382.0,1
5616,Hyundai Verna 1.6 VTVT,Pune,2013,70000,Petrol,Manual,First,17.01,1591.0,121.3,5.0,11.75,4.75,13,Hyundai,5000.0,1
5617,Volkswagen Polo 1.5 TDI Highline,Coimbatore,2018,39861,Diesel,Manual,First,20.14,1498.0,88.8,5.0,10.15,7.38,8,Volkswagen,4429.0,1
5618,BMW 5 Series 520d Sport Line,Delhi,2017,16485,Diesel,Automatic,First,22.48,1995.0,187.74,5.0,42.75,42.75,9,BMW,1648.0,1
5619,Hyundai i20 1.4 Asta Optional With Sunroof,Bangalore,2010,77332,Diesel,Manual,Second,23.0,1396.0,90.0,5.0,11.75,3.65,16,Hyundai,4549.0,0
5620,Hyundai Grand i10 Asta Option AT,Kochi,2017,17489,Petrol,Automatic,First,18.9,1197.0,82.0,5.0,11.75,5.99,9,Hyundai,1749.0,1
5621,Toyota Fortuner 4x2 4 Speed AT,Pune,2012,125000,Diesel,Automatic,First,11.5,2982.0,169.0,7.0,13.5,13.5,14,Toyota,8333.0,1
5622,Maruti Baleno Zeta Automatic,Chennai,2016,35129,Petrol,Automatic,First,21.4,1197.0,83.1,5.0,11.75,7.0,10,Maruti,3194.0,1
5623,Hyundai Creta 1.6 SX Plus Petrol Automatic,Hyderabad,2016,22982,Petrol,Automatic,First,13.0,1591.0,121.3,5.0,11.75,10.95,10,Hyundai,2089.0,1
5624,Hyundai i10 Sportz,Pune,2013,54500,Petrol,Manual,Third,20.36,1197.0,78.9,5.0,11.75,2.95,13,Hyundai,3893.0,0
5625,Tata Tigor XE Diesel,Ahmedabad,2017,16235,Diesel,Manual,First,24.7,1047.0,69.0,5.0,7.15,5.5,9,Tata,1624.0,1
5626,Skoda Superb Style 1.8 TSI AT,Kochi,2017,73641,Petrol,Automatic,First,14.67,1798.0,177.46,5.0,33.36,17.08,9,Skoda,7364.0,1
5627,Maruti Swift Dzire VDI,Hyderabad,2015,59572,Diesel,Manual,First,26.59,1248.0,74.0,5.0,11.75,6.85,11,Maruti,4964.0,1
5628,Honda CR-V 2.0 AT,Jaipur,2014,112827,Petrol,Automatic,First,13.1,1997.0,141.1,5.0,11.75,10.5,12,Honda,8679.0,1
5629,Toyota Innova 2.5 G (Diesel) 8 Seater BS IV,Hyderabad,2010,118000,Diesel,Manual,First,12.8,2494.0,102.0,8.0,11.75,8.75,16,Toyota,6941.0,1
5630,Honda City 1.5 V MT,Kolkata,2010,60000,Petrol,Manual,First,17.0,1497.0,118.0,5.0,11.75,2.7,16,Honda,3529.0,1
5631,Hyundai Verna VTVT 1.6 AT SX Plus,Mumbai,2012,75059,Petrol,Automatic,First,17.0,1591.0,121.3,5.0,13.7,4.25,14,Hyundai,5004.0,1
5632,Toyota Etios 1.4 VXD,Pune,2018,3000,Diesel,Manual,First,23.59,1364.0,67.04,5.0,10.63,7.9,8,Toyota,333.0,1
5633,Skoda Superb Elegance 1.8 TSI AT,Delhi,2011,78000,Petrol,Automatic,Second,13.7,1798.0,157.75,5.0,11.75,4.5,15,Skoda,4875.0,0
5634,Nissan Sunny 2011-2014 Diesel XV,Kolkata,2012,47000,Diesel,Manual,First,21.64,1461.0,84.8,5.0,11.75,4.0,14,Nissan,3133.0,1
5635,Honda City 1.5 V MT Exclusive,Delhi,2012,42000,Petrol,Manual,First,17.0,1497.0,118.0,5.0,11.75,4.75,14,Honda,2800.0,1
5636,Hyundai Elite i20 Diesel Asta Option,Kolkata,2018,6820,Diesel,Manual,First,22.54,1396.0,88.76,5.0,11.75,7.65,8,Hyundai,758.0,1
5637,Chevrolet Optra 1.6 LT Royale,Kochi,2013,55176,Petrol,Manual,Second,17.4,1599.0,104.0,5.0,11.75,3.47,13,Chevrolet,3941.0,0
5638,Honda Amaze S i-Vtech,Kochi,2016,39854,Petrol,Manual,First,18.0,1198.0,86.7,5.0,11.75,5.64,10,Honda,3623.0,1
5639,Volkswagen Polo Petrol Comfortline 1.2L,Kolkata,2013,24000,Petrol,Manual,First,16.47,1198.0,73.9,5.0,11.75,2.95,13,Volkswagen,1714.0,1
5640,Maruti Swift VDI,Jaipur,2016,55000,Diesel,Manual,First,22.9,1248.0,74.0,5.0,7.92,5.65,10,Maruti,5000.0,1
5641,Ford Endeavour 3.0L 4X4 AT,Kochi,2012,45840,Diesel,Automatic,First,11.4,2953.0,153.86,7.0,11.75,8.41,14,Ford,3056.0,1
5642,Maruti Baleno LXI,Pune,2006,155000,Petrol,Manual,Third,15.4,1590.0,94.0,5.0,11.75,0.85,20,Maruti,7381.0,0
5643,Maruti Wagon R LX,Pune,2003,125000,Petrol,Manual,Second,18.9,998.0,67.1,5.0,11.75,0.8,23,Maruti,5208.0,0
5644,Volkswagen Polo 1.5 TDI Highline,Coimbatore,2014,52951,Diesel,Manual,First,20.14,1498.0,88.0,5.0,10.32,5.65,12,Volkswagen,4073.0,1
5645,Hyundai Verna 1.6 SX VTVT (O),Kolkata,2013,49000,Petrol,Manual,First,17.1,1591.0,121.3,5.0,11.75,4.5,13,Hyundai,3500.0,1
5646,Maruti Ciaz ZDi Plus SHVS,Ahmedabad,2015,52000,Diesel,Manual,First,28.09,1248.0,88.5,5.0,11.75,6.9,11,Maruti,4333.0,1
5648,Nissan Sunny 2011-2014 Diesel XL,Jaipur,2013,120005,Diesel,Manual,First,21.64,1461.0,84.8,5.0,11.75,4.0,13,Nissan,8572.0,1
5649,Skoda Rapid 1.6 MPI Ambition With Alloy Wheel,Mumbai,2015,33000,Petrol,Manual,First,15.0,1598.0,103.52,5.0,11.75,5.6,11,Skoda,2750.0,1
5650,Maruti Eeco 7 Seater Standard,Delhi,2016,126000,Petrol,Manual,First,15.1,1196.0,73.0,7.0,4.43,2.2,10,Maruti,11455.0,1
5651,Skoda Rapid Ultima 1.6 MPI Ambition Plus,Bangalore,2013,66700,Petrol,Manual,First,15.0,1598.0,103.5,5.0,11.75,4.0,13,Skoda,4764.0,1
5652,Toyota Fortuner 4x4 MT,Jaipur,2014,122000,Diesel,Manual,Second,12.55,2982.0,168.5,7.0,16.0,16.0,12,Toyota,9385.0,0
5653,Hyundai Creta 1.6 CRDi SX,Mumbai,2016,29000,Diesel,Manual,First,19.67,1582.0,126.2,5.0,12.6,12.6,10,Hyundai,2636.0,1
5654,Hyundai i20 Magna Optional 1.2,Kochi,2014,42315,Petrol,Manual,First,18.5,1197.0,82.9,5.0,11.75,4.79,12,Hyundai,3255.0,1
5656,Honda City i DTEC V,Kochi,2016,84580,Diesel,Manual,First,26.0,1498.0,98.6,5.0,11.75,6.83,10,Honda,7689.0,1
5657,Maruti 800 Std,Jaipur,2002,75000,Petrol,Manual,First,16.1,796.0,37.0,4.0,11.75,0.51,24,Maruti,3000.0,1
5658,Ford Ikon 1.3 Flair,Pune,2006,85000,Petrol,Manual,Second,13.8,1299.0,70.0,5.0,11.75,0.69,20,Ford,4048.0,0
5659,Maruti Swift Dzire LXI,Delhi,2015,24296,Petrol,Manual,First,20.85,1197.0,83.14,5.0,11.75,4.65,11,Maruti,2025.0,1
5660,Honda City 1.5 V MT Sunroof,Kolkata,2014,40000,Petrol,Manual,First,16.8,1497.0,116.3,5.0,11.75,6.49,12,Honda,3077.0,1
5661,Hyundai Verna CRDi,Chennai,2009,64514,Diesel,Manual,First,16.8,1493.0,110.0,5.0,11.75,2.9,17,Hyundai,3584.0,1
5662,Hyundai Verna 1.6 SX VTVT,Delhi,2016,35000,Petrol,Manual,First,17.01,1591.0,121.3,5.0,11.75,7.4,10,Hyundai,3182.0,1
5663,Renault KWID RXT,Bangalore,2016,41000,Petrol,Manual,Second,25.17,799.0,53.3,5.0,11.75,3.25,10,Renault,3727.0,0
5664,Maruti Wagon R LXI,Ahmedabad,2008,60123,Petrol,Manual,Second,18.9,998.0,67.1,5.0,4.890000000000001,1.95,18,Maruti,3164.0,0
5665,Hyundai Grand i10 Sportz,Jaipur,2015,53000,Petrol,Manual,Second,18.9,1197.0,82.0,5.0,11.75,4.0,11,Hyundai,4417.0,0
5666,Hyundai i20 1.2 Asta,Delhi,2017,9000,Petrol,Manual,First,18.6,1197.0,81.83,5.0,11.75,6.85,9,Hyundai,900.0,1
5667,Honda Amaze S i-Vtech,Coimbatore,2015,53497,Petrol,Manual,First,18.0,1198.0,86.7,5.0,11.75,5.45,11,Honda,4458.0,1
5668,Ford Fiesta 1.4 Duratorq ZXI,Hyderabad,2007,68000,Diesel,Manual,First,17.8,1399.0,68.0,5.0,11.75,1.99,19,Ford,3400.0,1
5669,Hyundai Verna SX CRDi AT,Hyderabad,2014,65000,Diesel,Automatic,First,19.08,1582.0,126.32,5.0,11.75,8.99,12,Hyundai,5000.0,1
5670,Toyota Etios VD SP,Kolkata,2014,45155,Diesel,Manual,First,23.59,1364.0,67.04,5.0,11.75,6.5,12,Toyota,3473.0,1
5671,Honda Jazz 1.2 V CVT i VTEC,Coimbatore,2018,20026,Petrol,Automatic,First,19.0,1199.0,88.7,5.0,11.75,9.27,8,Honda,2225.0,1
5672,Hyundai Verna 1.6 CRDi SX,Ahmedabad,2015,60000,Diesel,Manual,First,23.9,1582.0,126.2,5.0,11.75,6.99,11,Hyundai,5000.0,1
5673,Mercedes-Benz CLA 200 D Sport Edition,Coimbatore,2019,15976,Diesel,Automatic,First,17.9,2143.0,136.0,5.0,36.76,36.76,7,Mercedes-Benz,1997.0,1
5674,Skoda Octavia Elegance 1.8 TSI AT,Kochi,2017,30523,Petrol,Automatic,First,14.7,1798.0,177.5,5.0,17.08,17.08,9,Skoda,3052.0,1
5675,Chevrolet Beat Diesel LS,Kolkata,2013,26300,Diesel,Manual,First,25.44,936.0,57.6,5.0,11.75,2.8,13,Chevrolet,1879.0,1
5676,Volkswagen Polo Diesel Trendline 1.2L,Kolkata,2011,66000,Diesel,Manual,First,22.07,1199.0,73.9,5.0,11.75,2.49,15,Volkswagen,4125.0,1
5677,Maruti SX4 S Cross DDiS 200 Zeta,Jaipur,2016,70000,Diesel,Manual,First,23.65,1248.0,88.5,5.0,11.75,8.85,10,Maruti,6364.0,1
5678,Honda City V MT,Ahmedabad,2011,46000,Petrol,Manual,First,16.8,1497.0,116.3,5.0,11.75,4.15,15,Honda,2875.0,1
5679,Volkswagen Vento 1.5 TDI Highline,Hyderabad,2017,28000,Diesel,Manual,First,20.64,1498.0,108.5,5.0,14.2,10.0,9,Volkswagen,2800.0,1
5680,Hyundai Grand i10 1.2 Kappa Magna,Delhi,2017,46000,Petrol,Manual,First,18.9,1197.0,81.86,5.0,6.54,4.75,9,Hyundai,4600.0,1
5681,Renault KWID AMT RXL,Jaipur,2017,33000,Petrol,Automatic,First,24.04,999.0,67.0,5.0,11.75,3.2,9,Renault,3300.0,1
5682,Maruti Alto 800 LXI,Kochi,2017,27718,Petrol,Manual,First,22.74,796.0,47.3,5.0,11.75,3.28,9,Maruti,2772.0,1
5683,Ford Ecosport 1.5 Ti VCT MT Titanium,Bangalore,2013,58000,Petrol,Manual,First,15.8,1499.0,110.0,5.0,11.75,7.5,13,Ford,4143.0,1
5684,Maruti Baleno Zeta,Coimbatore,2018,33150,Petrol,Manual,First,21.4,1197.0,83.1,5.0,8.71,7.39,8,Maruti,3683.0,1
5685,Maruti Ritz VDi,Pune,2013,77000,Diesel,Manual,First,23.2,1248.0,73.94,5.0,11.75,3.65,13,Maruti,5500.0,1
5686,Mercedes-Benz E-Class 280 CDI,Chennai,2007,70000,Diesel,Automatic,First,11.0,2987.0,198.5,5.0,11.75,11.0,19,Mercedes-Benz,3500.0,1
5687,Maruti Ritz VDi,Kolkata,2012,97000,Diesel,Manual,First,23.2,1248.0,73.94,5.0,11.75,3.0,14,Maruti,6467.0,1
5688,Chevrolet Beat Diesel LT,Chennai,2012,75300,Diesel,Manual,Second,25.44,936.0,57.6,5.0,11.75,2.25,14,Chevrolet,5020.0,0
5689,Maruti SX4 Vxi BSIV,Kochi,2010,69918,Petrol,Manual,First,15.5,1586.0,103.3,5.0,11.75,2.83,16,Maruti,4113.0,1
5690,Maruti Omni 5 Seater BSIV,Coimbatore,2019,4721,Petrol,Manual,First,14.0,796.0,35.0,5.0,11.75,4.11,7,Maruti,590.0,1
5691,Mitsubishi Pajero Sport Anniversary Edition,Kolkata,2014,39163,Diesel,Manual,First,13.5,2477.0,178.0,7.0,14.7,14.7,12,Mitsubishi,3013.0,1
5692,Mercedes-Benz S Class 2005 2013 S 300 L,Pune,2013,80000,Petrol,Automatic,First,13.0,2987.0,210.0,5.0,25.0,25.0,13,Mercedes-Benz,5714.0,1
5693,Chevrolet Beat Diesel LS,Bangalore,2015,66000,Diesel,Manual,First,25.44,936.0,56.3,5.0,11.75,2.35,11,Chevrolet,5500.0,1
5694,Ford Figo 2015-2019 1.5D Titanium MT,Coimbatore,2017,36154,Diesel,Manual,Second,25.83,1498.0,99.0,5.0,11.75,6.41,9,Ford,3615.0,0
5695,Honda City i-VTEC VX,Ahmedabad,2012,34000,Petrol,Manual,First,17.4,1497.0,117.3,5.0,12.68,5.75,14,Honda,2267.0,1
5696,Mercedes-Benz GLA Class 200 CDI SPORT,Chennai,2016,60000,Diesel,Automatic,Second,17.9,2143.0,136.0,5.0,17.55,17.55,10,Mercedes-Benz,5455.0,0
5697,Hyundai Creta 1.4 CRDi S Plus,Jaipur,2015,32000,Diesel,Manual,First,21.38,1396.0,88.7,5.0,11.75,10.25,11,Hyundai,2667.0,1
5698,Ford Fiesta Classic 1.4 Duratorq CLXI,Kochi,2012,79985,Diesel,Manual,First,17.8,1399.0,67.0,5.0,11.75,3.16,14,Ford,5332.0,1
5699,Audi A4 2.0 TDI,Bangalore,2014,37600,Diesel,Automatic,Second,16.55,1968.0,147.51,5.0,22.5,22.5,12,Audi,2892.0,0
5700,Hyundai i10 Magna 1.1,Kochi,2015,31965,Petrol,Manual,First,19.81,1086.0,68.05,5.0,11.75,3.55,11,Hyundai,2664.0,1
5701,BMW 3 Series 320i Sedan,Kochi,2010,70749,Petrol,Automatic,First,12.05,1995.0,154.0,5.0,11.75,9.86,16,BMW,4162.0,1
5702,BMW 7 Series 730Ld,Chennai,2013,38000,Diesel,Automatic,First,16.46,2993.0,258.0,5.0,45.0,45.0,13,BMW,2714.0,1
5703,Hyundai Verna 1.6 SX VTVT,Kochi,2017,41534,Petrol,Manual,First,17.01,1591.0,121.3,5.0,11.75,7.99,9,Hyundai,4153.0,1
5704,Volkswagen Ameo 1.5 TDI Comfortline AT,Jaipur,2017,54455,Diesel,Automatic,First,22.0,1498.0,108.495,5.0,11.75,6.5,9,Volkswagen,5446.0,1
5705,Chevrolet Aveo 1.4 LS,Kolkata,2007,42000,Petrol,Manual,First,14.49,1399.0,92.7,5.0,11.75,0.75,19,Chevrolet,2100.0,1
5706,Chevrolet Cruze LTZ,Coimbatore,2018,52073,Diesel,Manual,Second,18.3,1991.0,147.9,5.0,11.75,9.87,8,Chevrolet,5786.0,0
5707,Hyundai i20 1.4 Sportz,Kochi,2018,40175,Diesel,Manual,Second,22.54,1396.0,88.73,5.0,11.75,6.36,8,Hyundai,4464.0,0
5708,Honda BRV i-VTEC V CVT,Mumbai,2017,16503,Petrol,Automatic,First,16.0,1497.0,117.3,7.0,15.02,9.5,9,Honda,1650.0,1
5709,Hyundai Xcent 1.2 Kappa SX,Kochi,2017,15029,Petrol,Manual,First,19.1,1197.0,82.0,5.0,11.75,6.05,9,Hyundai,1503.0,1
5711,Hyundai Grand i10 CRDi Sportz,Hyderabad,2015,76362,Diesel,Manual,First,24.0,1120.0,70.0,5.0,11.75,5.5,11,Hyundai,6364.0,1
5712,Maruti Alto LXi,Kolkata,2007,18700,Petrol,Manual,Second,19.7,796.0,46.3,5.0,11.75,1.25,19,Maruti,935.0,0
5713,Toyota Innova 2.5 VX (Diesel) 7 Seater,Coimbatore,2015,67585,Diesel,Manual,First,12.99,2494.0,100.6,7.0,11.99,11.99,11,Toyota,5632.0,1
5714,Hyundai i10 Sportz 1.2 AT,Mumbai,2010,57000,Petrol,Automatic,Second,16.95,1197.0,78.9,5.0,11.75,2.5,16,Hyundai,3353.0,0
5715,Honda City i-VTEC CVT V,Kochi,2019,22321,Petrol,Automatic,First,18.0,1497.0,117.3,5.0,13.4,11.66,7,Honda,2790.0,1
5716,Maruti Zen LX,Jaipur,1998,95150,Petrol,Manual,Third,17.3,993.0,60.0,5.0,11.75,0.53,28,Maruti,3281.0,0
5717,Maruti Wagon R LXI BS IV,Kolkata,2015,36428,Petrol,Manual,First,20.51,998.0,67.04,5.0,11.75,3.1,11,Maruti,3036.0,1
5718,Ford Figo Diesel Titanium,Hyderabad,2012,73500,Diesel,Manual,Second,20.0,1399.0,68.0,5.0,11.75,2.6,14,Ford,4900.0,0
5719,Honda Amaze S i-Vtech,Kochi,2015,47234,Petrol,Manual,First,18.0,1198.0,86.7,5.0,11.75,5.09,11,Honda,3936.0,1
5720,Hyundai Accent GLE,Hyderabad,2008,62364,Petrol,Manual,First,13.2,1495.0,94.0,5.0,11.75,2.3,18,Hyundai,3282.0,1
5721,Hyundai Verna 1.6 SX CRDi (O),Pune,2012,89000,Diesel,Manual,First,22.32,1582.0,126.32,5.0,11.75,6.0,14,Hyundai,5933.0,1
5722,Maruti Swift ZDi,Ahmedabad,2013,58653,Diesel,Manual,First,25.2,1248.0,74.0,5.0,11.75,4.4,13,Maruti,4190.0,1
5723,Mercedes-Benz B Class B180,Delhi,2013,30000,Petrol,Automatic,Second,14.8,1595.0,120.7,5.0,11.75,11.0,13,Mercedes-Benz,2143.0,0
5724,Chevrolet Cruze LTZ,Coimbatore,2014,64042,Diesel,Manual,First,17.3,1998.0,163.7,5.0,11.75,5.7,12,Chevrolet,4926.0,1
5725,Skoda Laura Ambiente 2.0 TDI CR AT,Chennai,2013,120000,Diesel,Automatic,First,20.0,1968.0,138.1,5.0,11.75,6.95,13,Skoda,8571.0,1
5726,Mahindra Scorpio VLX 2WD BSIV,Hyderabad,2014,90000,Diesel,Manual,First,12.05,2179.0,120.0,8.0,11.75,7.9,12,Mahindra,6923.0,1
5727,BMW X1 xDrive 20d xLine,Kochi,2018,30733,Diesel,Automatic,First,20.68,1995.0,190.0,5.0,29.3,29.3,8,BMW,3415.0,1
5728,Mercedes-Benz E-Class 2009-2013 E350 Petrol,Kolkata,2009,43600,Petrol,Automatic,First,10.93,3498.0,272.0,5.0,11.75,10.24,17,Mercedes-Benz,2422.0,1
5729,Skoda Superb Elegance 1.8 TSI AT,Pune,2010,71473,Petrol,Automatic,Second,13.7,1798.0,157.75,5.0,11.75,5.35,16,Skoda,4204.0,0
5730,Honda Brio VX AT,Mumbai,2014,39000,Petrol,Automatic,Second,16.5,1198.0,86.8,5.0,11.75,3.49,12,Honda,3000.0,0
5731,Hyundai i10 Magna 1.2,Hyderabad,2009,84045,Petrol,Manual,First,20.36,1197.0,78.9,5.0,11.75,2.85,17,Hyundai,4669.0,1
5732,Honda City i VTEC SV,Mumbai,2014,57004,Petrol,Manual,First,17.4,1497.0,117.3,5.0,11.75,5.35,12,Honda,4385.0,1
5733,Ford Figo Petrol ZXI,Coimbatore,2012,75464,Petrol,Manual,First,15.6,1196.0,70.0,5.0,11.75,3.62,14,Ford,5031.0,1
5734,Toyota Innova 2.5 G4 Diesel 7-seater,Hyderabad,2006,142000,Diesel,Manual,First,12.8,2494.0,102.0,7.0,11.75,6.25,20,Toyota,6762.0,1
5735,Mahindra Verito 1.5 D6 BSIV,Kochi,2012,118683,Diesel,Manual,Second,21.0,1461.0,64.1,5.0,11.75,3.19,14,Mahindra,7912.0,0
5736,Mahindra KUV 100 G80 K8 Dual Tone,Delhi,2018,42000,Petrol,Manual,First,18.15,1198.0,82.0,6.0,7.96,5.5,8,Mahindra,4667.0,1
5737,Hyundai i20 Sportz Option 1.2,Kochi,2019,12800,Petrol,Manual,First,18.6,1197.0,81.83,5.0,11.75,7.67,7,Hyundai,1600.0,1
5738,Tata New Safari EX 4x2,Jaipur,2011,80000,Petrol,Manual,First,12.0,2092.0,127.0,7.0,11.75,5.5,15,Tata,5000.0,1
5739,Maruti Swift Dzire VDi,Hyderabad,2014,76126,Diesel,Manual,First,19.3,1248.0,73.9,5.0,11.75,6.6,12,Maruti,5856.0,1
5740,BMW X5 xDrive 30d M Sport,Chennai,2017,21000,Diesel,Automatic,Second,15.97,2993.0,258.0,5.0,55.0,55.0,9,BMW,2100.0,0
5741,Audi A6 2011-2015 2.0 TDI Premium Plus,Pune,2013,85000,Diesel,Automatic,First,17.68,1968.0,174.33,5.0,21.0,21.0,13,Audi,6071.0,1
5742,Maruti Baleno Delta 1.2,Jaipur,2017,27000,Petrol,Manual,First,21.4,1197.0,83.1,5.0,11.75,4.5,9,Maruti,2700.0,1
5743,Hyundai Santa Fe 4WD AT,Coimbatore,2016,45794,Diesel,Automatic,First,13.01,2199.0,194.3,7.0,20.67,20.67,10,Hyundai,4163.0,1
5744,Chevrolet Cruze LTZ AT,Hyderabad,2013,57352,Diesel,Automatic,First,14.39,1998.0,163.7,5.0,11.75,6.5,13,Chevrolet,4097.0,1
5745,Mercedes-Benz E-Class 2015-2017 E250 Edition E,Coimbatore,2018,41467,Diesel,Automatic,First,15.0,2143.0,204.0,5.0,37.98,37.98,8,Mercedes-Benz,4607.0,1
5746,Hyundai Santro Xing GLS,Mumbai,2009,42000,Petrol,Manual,First,17.92,1086.0,62.1,5.0,11.75,1.45,17,Hyundai,2333.0,1
5748,Maruti Ciaz VDi Plus SHVS,Hyderabad,2015,67048,Diesel,Manual,First,28.09,1248.0,88.5,5.0,11.75,7.9,11,Maruti,5587.0,1
5749,Honda City i-VTEC V,Kochi,2018,11732,Petrol,Manual,First,17.4,1497.0,117.3,5.0,11.88,10.07,8,Honda,1304.0,1
5750,Nissan Terrano XL Plus ICC WT20 SE,Mumbai,2016,37000,Diesel,Manual,First,20.45,1461.0,83.8,5.0,11.75,6.5,10,Nissan,3364.0,1
5751,BMW 3 Series 320d Prestige,Hyderabad,2015,30000,Diesel,Automatic,First,18.88,1995.0,184.0,5.0,22.0,22.0,11,BMW,2500.0,1
5752,Honda City i DTEC V,Hyderabad,2016,53000,Diesel,Manual,First,26.0,1498.0,98.6,5.0,11.75,9.75,10,Honda,4818.0,1
5753,Nissan Terrano XL Plus 85 PS,Jaipur,2014,60000,Diesel,Manual,First,20.45,1461.0,83.8,5.0,11.75,6.0,12,Nissan,4615.0,1
5754,Hyundai Grand i10 CRDi Sportz,Delhi,2014,65000,Diesel,Manual,First,24.0,1120.0,70.0,5.0,11.75,3.99,12,Hyundai,5000.0,1
5756,Toyota Fortuner 4x2 AT,Delhi,2015,92000,Diesel,Automatic,First,12.55,2982.0,168.5,7.0,19.75,19.75,11,Toyota,7667.0,1
5757,Toyota Innova Crysta 2.4 VX MT,Kolkata,2017,31000,Diesel,Manual,First,13.68,2393.0,147.8,7.0,21.36,16.95,9,Toyota,3100.0,1
5758,Maruti Baleno Zeta 1.2,Chennai,2017,43917,Petrol,Manual,First,21.4,1197.0,83.1,5.0,11.75,6.8,9,Maruti,4392.0,1
5760,Hyundai i10 Sportz 1.1L,Pune,2013,84000,Petrol,Manual,First,19.81,1086.0,68.05,5.0,11.75,2.95,13,Hyundai,6000.0,1
5761,Audi Q7 3.0 TDI Quattro Premium Plus,Coimbatore,2015,55662,Diesel,Automatic,First,12.07,2967.0,241.4,7.0,42.83,42.83,11,Audi,4638.0,1
5762,Volvo S60 D4 Momentum,Hyderabad,2014,51000,Diesel,Automatic,First,27.03,1969.0,190.0,5.0,45.67,21.5,12,Volvo,3923.0,1
5763,Honda City i VTEC V,Jaipur,2015,24398,Petrol,Manual,First,17.8,1497.0,117.3,5.0,11.75,7.9,11,Honda,2033.0,1
5764,Maruti Alto K10 2010-2014 VXI,Hyderabad,2011,78000,Petrol,Manual,Second,20.92,998.0,67.1,5.0,11.75,2.3,15,Maruti,4875.0,0
5765,Honda Brio 1.2 S Option MT,Delhi,2012,40315,Petrol,Manual,First,18.5,1198.0,86.8,5.0,5.92,2.75,14,Honda,2688.0,1
5766,Mahindra Scorpio VLX 2WD AIRBAG BSIV,Jaipur,2011,83000,Diesel,Manual,First,12.05,2179.0,120.0,8.0,11.75,6.71,15,Mahindra,5188.0,1
5767,Renault Duster 110PS Diesel RxL AMT,Kochi,2017,58151,Diesel,Automatic,First,19.6,1461.0,108.45,5.0,11.75,9.6,9,Renault,5815.0,1
5768,Hyundai Creta 1.6 CRDi SX,Kochi,2017,30519,Diesel,Manual,First,19.67,1582.0,126.2,5.0,12.81,12.81,9,Hyundai,3052.0,1
5769,Tata Tiago 1.2 Revotron XZ,Coimbatore,2019,20712,Petrol,Manual,First,23.84,1199.0,84.0,5.0,6.94,6.94,7,Tata,2589.0,1
5770,Mahindra XUV500 W6 2WD,Mumbai,2015,48000,Diesel,Manual,First,16.0,2179.0,140.0,7.0,11.75,9.45,11,Mahindra,4000.0,1
5771,Volkswagen Vento 1.5 TDI Highline,Hyderabad,2015,85000,Diesel,Manual,First,20.34,1498.0,103.2,5.0,14.2,6.0,11,Volkswagen,7083.0,1
5772,Mercedes-Benz B Class B180,Delhi,2013,32000,Petrol,Automatic,First,14.8,1595.0,120.7,5.0,11.75,11.0,13,Mercedes-Benz,2286.0,1
5773,Maruti SX4 Vxi BSIV,Delhi,2011,52000,Petrol,Manual,First,15.5,1586.0,103.3,5.0,11.75,2.6,15,Maruti,3250.0,1
5774,Hyundai Getz GLE,Hyderabad,2007,58307,Petrol,Manual,First,15.3,1341.0,83.0,5.0,11.75,1.95,19,Hyundai,2915.0,1
5775,BMW 6 Series Gran Coupe,Mumbai,2013,30000,Diesel,Automatic,First,17.54,2993.0,313.0,4.0,45.0,45.0,13,BMW,2143.0,1
5776,Audi A4 2.0 TDI 177 Bhp Premium Plus,Chennai,2014,40000,Diesel,Automatic,First,17.11,1968.0,174.33,5.0,22.0,22.0,12,Audi,3077.0,1
5777,Hyundai i20 Asta Option 1.2,Kolkata,2015,36000,Petrol,Manual,First,18.6,1197.0,81.83,5.0,11.75,4.9,11,Hyundai,3000.0,1
5778,Nissan Terrano XL D Option,Kochi,2015,58817,Diesel,Manual,First,19.87,1461.0,83.14,5.0,15.06,6.25,11,Nissan,4901.0,1
5779,Volkswagen Vento Konekt Diesel Highline,Chennai,2013,55000,Diesel,Manual,Second,20.54,1598.0,103.6,5.0,11.75,6.1,13,Volkswagen,3929.0,0
5780,Hyundai i10 Sportz,Mumbai,2011,39000,Petrol,Manual,First,20.36,1197.0,78.9,5.0,11.75,2.6,15,Hyundai,2438.0,1
5781,Lamborghini Gallardo Coupe,Delhi,2011,6500,Petrol,Automatic,Third,6.4,5204.0,560.0,2.0,120.0,120.0,15,Lamborghini,406.0,0
5782,Jaguar XF 3.0 Litre S Premium Luxury,Hyderabad,2012,35000,Diesel,Automatic,First,14.74,2993.0,270.9,5.0,29.0,29.0,14,Jaguar,2333.0,1
5783,Maruti Swift Dzire VXi,Pune,2010,49900,Petrol,Manual,Second,17.5,1298.0,85.8,5.0,11.75,3.3,16,Maruti,2935.0,0
5784,Tata Indica Vista Quadrajet VX,Hyderabad,2013,99500,Diesel,Manual,Second,22.3,1248.0,74.0,5.0,11.75,3.05,13,Tata,7107.0,0
5785,Hyundai i20 Asta 1.4 CRDi,Kolkata,2012,33249,Diesel,Manual,First,21.27,1396.0,88.76,5.0,11.75,3.25,14,Hyundai,2217.0,1
5786,Hyundai Xcent 1.2 Kappa S Option,Delhi,2014,52000,Petrol,Manual,First,19.1,1197.0,81.86,5.0,11.75,3.75,12,Hyundai,4000.0,1
5787,Toyota Innova 2.5 VX (Diesel) 7 Seater,Mumbai,2015,45000,Diesel,Manual,First,12.99,2494.0,100.6,7.0,13.25,13.25,11,Toyota,3750.0,1
5788,Tata Tiago 1.2 Revotron XZ,Hyderabad,2017,22000,Petrol,Manual,First,23.84,1199.0,84.0,5.0,6.42,4.8,9,Tata,2200.0,1
5789,Renault KWID RXL,Kochi,2019,7858,Petrol,Manual,First,25.17,799.0,53.3,5.0,4.04,3.8,7,Renault,982.0,1
5790,Toyota Innova 2.5 V Diesel 7-seater,Pune,2011,112000,Diesel,Manual,First,12.8,2494.0,102.0,7.0,11.75,8.5,15,Toyota,7000.0,1
5791,Mercedes-Benz E-Class 2015-2017 E250 CDI Avantgarde,Coimbatore,2016,41082,Diesel,Automatic,First,13.0,2143.0,204.0,5.0,38.76,38.76,10,Mercedes-Benz,3735.0,1
5792,Honda City 1.5 S AT,Ahmedabad,2009,72000,Petrol,Automatic,First,16.8,1497.0,116.4,5.0,11.75,3.2,17,Honda,4000.0,1
5793,Hyundai i10 Sportz 1.2,Hyderabad,2011,84912,Petrol,Manual,First,20.36,1197.0,78.9,5.0,11.75,3.5,15,Hyundai,5307.0,1
5794,Hyundai Creta 1.6 CRDi SX Option,Pune,2015,70000,Diesel,Manual,First,19.67,1582.0,126.2,5.0,12.25,12.25,11,Hyundai,5833.0,1
5795,Honda Amaze VX Petrol,Mumbai,2014,21000,Petrol,Manual,First,19.5,1199.0,86.76,5.0,8.99,4.75,12,Honda,1615.0,1
5796,Volkswagen Polo 1.2 MPI Trendline,Delhi,2016,27000,Petrol,Manual,First,18.78,999.0,74.0,5.0,11.75,4.5,10,Volkswagen,2455.0,1
5797,Hyundai i10 Magna 1.2,Kolkata,2012,29000,Petrol,Manual,First,20.36,1197.0,78.9,5.0,11.75,2.35,14,Hyundai,1933.0,1
5798,Renault Pulse RxL,Hyderabad,2014,48425,Diesel,Manual,First,23.08,1461.0,63.12,5.0,11.75,3.4,12,Renault,3725.0,1
5799,Volkswagen Vento 1.5 TDI Highline AT,Pune,2016,19000,Diesel,Automatic,First,21.5,1498.0,108.5,5.0,15.68,10.0,10,Volkswagen,1727.0,1
5800,Toyota Innova 2.5 VX (Diesel) 7 Seater BS IV,Hyderabad,2012,210000,Diesel,Manual,First,12.99,2494.0,100.0,7.0,11.75,9.0,14,Toyota,14000.0,1
5801,Toyota Corolla Altis G,Delhi,2013,64000,Petrol,Manual,Second,14.53,1798.0,138.1,5.0,11.75,5.2,13,Toyota,4571.0,0
5802,Hyundai Verna CRDi,Chennai,2006,200000,Diesel,Manual,Second,16.8,1493.0,110.0,5.0,11.75,1.85,20,Hyundai,9524.0,0
5803,Mercedes-Benz GL-Class 350 CDI Blue Efficiency,Chennai,2013,100000,Diesel,Automatic,Second,11.3,2987.0,254.8,7.0,38.0,38.0,13,Mercedes-Benz,7143.0,0
5804,Renault Duster 85PS Diesel RxL Optional,Kochi,2013,69140,Diesel,Manual,First,20.46,1461.0,83.8,5.0,11.75,5.11,13,Renault,4939.0,1
5805,Skoda Rapid 1.6 MPI Ambition,Coimbatore,2019,21214,Petrol,Manual,First,15.41,1598.0,103.52,5.0,12.44,9.66,7,Skoda,2652.0,1
5806,Hyundai i10 Sportz 1.2,Kolkata,2015,28000,Petrol,Manual,First,20.36,1197.0,78.9,5.0,11.75,3.4,11,Hyundai,2333.0,1
5807,Mahindra KUV 100 mFALCON G80 K8,Kochi,2017,29085,Petrol,Manual,First,18.15,1198.0,82.0,6.0,11.75,5.84,9,Mahindra,2908.0,1
5808,Maruti Celerio VXI AMT,Kolkata,2016,30000,Petrol,Automatic,First,23.1,998.0,67.04,5.0,5.77,3.8,10,Maruti,2727.0,1
5809,Maruti A-Star AT VXI,Mumbai,2012,32910,Petrol,Automatic,First,16.98,998.0,66.1,5.0,11.75,2.5,14,Maruti,2194.0,1
5810,Honda City i DTEC VX,Kolkata,2015,30000,Diesel,Manual,First,25.1,1498.0,98.6,5.0,11.75,6.95,11,Honda,2500.0,1
5811,Skoda Superb 1.8 TSI,Pune,2010,35102,Petrol,Automatic,First,12.6,1798.0,161.6,5.0,11.75,5.5,16,Skoda,2065.0,1
5812,Hyundai Grand i10 Sportz,Coimbatore,2017,22831,Petrol,Manual,First,18.9,1197.0,82.0,5.0,11.75,6.19,9,Hyundai,2283.0,1
5813,Renault Duster 85PS Diesel RxL,Hyderabad,2013,74911,Diesel,Manual,First,20.45,1461.0,83.8,5.0,11.75,6.0,13,Renault,5351.0,1
5814,Hyundai Grand i10 Magna,Pune,2015,21000,Petrol,Manual,First,18.9,1197.0,82.0,5.0,11.75,3.75,11,Hyundai,1750.0,1
5815,Ford EcoSport 1.5 TDCi Titanium,Kochi,2018,37160,Diesel,Manual,First,22.77,1498.0,98.59,5.0,11.75,9.46,8,Ford,4129.0,1
5816,Nissan Sunny 2011-2014 XL,Jaipur,2011,41000,Petrol,Manual,Second,16.95,1498.0,97.7,5.0,11.75,3.0,15,Nissan,2562.0,0
5817,Ford Figo Aspire 1.5 TDCi Titanium,Chennai,2016,37294,Diesel,Manual,First,25.83,1498.0,99.0,5.0,11.75,5.75,10,Ford,3390.0,1
5818,Honda Civic 2006-2010 1.8 V MT,Coimbatore,2009,56927,Petrol,Manual,First,13.5,1799.0,130.0,5.0,11.75,4.41,17,Honda,3163.0,1
5819,Renault KWID RXT Optional,Kochi,2017,21954,Petrol,Manual,First,25.17,799.0,53.3,5.0,4.78,3.7,9,Renault,2195.0,1
5820,Honda Brio EX MT,Kolkata,2014,50000,Petrol,Manual,Second,19.4,1198.0,86.8,5.0,11.75,2.5,12,Honda,3846.0,0
5821,Maruti Swift ZXI ABS,Coimbatore,2012,78212,Petrol,Manual,First,16.1,1298.0,88.2,5.0,11.75,5.35,14,Maruti,5214.0,1
5822,Hyundai i20 Magna Optional 1.4 CRDi,Delhi,2013,64500,Diesel,Manual,First,21.9,1396.0,88.8,5.0,11.75,3.65,13,Hyundai,4607.0,1
5823,Skoda Superb Elegance 2.0 TDI CR AT,Delhi,2014,51000,Diesel,Automatic,First,17.2,1968.0,138.03,5.0,13.0,13.0,12,Skoda,3923.0,1
5824,Maruti Wagon R LXI BSII,Delhi,2012,52000,Petrol,Manual,First,18.9,998.0,67.1,5.0,11.75,2.45,14,Maruti,3467.0,1
5825,Volkswagen Vento 1.5 TDI Highline AT,Mumbai,2015,120000,Diesel,Automatic,First,21.21,1498.0,103.2,5.0,15.86,5.75,11,Volkswagen,10000.0,1
5826,Honda City i DTEC S,Coimbatore,2017,65792,Diesel,Manual,First,26.0,1498.0,98.6,5.0,11.75,8.11,9,Honda,6579.0,1
5827,Hyundai i20 1.4 Sportz,Ahmedabad,2018,30000,Diesel,Manual,First,22.54,1396.0,88.73,5.0,11.75,7.75,8,Hyundai,3333.0,1
5828,Nissan Micra XV CVT,Coimbatore,2017,54387,Petrol,Automatic,First,19.15,1198.0,75.94,5.0,9.51,5.85,9,Nissan,5439.0,1
5829,Renault KWID RXT Optional,Mumbai,2018,1617,Petrol,Manual,First,25.17,799.0,53.3,5.0,4.78,4.29,8,Renault,180.0,1
5830,Honda City i-DTEC SV,Hyderabad,2015,82000,Diesel,Manual,First,25.6,1498.0,98.6,5.0,13.33,8.0,11,Honda,6833.0,1
5831,Toyota Innova Crysta 2.4 G MT 8S,Mumbai,2017,20000,Diesel,Manual,First,13.68,2393.0,147.8,8.0,16.5,16.5,9,Toyota,2000.0,1
5832,Maruti Baleno Alpha 1.3,Jaipur,2015,98000,Diesel,Manual,First,27.39,1248.0,74.0,5.0,11.75,5.5,11,Maruti,8167.0,1
5833,Ford EcoSport 1.5 TDCi Trend,Delhi,2015,57000,Diesel,Manual,First,22.77,1498.0,98.59,5.0,11.75,6.35,11,Ford,4750.0,1
5834,Toyota Innova 2.5 G (Diesel) 8 Seater,Jaipur,2013,250000,Diesel,Manual,Second,12.99,2494.0,100.6,8.0,11.75,7.9,13,Toyota,17857.0,0
5835,Ford Ecosport 1.5 DV5 MT Ambiente,Hyderabad,2014,56549,Diesel,Manual,First,22.7,1498.0,89.84,5.0,11.75,7.2,12,Ford,4350.0,1
5836,Volkswagen Polo Diesel Comfortline 1.2L,Bangalore,2012,78500,Diesel,Manual,First,22.07,1199.0,73.9,5.0,11.75,3.65,14,Volkswagen,5233.0,1
5837,Hyundai i20 Sportz 1.4 CRDi,Kochi,2016,55036,Diesel,Manual,First,22.54,1396.0,88.73,5.0,11.75,6.35,10,Hyundai,5003.0,1
5838,Renault Duster 85PS Diesel RxL Explore,Pune,2016,55000,Diesel,Manual,First,19.87,1461.0,83.8,5.0,11.75,7.8,10,Renault,5000.0,1
5839,Ford Ikon 1.3 Flair,Chennai,2007,90000,Petrol,Manual,Second,13.8,1299.0,70.0,5.0,11.75,1.4,19,Ford,4500.0,0
5840,Ford Endeavour XLT TDCi 4X2,Chennai,2007,155000,Diesel,Manual,First,13.1,2499.0,141.0,7.0,11.75,5.5,19,Ford,7750.0,1
5841,Maruti Baleno Delta 1.3,Hyderabad,2018,17810,Diesel,Manual,First,27.39,1248.0,74.0,5.0,11.75,8.5,8,Maruti,1979.0,1
5842,Mercedes-Benz New C-Class C 220 CDI Elegance AT,Kochi,2011,42408,Diesel,Automatic,First,14.84,2143.0,170.0,5.0,11.75,10.48,15,Mercedes-Benz,2650.0,1
5843,Maruti Esteem Vxi - BSIII,Ahmedabad,2005,81000,Petrol,Manual,Second,15.9,1298.0,85.0,5.0,11.75,0.75,21,Maruti,3682.0,0
5844,Tata Indigo XL Grand Petrol,Pune,2008,52000,Petrol,Manual,Second,12.85,1396.0,99.6,5.0,11.75,1.3,18,Tata,2737.0,0
5845,BMW 5 Series 525d Sedan,Mumbai,2013,35000,Diesel,Automatic,First,16.73,2993.0,218.0,5.0,21.0,21.0,13,BMW,2500.0,1
5846,Hyundai Santro Xing GL Plus,Delhi,2013,60000,Petrol,Manual,First,17.92,1086.0,62.1,5.0,11.75,2.3,13,Hyundai,4286.0,1
5847,Skoda Octavia 2.0 TDI AT Style Plus,Mumbai,2015,27000,Diesel,Automatic,First,19.5,1968.0,141.0,5.0,14.95,14.95,11,Skoda,2250.0,1
5848,Audi A6 2011-2015 35 TDI Technology,Coimbatore,2017,55975,Diesel,Automatic,Second,17.68,1968.0,174.33,5.0,35.92,35.92,9,Audi,5598.0,0
5849,Ford Figo 1.5D Trend MT,Pune,2016,115000,Diesel,Manual,First,25.83,1498.0,99.0,5.0,11.75,4.5,10,Ford,10455.0,1
5850,Mahindra Xylo D4 BS III,Hyderabad,2016,132000,Diesel,Manual,First,14.95,2489.0,93.7,7.0,11.75,5.5,10,Mahindra,12000.0,1
5851,Maruti Celerio ZXI AT,Mumbai,2015,40337,Petrol,Automatic,First,23.1,998.0,67.04,5.0,11.75,4.45,11,Maruti,3361.0,1
5852,Toyota Innova 2.5 G4 Diesel 8-seater,Chennai,2008,192000,Diesel,Manual,First,12.8,2494.0,102.0,8.0,11.75,6.85,18,Toyota,10105.0,1
5853,Hyundai Grand i10 CRDi Asta,Bangalore,2016,50000,Diesel,Manual,First,24.0,1120.0,70.0,5.0,11.75,5.5,10,Hyundai,4545.0,1
5854,Hyundai Grand i10 1.2 Kappa Sportz,Kochi,2016,28147,Petrol,Manual,First,18.9,1197.0,81.86,5.0,6.62,5.07,10,Hyundai,2559.0,1
5855,Hyundai Grand i10 Sportz,Mumbai,2015,20000,Petrol,Manual,First,18.9,1197.0,82.0,5.0,11.75,3.85,11,Hyundai,1667.0,1
5856,Hyundai Elite i20 Petrol Asta,Chennai,2016,11000,Petrol,Manual,First,18.6,1197.0,81.86,5.0,11.75,7.95,10,Hyundai,1000.0,1
5857,Maruti Zen Estilo LXI BSIII,Jaipur,2009,63000,Petrol,Manual,Second,18.2,998.0,67.1,5.0,11.75,1.25,17,Maruti,3500.0,0
5858,Maruti Alto K10 2010-2014 VXI,Kochi,2014,36967,Petrol,Manual,First,20.92,998.0,67.1,5.0,11.75,3.64,12,Maruti,2844.0,1
5859,Toyota Fortuner 4x2 Manual,Jaipur,2016,73053,Diesel,Manual,First,13.0,2982.0,168.5,7.0,20.0,20.0,10,Toyota,6641.0,1
5860,Mahindra Thar CRDe AC,Coimbatore,2019,16392,Diesel,Manual,First,16.55,2498.0,105.0,6.0,11.75,10.36,7,Mahindra,2049.0,1
5862,Toyota Etios G,Jaipur,2013,67000,Petrol,Manual,Second,16.78,1496.0,88.73,5.0,11.75,4.05,13,Toyota,4786.0,0
5863,Mercedes-Benz GL-Class 2007 2012 350 CDI Luxury,Mumbai,2015,48600,Diesel,Automatic,First,12.0,2987.0,224.0,7.0,48.5,48.5,11,Mercedes-Benz,4050.0,1
5864,Renault Duster 110PS Diesel RxZ,Bangalore,2014,70000,Diesel,Manual,First,19.6,1461.0,108.45,5.0,15.01,8.25,12,Renault,5385.0,1
5865,Maruti Swift VDI,Pune,2014,84000,Diesel,Manual,First,22.9,1248.0,74.0,5.0,7.92,5.25,12,Maruti,6462.0,1
5866,Volkswagen Vento Magnific 1.6 Comfortline,Mumbai,2013,49106,Petrol,Manual,First,15.04,1598.0,103.2,5.0,11.75,4.4,13,Volkswagen,3508.0,1
5867,Skoda Superb L&K 2.0 TDI AT,Mumbai,2017,35000,Diesel,Automatic,First,18.19,1968.0,174.5,5.0,40.73,25.75,9,Skoda,3500.0,1
5868,BMW 3 Series 330d Convertible,Kochi,2014,51240,Diesel,Automatic,First,8.2,2993.0,245.0,4.0,29.52,29.52,12,BMW,3942.0,1
5869,Maruti Wagon R VXI BS IV,Kolkata,2011,37000,Petrol,Manual,Second,18.9,998.0,67.1,5.0,11.75,2.1,15,Maruti,2312.0,0
5870,Renault KWID RXT,Kochi,2017,32587,Petrol,Manual,First,25.17,799.0,53.3,5.0,11.75,3.71,9,Renault,3259.0,1
5871,Ford Endeavour 4x2 XLT Limited Edition,Pune,2009,180000,Diesel,Manual,First,10.9,2499.0,143.0,7.0,11.75,7.5,17,Ford,10000.0,1
5872,Maruti Vitara Brezza ZDi Plus Dual Tone,Kochi,2017,21248,Diesel,Manual,First,24.3,1248.0,88.5,5.0,11.75,9.44,9,Maruti,2125.0,1
5874,Mercedes-Benz E-Class 200 Kompressor Elegance,Delhi,2014,40000,Petrol,Automatic,First,10.5,1796.0,157.7,5.0,24.0,24.0,12,Mercedes-Benz,3077.0,1
5875,Mercedes-Benz C-Class Progressive C 220d,Ahmedabad,2019,4000,Diesel,Automatic,First,0.0,1950.0,194.0,5.0,49.14,35.0,7,Mercedes-Benz,500.0,1
5877,Audi A4 2.0 TDI Celebration Edition,Delhi,2011,57000,Diesel,Automatic,Second,16.55,1968.0,147.51,5.0,11.75,9.75,15,Audi,3562.0,0
5878,Hyundai Grand i10 Asta,Kolkata,2014,37000,Petrol,Manual,First,18.9,1197.0,82.0,5.0,11.75,3.45,12,Hyundai,2846.0,1
5879,Mitsubishi Pajero Sport 4X4,Jaipur,2014,70000,Diesel,Manual,Second,13.5,2477.0,175.56,7.0,33.21,11.85,12,Mitsubishi,5385.0,0
5880,Mercedes-Benz New C-Class C 250 CDI Avantgarde,Coimbatore,2012,92469,Diesel,Automatic,Second,19.71,2143.0,201.15,5.0,16.14,16.14,14,Mercedes-Benz,6165.0,0
5882,Maruti Alto K10 VXI AGS,Ahmedabad,2017,20000,Petrol,Automatic,First,24.07,998.0,67.1,5.0,11.75,4.0,9,Maruti,2000.0,1
5883,Hyundai i20 Sportz 1.2,Delhi,2015,42000,Petrol,Manual,Second,18.6,1197.0,81.83,5.0,11.75,5.8,11,Hyundai,3500.0,0
5884,Maruti Swift Dzire VDI,Kolkata,2014,28000,Diesel,Manual,First,23.4,1248.0,74.0,5.0,11.75,4.65,12,Maruti,2154.0,1
5885,Mercedes-Benz R-Class R350 4Matic Long,Pune,2010,93000,Petrol,Automatic,Second,11.8,3498.0,272.0,7.0,15.0,15.0,16,Mercedes-Benz,5471.0,0
5886,Ford EcoSport 1.5 Ti VCT AT Titanium,Mumbai,2015,23000,Petrol,Automatic,First,15.63,1499.0,110.4,5.0,11.75,6.8,11,Ford,1917.0,1
5887,Honda City i DTEC VX Option,Bangalore,2016,36000,Diesel,Manual,First,25.1,1498.0,98.6,5.0,11.75,10.25,10,Honda,3273.0,1
5888,Maruti Alto K10 2010-2014 VXI,Chennai,2014,52000,Petrol,Manual,First,20.92,998.0,67.1,5.0,11.75,2.7,12,Maruti,4000.0,1
5889,Maruti Ertiga ZDI,Hyderabad,2015,59245,Diesel,Manual,First,20.77,1248.0,88.8,7.0,12.34,8.5,11,Maruti,4937.0,1
5890,Hyundai i20 Diesel Asta Option,Pune,2018,31000,Diesel,Manual,First,22.54,1396.0,88.73,5.0,11.75,7.75,8,Hyundai,3444.0,1
5891,Tata Indigo CS eGLX BS IV,Pune,2015,83000,Petrol,Manual,First,15.64,1193.0,64.08,5.0,11.75,2.7,11,Tata,6917.0,1
5892,Maruti Alto Std,Hyderabad,2004,81500,Petrol,Manual,Second,19.7,796.0,46.3,5.0,11.75,1.3,22,Maruti,3543.0,0
5894,Hyundai Creta 1.6 SX,Hyderabad,2018,9900,Petrol,Manual,First,15.8,1591.0,121.3,5.0,14.72,13.2,8,Hyundai,1100.0,1
5895,Maruti Wagon R LX,Pune,2004,94000,Petrol,Manual,Second,18.9,998.0,67.1,5.0,11.75,1.0,22,Maruti,4087.0,0
5896,Toyota Etios V,Kochi,2017,27100,Petrol,Manual,First,16.78,1496.0,88.73,5.0,11.75,6.37,9,Toyota,2710.0,1
5897,Toyota Etios V,Kolkata,2015,12000,Petrol,Manual,First,16.78,1496.0,88.73,5.0,11.75,4.5,11,Toyota,1000.0,1
5898,Renault Duster 110PS Diesel RXZ Optional with Nav,Mumbai,2013,29000,Diesel,Manual,First,19.01,1461.0,108.45,5.0,11.75,6.5,13,Renault,2071.0,1
5899,Maruti Swift Dzire Vdi BSIV,Mumbai,2013,65000,Diesel,Manual,Second,19.3,1248.0,73.9,5.0,11.75,4.99,13,Maruti,4643.0,0
5900,Mercedes-Benz GLC 220,Coimbatore,2017,50794,Diesel,Automatic,First,17.9,2143.0,170.0,5.0,43.3,43.3,9,Mercedes-Benz,5079.0,1
5901,Ford Ecosport 1.5 DV5 MT Titanium Optional,Mumbai,2014,59000,Diesel,Manual,First,22.7,1498.0,89.84,5.0,11.75,6.5,12,Ford,4538.0,1
5903,Maruti Ciaz 1.4 AT Alpha,Hyderabad,2017,15234,Petrol,Automatic,First,19.12,1373.0,91.1,5.0,11.75,9.95,9,Maruti,1523.0,1
5904,Ford Ecosport 1.5 DV5 MT Titanium,Mumbai,2015,44000,Diesel,Manual,First,22.7,1498.0,89.84,5.0,11.75,7.35,11,Ford,3667.0,1
5905,Tata Zest Quadrajet 1.3 75PS XE,Hyderabad,2016,125000,Diesel,Manual,First,22.95,1248.0,74.0,5.0,8.09,4.6,10,Tata,11364.0,1
5906,Ford Endeavour 3.0L 4X4 AT,Chennai,2011,100000,Diesel,Automatic,First,11.4,2953.0,153.86,7.0,11.75,8.5,15,Ford,6250.0,1
5907,Renault Duster 110PS Diesel RxZ AMT,Coimbatore,2017,34686,Diesel,Automatic,First,19.6,1461.0,108.45,5.0,15.05,11.86,9,Renault,3469.0,1
5908,Nissan X-Trail SLX MT,Pune,2011,98000,Diesel,Manual,First,14.42,1995.0,147.6,5.0,11.75,8.0,15,Nissan,6125.0,1
5909,Toyota Fortuner 4x4 AT,Delhi,2015,90000,Diesel,Automatic,First,12.55,2982.0,168.5,7.0,21.5,21.5,11,Toyota,7500.0,1
5910,Chevrolet Aveo U-VA 1.2 LS,Pune,2007,81000,Petrol,Manual,First,15.26,1150.0,74.9,5.0,11.75,1.3,19,Chevrolet,4050.0,1
5911,Skoda Rapid 1.6 TDI Ambition,Chennai,2012,55000,Diesel,Manual,First,20.5,1598.0,103.5,5.0,11.75,5.9,14,Skoda,3667.0,1
5912,Mahindra XUV500 W8 4WD,Bangalore,2013,52910,Diesel,Manual,Second,15.1,2179.0,140.0,7.0,11.75,9.5,13,Mahindra,3779.0,0
5913,Maruti Swift Dzire ZDi,Chennai,2010,100000,Diesel,Manual,First,19.3,1248.0,73.9,5.0,11.75,4.5,16,Maruti,5882.0,1
5914,Skoda Octavia Elegance 1.9 TDI,Hyderabad,2003,132000,Diesel,Manual,First,18.7,1896.0,66.0,5.0,11.75,2.25,23,Skoda,5500.0,1
5915,Chevrolet Enjoy Petrol LS 7 Seater,Mumbai,2014,18000,Petrol,Manual,First,13.7,1399.0,98.82,7.0,11.75,3.35,12,Chevrolet,1385.0,1
5916,Hyundai Accent GLE,Kolkata,2005,50000,Petrol,Manual,First,13.2,1495.0,94.0,5.0,11.75,0.7,21,Hyundai,2273.0,1
5917,Mercedes-Benz New C-Class C 200 CGI,Bangalore,2012,33000,Petrol,Automatic,First,14.74,1991.0,184.0,5.0,16.0,16.0,14,Mercedes-Benz,2200.0,1
5918,Renault Duster 85PS Diesel RxE,Pune,2014,30000,Diesel,Manual,First,20.45,1461.0,83.8,5.0,11.27,8.0,12,Renault,2308.0,1
5919,Jaguar F Type 5.0 V8 S,Hyderabad,2015,8000,Petrol,Automatic,First,12.5,5000.0,488.1,2.0,100.0,100.0,11,Jaguar,667.0,1
5920,Hyundai Verna 1.6 SX,Kochi,2012,58646,Diesel,Manual,First,22.32,1582.0,126.32,5.0,11.75,4.74,14,Hyundai,3910.0,1
5921,Mercedes-Benz E-Class 2015-2017 E250 CDI Avantgarde,Mumbai,2016,21000,Diesel,Automatic,First,13.0,2143.0,204.0,5.0,36.0,36.0,10,Mercedes-Benz,1909.0,1
5922,Volkswagen Vento Petrol Highline,Kochi,2015,57026,Petrol,Manual,First,15.04,1598.0,103.6,5.0,11.75,5.54,11,Volkswagen,4752.0,1
5923,Skoda Superb Style 2.0 TDI AT,Mumbai,2017,42000,Diesel,Automatic,First,18.19,1968.0,174.5,5.0,36.94,22.99,9,Skoda,4200.0,1
5924,Mahindra Scorpio 1.99 S4 Plus,Kochi,2017,26741,Diesel,Manual,First,15.4,1997.0,120.0,7.0,11.75,10.08,9,Mahindra,2674.0,1
5926,Maruti 800 DX BSII,Pune,2000,78000,Petrol,Manual,First,16.1,796.0,37.0,4.0,11.75,0.55,26,Maruti,2889.0,1
5927,Audi Q5 3.0 TDI Quattro Technology,Coimbatore,2018,29091,Diesel,Automatic,First,13.22,2967.0,241.4,5.0,45.52,45.52,8,Audi,3232.0,1
5928,Mahindra NuvoSport N6,Coimbatore,2018,37323,Diesel,Manual,Second,17.45,1493.0,100.0,7.0,10.52,7.29,8,Mahindra,4147.0,0
5929,Volkswagen Vento Diesel Highline,Chennai,2011,55595,Diesel,Manual,Second,20.54,1598.0,103.6,5.0,11.75,4.3,15,Volkswagen,3475.0,0
5930,Maruti Swift Dzire VXI Optional,Chennai,2015,49900,Petrol,Manual,First,20.85,1197.0,83.14,5.0,11.75,4.8,11,Maruti,4158.0,1
5931,Maruti Ertiga VXI,Mumbai,2012,52500,Petrol,Manual,Second,16.02,1373.0,93.7,7.0,11.75,5.25,14,Maruti,3500.0,0
5932,Maruti Alto 800 2016-2019 LXI,Chennai,2016,5700,Petrol,Manual,First,24.7,796.0,47.3,5.0,11.75,2.8,10,Maruti,518.0,1
5933,Hyundai i20 Magna 1.4 CRDi (Diesel),Kochi,2014,53340,Diesel,Manual,First,21.9,1396.0,88.76,5.0,11.75,4.35,12,Hyundai,4103.0,1
5934,Ford Ecosport 1.5 DV5 MT Titanium,Kolkata,2014,57000,Diesel,Manual,First,22.7,1498.0,89.84,5.0,11.75,5.49,12,Ford,4385.0,1
5936,Volkswagen Vento 1.5 TDI Highline,Bangalore,2014,58000,Diesel,Manual,First,20.34,1498.0,103.2,5.0,14.2,6.5,12,Volkswagen,4462.0,1
5937,Mahindra Scorpio VLX 2WD Airbag BSIII,Bangalore,2011,73000,Diesel,Manual,First,12.05,2179.0,120.0,8.0,11.75,6.4,15,Mahindra,4562.0,1
5938,Ford Figo Aspire 1.5 TDCi Titanium Plus,Kochi,2016,33554,Diesel,Manual,First,25.83,1498.0,99.0,5.0,11.75,6.22,10,Ford,3050.0,1
5939,Toyota Innova 2.5 G (Diesel) 8 Seater,Mumbai,2012,106000,Diesel,Manual,First,12.99,2494.0,100.0,8.0,11.75,8.4,14,Toyota,7067.0,1
5940,Maruti Dzire LDI,Pune,2018,27000,Diesel,Manual,First,28.4,1248.0,73.75,5.0,7.91,5.9,8,Maruti,3000.0,1
5941,Renault KWID RXL,Pune,2018,1000,Petrol,Manual,First,25.17,799.0,53.3,5.0,4.45,3.4,8,Renault,111.0,1
5942,Ford Endeavour 2.5L 4X2 MT,Jaipur,2011,119000,Diesel,Manual,Third,13.1,2499.0,141.0,7.0,11.75,6.5,15,Ford,7438.0,0
5944,Ford EcoSport 1.0 Ecoboost Titanium Plus,Delhi,2015,64000,Petrol,Manual,First,18.88,999.0,123.24,5.0,11.75,6.0,11,Ford,5333.0,1
5945,Hyundai Creta 1.6 CRDi SX,Hyderabad,2016,63738,Diesel,Manual,First,19.67,1582.0,126.2,5.0,11.9,11.9,10,Hyundai,5794.0,1
5946,BMW 5 Series 2013-2017 530d M Sport,Bangalore,2016,16000,Diesel,Automatic,First,14.69,2993.0,258.0,5.0,48.0,48.0,10,BMW,1455.0,1
5947,Maruti Ertiga VXI AT Petrol,Mumbai,2017,28000,Petrol,Automatic,First,18.69,1462.0,103.0,7.0,10.65,8.0,9,Maruti,2800.0,1
5948,Skoda Laura L and K AT,Hyderabad,2007,91000,Diesel,Automatic,Second,15.6,1896.0,106.0,5.0,11.75,2.45,19,Skoda,4550.0,0
5949,Chevrolet Beat LS,Kolkata,2013,25000,Petrol,Manual,First,18.6,1199.0,79.4,5.0,11.75,1.75,13,Chevrolet,1786.0,1
5950,Audi Q3 2.0 TDI,Bangalore,2014,65630,Diesel,Automatic,First,15.73,1968.0,174.33,5.0,21.75,21.75,12,Audi,5048.0,1
5951,Honda City 1.5 V MT,Pune,2014,48094,Petrol,Manual,First,17.0,1497.0,118.0,5.0,11.75,7.25,12,Honda,3700.0,1
5952,Maruti Swift Lxi BSIII,Pune,2009,90456,Petrol,Manual,Second,16.1,1298.0,88.2,5.0,11.75,3.0,17,Maruti,5025.0,0
5953,Ford Figo Diesel EXI,Jaipur,2012,140000,Diesel,Manual,First,20.0,1399.0,68.0,5.0,11.75,2.51,14,Ford,9333.0,1
5954,Toyota Fortuner 4x4 AT,Chennai,2015,95000,Diesel,Automatic,First,12.55,2982.0,168.5,7.0,19.6,19.6,11,Toyota,7917.0,1
5955,Mercedes-Benz New C-Class 200 CDI Classic,Pune,2013,79000,Diesel,Manual,Second,15.8,2148.0,170.0,5.0,15.5,15.5,13,Mercedes-Benz,5643.0,0
5956,Toyota Innova 2.5 GX (Diesel) 7 Seater,Chennai,2012,96000,Diesel,Manual,First,12.99,2494.0,100.0,7.0,11.75,11.5,14,Toyota,6400.0,1
5957,Honda City 1.5 EXI,Coimbatore,2004,186679,Petrol,Manual,Second,13.0,1493.0,100.0,5.0,11.75,1.76,22,Honda,8116.0,0
5958,Honda Amaze S i-Dtech,Jaipur,2015,91000,Diesel,Manual,First,25.8,1498.0,98.6,5.0,11.75,4.68,11,Honda,7583.0,1
5959,Toyota Corolla Altis 1.8 G CVT,Delhi,2010,109703,Petrol,Automatic,Second,14.28,1798.0,138.03,5.0,20.46,4.0,16,Toyota,6453.0,0
5960,Tata Indica Vista Quadrajet VX,Hyderabad,2012,110000,Diesel,Manual,First,22.3,1248.0,74.0,5.0,11.75,2.8,14,Tata,7333.0,1
5961,Mahindra XUV500 W8 2WD,Mumbai,2012,35000,Diesel,Manual,First,16.0,2179.0,140.0,7.0,11.75,8.25,14,Mahindra,2333.0,1
5962,Maruti Ritz VDi,Kolkata,2010,47722,Diesel,Manual,First,21.1,1248.0,73.9,5.0,11.75,1.7,16,Maruti,2807.0,1
5963,Mercedes-Benz New C-Class C 200 AVANTGARDE,Mumbai,2013,25000,Petrol,Automatic,First,14.74,1991.0,181.04,5.0,14.85,14.85,13,Mercedes-Benz,1786.0,1
5964,Hyundai Verna VTVT 1.6 AT SX Option,Mumbai,2018,8000,Petrol,Automatic,First,17.0,1591.0,121.3,5.0,15.14,12.85,8,Hyundai,889.0,1
5965,Mercedes-Benz New C-Class C 250 CDI Elegance,Hyderabad,2012,65000,Diesel,Automatic,First,14.94,2143.0,204.0,5.0,16.0,16.0,14,Mercedes-Benz,4333.0,1
5966,Maruti Wagon R VXI BS IV,Hyderabad,2018,1048,Petrol,Manual,First,18.9,998.0,67.1,5.0,11.75,4.7,8,Maruti,116.0,1
5967,Maruti Ertiga VXI,Bangalore,2014,42000,Petrol,Manual,Second,16.02,1373.0,93.7,7.0,11.75,5.94,12,Maruti,3231.0,0
5968,Skoda Rapid Ultima 1.6 TDI Elegance,Hyderabad,2013,55000,Diesel,Manual,First,20.5,1598.0,103.5,5.0,11.75,8.0,13,Skoda,3929.0,1
5969,Toyota Innova 2.5 V Diesel 8-seater,Delhi,2010,72000,Diesel,Manual,First,12.8,2494.0,102.0,8.0,11.75,5.45,16,Toyota,4235.0,1
5970,Mercedes-Benz GLA Class 200 Sport,Kochi,2018,17773,Petrol,Automatic,First,13.7,1991.0,183.0,5.0,39.22,26.76,8,Mercedes-Benz,1975.0,1
5971,Volkswagen Polo 1.5 TDI Highline,Hyderabad,2013,65000,Diesel,Manual,Second,20.14,1498.0,88.0,5.0,10.15,3.5,13,Volkswagen,4643.0,0
5972,Hyundai Santro Xing GL,Mumbai,2008,65000,Petrol,Manual,Second,0.0,1086.0,62.0,5.0,11.75,1.39,18,Hyundai,3421.0,0
5973,Hyundai Verna 1.6 CRDi EX MT,Kolkata,2013,53280,Diesel,Manual,First,22.32,1582.0,126.3,5.0,11.75,4.7,13,Hyundai,3806.0,1
5974,Volkswagen Ameo 1.2 MPI Highline,Ahmedabad,2016,34005,Petrol,Manual,First,17.0,1198.0,73.75,5.0,8.09,5.75,10,Volkswagen,3091.0,1
5975,Hyundai i20 Asta Option 1.2,Coimbatore,2017,14618,Petrol,Manual,First,18.6,1197.0,81.83,5.0,11.75,8.11,9,Hyundai,1462.0,1
5976,Maruti Wagon R LX BSIII,Delhi,2006,65771,Petrol,Manual,Second,17.3,1061.0,64.0,5.0,11.75,0.75,20,Maruti,3132.0,0
5977,Tata Indica LEI,Pune,2006,78000,Petrol,Manual,Second,13.5,1405.0,60.0,5.0,11.75,1.0,20,Tata,3714.0,0
5978,Mahindra Xylo D4,Hyderabad,2016,105545,Diesel,Manual,First,14.0,2498.0,112.0,7.0,11.68,5.3,10,Mahindra,9595.0,1
5979,ISUZU D-MAX V-Cross 4X4,Jaipur,2017,25000,Diesel,Manual,First,12.4,2499.0,134.0,5.0,11.75,8.0,9,ISUZU,2500.0,1
5980,Hyundai i20 2015-2017 Magna,Pune,2010,80561,Petrol,Manual,First,18.5,1197.0,80.0,5.0,11.75,2.74,16,Hyundai,4739.0,1
5981,Maruti Baleno Alpha,Mumbai,2017,6000,Petrol,Manual,First,21.4,1197.0,83.1,5.0,8.78,7.5,9,Maruti,600.0,1
5982,Tata Hexa XTA,Jaipur,2016,39000,Diesel,Automatic,First,17.6,2179.0,153.86,7.0,21.0,13.5,10,Tata,3545.0,1
5983,Volkswagen Polo Petrol Comfortline 1.2L,Kolkata,2011,55001,Petrol,Manual,First,16.47,1198.0,73.9,5.0,11.75,2.2,15,Volkswagen,3438.0,1
5984,Mercedes-Benz New C-Class C 200 CGI Elegance,Mumbai,2012,63720,Petrol,Automatic,First,11.74,1796.0,186.0,5.0,13.25,13.25,14,Mercedes-Benz,4248.0,1
5986,Hyundai Getz GLS,Jaipur,2005,100000,Petrol,Manual,Second,15.3,1341.0,83.0,5.0,11.75,0.85,21,Hyundai,4545.0,0
5987,Tata Tiago 1.2 Revotron XT,Kochi,2017,15386,Petrol,Manual,First,23.84,1199.0,84.0,5.0,5.56,5.11,9,Tata,1539.0,1
5988,Renault Duster 85PS Diesel RxL Option,Mumbai,2013,102486,Diesel,Manual,First,19.87,1461.0,83.8,5.0,11.75,4.25,13,Renault,7320.0,1
5989,Audi A4 35 TDI Premium Plus,Coimbatore,2013,58629,Diesel,Automatic,Second,18.25,1968.0,187.74,5.0,53.14,16.52,13,Audi,4188.0,0
5990,Tata New Safari DICOR 2.2 VX 4x2,Pune,2008,86000,Diesel,Manual,Third,13.93,2179.0,138.0,7.0,11.75,0.6,18,Tata,4526.0,0
5991,Maruti Swift VDI,Hyderabad,2012,68238,Diesel,Manual,First,22.9,1248.0,74.0,5.0,7.92,4.8,14,Maruti,4549.0,1
5992,Skoda Superb Elegance 1.8 TSI AT,Mumbai,2011,42036,Petrol,Automatic,First,13.7,1798.0,157.75,5.0,11.75,6.25,15,Skoda,2627.0,1
5993,Hyundai Elantra SX,Mumbai,2014,55619,Petrol,Manual,First,16.3,1797.0,147.5,5.0,11.75,8.3,12,Hyundai,4278.0,1
5994,Honda City 1.5 E MT,Pune,2009,60000,Petrol,Manual,Third,17.0,1497.0,118.0,5.0,11.75,3.25,17,Honda,3333.0,0
5995,Renault Duster 85PS Diesel RxL Explore,Pune,2015,30000,Diesel,Manual,First,19.87,1461.0,83.8,5.0,11.75,7.75,11,Renault,2500.0,1
5996,Jaguar XF 2.2 Litre Luxury,Kochi,2016,31150,Diesel,Automatic,First,16.36,2179.0,187.7,5.0,30.54,30.54,10,Jaguar,2832.0,1
5998,Volkswagen Polo IPL II 1.2 Petrol Highline,Pune,2010,70290,Petrol,Manual,Second,17.24,1198.0,73.9,5.0,11.75,2.96,16,Volkswagen,4135.0,0
5999,Tata Bolt Revotron XT,Chennai,2016,10000,Petrol,Manual,First,17.57,1193.0,88.7,5.0,7.77,4.0,10,Tata,909.0,1
6000,Hyundai i20 Sportz 1.2,Bangalore,2014,68010,Petrol,Manual,Second,18.5,1197.0,82.85,5.0,11.75,5.25,12,Hyundai,5232.0,0
6001,Audi A6 2011-2015 2.0 TDI,Kochi,2013,91903,Diesel,Automatic,First,17.68,1968.0,174.33,5.0,17.56,17.56,13,Audi,6564.0,1
6002,Volkswagen Vento 1.6 Highline,Mumbai,2011,38000,Petrol,Manual,First,16.09,1598.0,103.5,5.0,11.91,3.25,15,Volkswagen,2375.0,1
6003,Maruti Celerio VXI,Bangalore,2015,67600,Petrol,Manual,First,23.1,998.0,67.04,5.0,11.75,4.0,11,Maruti,5633.0,1
6004,Hyundai Getz GLE,Coimbatore,2007,66800,Petrol,Manual,First,15.3,1341.0,83.0,5.0,11.75,2.2,19,Hyundai,3340.0,1
6005,Maruti Vitara Brezza VDi,Pune,2016,37208,Diesel,Manual,First,24.3,1248.0,88.5,5.0,9.93,7.43,10,Maruti,3383.0,1
6006,Mercedes-Benz M-Class ML 320 CDI,Mumbai,2009,102002,Diesel,Automatic,First,8.7,2987.0,224.34,5.0,11.75,10.75,17,Mercedes-Benz,5667.0,1
6007,Maruti Swift Dzire Vdi BSIV,Delhi,2011,68000,Diesel,Manual,First,19.3,1248.0,73.9,5.0,11.75,2.75,15,Maruti,4250.0,1
6008,Porsche Panamera Diesel,Hyderabad,2013,40000,Diesel,Automatic,Second,17.85,2967.0,300.0,4.0,45.0,45.0,13,Porsche,2857.0,0
6009,Toyota Camry Hybrid,Mumbai,2015,33500,Petrol,Automatic,First,19.16,2494.0,158.2,5.0,19.75,19.75,11,Toyota,2792.0,1
6010,Honda Brio 1.2 VX MT,Delhi,2013,33746,Petrol,Manual,First,18.5,1198.0,86.8,5.0,6.63,3.2,13,Honda,2410.0,1
6011,Skoda Superb 3.6 V6 FSI,Hyderabad,2009,53000,Petrol,Automatic,First,0.0,3597.0,262.6,5.0,11.75,4.75,17,Skoda,2944.0,1
6012,Toyota Innova 2.5 V Diesel 7-seater,Coimbatore,2011,45004,Diesel,Manual,First,12.8,2494.0,102.0,7.0,11.75,9.48,15,Toyota,2813.0,1
6013,Honda Amaze VX i-DTEC,Coimbatore,2015,70602,Diesel,Manual,First,25.8,1498.0,98.6,5.0,11.75,4.83,11,Honda,5884.0,1
6014,Maruti Swift VDI,Delhi,2014,27365,Diesel,Manual,First,28.4,1248.0,74.0,5.0,7.88,4.75,12,Maruti,2105.0,1
6015,Hyundai Xcent 1.1 CRDi S,Jaipur,2015,100000,Diesel,Manual,First,24.4,1120.0,71.0,5.0,11.75,4.0,11,Hyundai,8333.0,1
6016,Mahindra Xylo D4 BSIV,Jaipur,2012,55000,Diesel,Manual,Second,14.0,2498.0,112.0,8.0,11.75,2.9,14,Mahindra,3667.0,0
6017,Maruti Wagon R VXI,Kolkata,2013,46000,Petrol,Manual,First,18.9,998.0,67.1,5.0,5.44,2.65,13,Maruti,3286.0,1
6018,Chevrolet Beat Diesel,Hyderabad,2011,47000,Diesel,Manual,First,25.44,936.0,57.6,5.0,11.75,2.5,15,Chevrolet,2938.0,1
